<schema id="22">
<tuple id="21" order="6">
<basic id="3">
</basic>
<set id="4" max="1">
<empty id="0">
</empty>
</set>
<basic id="5">
</basic>
<set id="14">
<tuple id="13" order="1">
<set id="12">
<tuple id="11" order="4">
<basic id="6">
</basic>
<set id="8" max="1">
<empty id="7">
</empty>
</set>
<basic id="9">
</basic>
<basic id="10">
</basic>
</tuple>
</set>
</tuple>
</set>
<disj id="17">
<empty id="15">
</empty>
<empty id="16">
</empty>
</disj>
<disj id="20">
<empty id="18">
</empty>
<empty id="19">
</empty>
</disj>
</tuple>
</schema>

