<template schema="22">
<start-string context="3">
<![CDATA[ 
<html>
<head>
<title>
RPM
]]>
</start-string>
<start-string context="4">
<![CDATA[</title>
<meta name ="GENERATOR" content ="rpm2html 1.4">
 
</head>
<body bgcolor ="#ffffff" text ="#000000">
<table border =5 cellspacing =5 cellpadding =5>
<tbody>
<tr>
<td>
<a href ="/linux/RPM/index.html">
Index
</a>
</td>
<td>
<a href ="/linux/RPM/Groups.html">
index
by
Group
</a>
</td>
<td>
<a href ="/linux/RPM/Distribs.html">
index
by
Distribution
</a>
</td>
<td>
<a href ="/linux/RPM/Vendors.html">
index
by
Vendor
</a>
</td>
<td>
<a href ="/linux/RPM/ByDate.html">
index
by
creation
date
</a>
</td>
<td>
<a href ="/linux/RPM/ByName.html">
index
by
Name
</a>
</td>
<td>
<a href ="http://rpmfind.net/linux/rpm2html/mirrors.html">
Mirrors
</a>
</td>
<td>
<a href ="http://rpmfind.net/linux/rpm2html/help.html">
Help
</a>
</td>
]]>
</start-string>
<start-string context="0">
<![CDATA[<td>
<a href ="http://rpmfind.net/linux/rpm2html/search.php">
Search
</a>
</td>
]]>
</start-string>
<start-string context="5">
<![CDATA[</tr>
</tbody>
</table>
<h1 align =center>
RPM
]]>
</start-string>
<start-string context="14">
<![CDATA[</h1>
]]>
</start-string>
<start-string context="12">
<![CDATA[<table>
<tbody>
]]>
</start-string>
<end-string context="12">
<![CDATA[</tbody>
</table>
]]>
</end-string>
<start-string context="6">
<![CDATA[<tr bgcolor ="#908c78">
<td width ="250">
<a href ="/linux/RPM/helix/distributions/Solaris/audiofile-0.1.9-0_helix_1.sparc64.html">
]]>
</start-string>
<start-string context="8">
<![CDATA[</a>
]]>
</start-string>
<start-string context="7">
<![CDATA[<img>
</img>
]]>
</start-string>
<start-string context="9">
<![CDATA[</td>
<td width ="450">
]]>
</start-string>
<start-string context="10">
<![CDATA[</td>
<td>
]]>
</start-string>
<end-string context="10">
<![CDATA[</td>
</tr>
]]>
</end-string>
<start-string context="17">
<![CDATA[<hr>
 
<p>
 
Generated
by
<a href ="http://rpmfind.net/linux/rpm2html/">
rpm2html
]]>
</start-string>
<start-string context="15">
<![CDATA[1.4
]]>
</start-string>
<start-string context="16">
<![CDATA[1.5
]]>
</start-string>
<start-string context="20">
<![CDATA[</a>
<p>
 
<a href ="mailto:veillard@w3.org">
Daniel
Veillard
</a>
,
]]>
</start-string>
<end-string context="20">
<![CDATA[2000
</body>
</html>
]]>
</end-string>
<start-string context="18">
<![CDATA[Tue
Nov
21
03:09:11
]]>
</start-string>
<start-string context="19">
<![CDATA[Mon
Jul
24
02:56:24
]]>
</start-string>
</template>

