<value instanceof="9">
<value instanceof="0">
<![CDATA[ Albania]]>
</value>
<value instanceof="1">
<![CDATA[ &nbsp;Football Association of Albania]]>
</value>
<value instanceof="2">
<![CDATA[ &nbsp;1930]]>
</value>
<value instanceof="3">
<![CDATA[ &nbsp;1954]]>
</value>
<value instanceof="4">
<![CDATA[ &nbsp;1932]]>
</value>
<value instanceof="5">
<![CDATA[ &nbsp;PAPADHOPULLI Dhimiter]]>
</value>
<value instanceof="6">
<![CDATA[ &nbsp;STAROVA Sulejman]]>
</value>
<value instanceof="7">
<![CDATA[ &nbsp;None*]]>
</value>
<value instanceof="8">
<![CDATA[ &nbsp;ZHEGA Medin]]>
</value>
</value>

