<value instanceof="9">
<value instanceof="0">
<![CDATA[ Italy]]>
</value>
<value instanceof="1">
<![CDATA[ &nbsp;Italian Football Federation]]>
</value>
<value instanceof="2">
<![CDATA[ &nbsp;1898]]>
</value>
<value instanceof="3">
<![CDATA[ &nbsp;1954]]>
</value>
<value instanceof="4">
<![CDATA[ &nbsp;1905]]>
</value>
<value instanceof="5">
<![CDATA[ &nbsp;NIZZOLA Luciano]]>
</value>
<value instanceof="6">
<![CDATA[ &nbsp;PETROSINO Guglielmo]]>
</value>
<value instanceof="7">
<![CDATA[ &nbsp;VALENTINI Antonello]]>
</value>
<value instanceof="8">
<![CDATA[ &nbsp;TRAPATTONI Giovanni]]>
</value>
</value>

