<value instanceof="9">
<value instanceof="0">
<![CDATA[ Portugal]]>
</value>
<value instanceof="1">
<![CDATA[ &nbsp;Portuguese Football Federation]]>
</value>
<value instanceof="2">
<![CDATA[ &nbsp;1914]]>
</value>
<value instanceof="3">
<![CDATA[ &nbsp;1954]]>
</value>
<value instanceof="4">
<![CDATA[ &nbsp;1923]]>
</value>
<value instanceof="5">
<![CDATA[]]>
</value>
<value instanceof="6">
<![CDATA[ &nbsp;SEQUEIRA Antonio Ferreira de]]>
</value>
<value instanceof="7">
<![CDATA[]]>
</value>
<value instanceof="8">
<![CDATA[ &nbsp;OLIVEIRA Antonio Luis]]>
</value>
</value>

