<value instanceof="9">
<value instanceof="0">
<![CDATA[ San Marino]]>
</value>
<value instanceof="1">
<![CDATA[ &nbsp;San Marino Football Federation]]>
</value>
<value instanceof="2">
<![CDATA[ &nbsp;1931]]>
</value>
<value instanceof="3">
<![CDATA[ &nbsp;1988]]>
</value>
<value instanceof="4">
<![CDATA[ &nbsp;1988]]>
</value>
<value instanceof="5">
<![CDATA[ &nbsp;CRESCENTINI Giorgio]]>
</value>
<value instanceof="6">
<![CDATA[ &nbsp;CASADEI Luciano]]>
</value>
<value instanceof="7">
<![CDATA[ &nbsp;CASADEI Luciano]]>
</value>
<value instanceof="8">
<![CDATA[ &nbsp;MAZZA Giampaolo]]>
</value>
</value>

