<value instanceof="9">
<value instanceof="0">
<![CDATA[ Spain]]>
</value>
<value instanceof="1">
<![CDATA[ &nbsp;Spanish Football Federation]]>
</value>
<value instanceof="2">
<![CDATA[ &nbsp;1913]]>
</value>
<value instanceof="3">
<![CDATA[ &nbsp;1954]]>
</value>
<value instanceof="4">
<![CDATA[ &nbsp;1904]]>
</value>
<value instanceof="5">
<![CDATA[ &nbsp;VILLAR LLONA Angel Maria]]>
</value>
<value instanceof="6">
<![CDATA[]]>
</value>
<value instanceof="7">
<![CDATA[ &nbsp;PEREZ ARIAS Jorge]]>
</value>
<value instanceof="8">
<![CDATA[]]>
</value>
</value>

