<value instanceof="9">
<value instanceof="0">
<![CDATA[ Ukraine]]>
</value>
<value instanceof="1">
<![CDATA[ &nbsp;Football Federation of Ukraine]]>
</value>
<value instanceof="2">
<![CDATA[ &nbsp;1991]]>
</value>
<value instanceof="3">
<![CDATA[ &nbsp;1992]]>
</value>
<value instanceof="4">
<![CDATA[ &nbsp;1992]]>
</value>
<value instanceof="5">
<![CDATA[ &nbsp;PUSTOVOITENKO Valeriy P.]]>
</value>
<value instanceof="6">
<![CDATA[ &nbsp;]]>
</value>
<value instanceof="7">
<![CDATA[ &nbsp;NYKONENKO Valeriy G.]]>
</value>
<value instanceof="8">
<![CDATA[ &nbsp;LOBANOVSKYI Valeriy]]>
</value>
</value>

