<value instanceof="9">
<value instanceof="0">
<![CDATA[ Russia]]>
</value>
<value instanceof="1">
<![CDATA[ &nbsp;Football Union of Russia]]>
</value>
<value instanceof="2">
<![CDATA[ &nbsp;1912]]>
</value>
<value instanceof="3">
<![CDATA[ &nbsp;1954]]>
</value>
<value instanceof="4">
<![CDATA[ &nbsp;1912]]>
</value>
<value instanceof="5">
<![CDATA[ &nbsp;KOLOSKOV Viacheslav]]>
</value>
<value instanceof="6">
<![CDATA[ &nbsp;RADIONOV Vladimir]]>
</value>
<value instanceof="7">
<![CDATA[ &nbsp;TARABRIN Andrei]]>
</value>
<value instanceof="8">
<![CDATA[ &nbsp;ROMANTSEV Oleg]]>
</value>
</value>

