<value instanceof="9">
<value instanceof="0">
<![CDATA[ Switzerland]]>
</value>
<value instanceof="1">
<![CDATA[ &nbsp;Swiss Football Association]]>
</value>
<value instanceof="2">
<![CDATA[ &nbsp;1895]]>
</value>
<value instanceof="3">
<![CDATA[ &nbsp;1954]]>
</value>
<value instanceof="4">
<![CDATA[ &nbsp;1904]]>
</value>
<value instanceof="5">
<![CDATA[ &nbsp;MATHIER Marcel]]>
</value>
<value instanceof="6">
<![CDATA[]]>
</value>
<value instanceof="7">
<![CDATA[ &nbsp;BENOIT Pierre]]>
</value>
<value instanceof="8">
<![CDATA[ &nbsp;None*]]>
</value>
</value>

