<value instanceof="9">
<value instanceof="0">
<![CDATA[ Romania]]>
</value>
<value instanceof="1">
<![CDATA[ &nbsp;Romanian Football Federation]]>
</value>
<value instanceof="2">
<![CDATA[ &nbsp;1909]]>
</value>
<value instanceof="3">
<![CDATA[ &nbsp;1954]]>
</value>
<value instanceof="4">
<![CDATA[ &nbsp;1930]]>
</value>
<value instanceof="5">
<![CDATA[ &nbsp;SANDU Mircea]]>
</value>
<value instanceof="6">
<![CDATA[ &nbsp;KASSAI Adalbert]]>
</value>
<value instanceof="7">
<![CDATA[ &nbsp;SATMARI Sorin Alexandru]]>
</value>
<value instanceof="8">
<![CDATA[]]>
</value>
</value>

