<value instanceof="9">
<value instanceof="0">
<![CDATA[ Belgium]]>
</value>
<value instanceof="1">
<![CDATA[ &nbsp;Belgian Football Association]]>
</value>
<value instanceof="2">
<![CDATA[ &nbsp;1895]]>
</value>
<value instanceof="3">
<![CDATA[ &nbsp;1954]]>
</value>
<value instanceof="4">
<![CDATA[ &nbsp;1904]]>
</value>
<value instanceof="5">
<![CDATA[ &nbsp;D'HOOGHE Michel]]>
</value>
<value instanceof="6">
<![CDATA[ &nbsp;PEETERS Jan]]>
</value>
<value instanceof="7">
<![CDATA[ &nbsp;CORNU Nicolas]]>
</value>
<value instanceof="8">
<![CDATA[ &nbsp;WASEIGE Robert]]>
</value>
</value>

