<value instanceof="9">
<value instanceof="0">
<![CDATA[ Andorra]]>
</value>
<value instanceof="1">
<![CDATA[ &nbsp;Andorran Football Federation]]>
</value>
<value instanceof="2">
<![CDATA[ &nbsp;1994]]>
</value>
<value instanceof="3">
<![CDATA[ &nbsp;1996]]>
</value>
<value instanceof="4">
<![CDATA[ &nbsp;1996]]>
</value>
<value instanceof="5">
<![CDATA[ &nbsp;VILA CIRCUNS Francesc]]>
</value>
<value instanceof="6">
<![CDATA[]]>
</value>
<value instanceof="7">
<![CDATA[]]>
</value>
<value instanceof="8">
<![CDATA[ &nbsp;RODRIGO David]]>
</value>
</value>

