<value instanceof="9">
<value instanceof="0">
<![CDATA[ Azerbaijan]]>
</value>
<value instanceof="1">
<![CDATA[ &nbsp;Assoc of Football Fed of Azerbaijan]]>
</value>
<value instanceof="2">
<![CDATA[ &nbsp;1992]]>
</value>
<value instanceof="3">
<![CDATA[ &nbsp;1994]]>
</value>
<value instanceof="4">
<![CDATA[ &nbsp;1994]]>
</value>
<value instanceof="5">
<![CDATA[ &nbsp;MUSAYEV Fuad]]>
</value>
<value instanceof="6">
<![CDATA[ &nbsp;ISMAYLOV Chingiz]]>
</value>
<value instanceof="7">
<![CDATA[ &nbsp;GULIYEV Emin]]>
</value>
<value instanceof="8">
<![CDATA[ &nbsp;None*]]>
</value>
</value>

