<value instanceof="9">
<value instanceof="0">
<![CDATA[ Bulgaria]]>
</value>
<value instanceof="1">
<![CDATA[ &nbsp;Bulgarian Football Union]]>
</value>
<value instanceof="2">
<![CDATA[ &nbsp;1923]]>
</value>
<value instanceof="3">
<![CDATA[ &nbsp;1954]]>
</value>
<value instanceof="4">
<![CDATA[ &nbsp;1924]]>
</value>
<value instanceof="5">
<![CDATA[ &nbsp;SLAVKOV Ivan]]>
</value>
<value instanceof="6">
<![CDATA[ &nbsp;VOUTZOV Ivan]]>
</value>
<value instanceof="7">
<![CDATA[ &nbsp;None*]]>
</value>
<value instanceof="8">
<![CDATA[ &nbsp;MLADENOV Stoytcho]]>
</value>
</value>

