<value instanceof="9">
<value instanceof="0">
<![CDATA[ Denmark]]>
</value>
<value instanceof="1">
<![CDATA[ &nbsp;Danish Football Association]]>
</value>
<value instanceof="2">
<![CDATA[ &nbsp;1889]]>
</value>
<value instanceof="3">
<![CDATA[ &nbsp;1954]]>
</value>
<value instanceof="4">
<![CDATA[ &nbsp;1904]]>
</value>
<value instanceof="5">
<![CDATA[ &nbsp;HYLDGAARD Poul]]>
</value>
<value instanceof="6">
<![CDATA[ &nbsp;HANSEN Jim Stjerne]]>
</value>
<value instanceof="7">
<![CDATA[ &nbsp;BERENDT Lars]]>
</value>
<value instanceof="8">
<![CDATA[ &nbsp;JOHANSSON Bo]]>
</value>
</value>

