<value instanceof="9">
<value instanceof="0">
<![CDATA[ Faroe Islands]]>
</value>
<value instanceof="1">
<![CDATA[ &nbsp;Faroe Islands Football Association]]>
</value>
<value instanceof="2">
<![CDATA[ &nbsp;1979]]>
</value>
<value instanceof="3">
<![CDATA[ &nbsp;1992]]>
</value>
<value instanceof="4">
<![CDATA[ &nbsp;1988]]>
</value>
<value instanceof="5">
<![CDATA[ &nbsp;SIGURDSSON Torleif]]>
</value>
<value instanceof="6">
<![CDATA[]]>
</value>
<value instanceof="7">
<![CDATA[]]>
</value>
<value instanceof="8">
<![CDATA[ &nbsp;SIMONSEN Allan]]>
</value>
</value>

