<value instanceof="9">
<value instanceof="0">
<![CDATA[ Germany]]>
</value>
<value instanceof="1">
<![CDATA[ &nbsp;German Football Association]]>
</value>
<value instanceof="2">
<![CDATA[ &nbsp;1900]]>
</value>
<value instanceof="3">
<![CDATA[ &nbsp;1954]]>
</value>
<value instanceof="4">
<![CDATA[ &nbsp;1904]]>
</value>
<value instanceof="5">
<![CDATA[ &nbsp;BRAUN Egidius]]>
</value>
<value instanceof="6">
<![CDATA[ &nbsp;SCHMIDT Horst R.]]>
</value>
<value instanceof="7">
<![CDATA[ &nbsp;NIERSBACH Wolfgang]]>
</value>
<value instanceof="8">
<![CDATA[ &nbsp;RIBBECK Erich]]>
</value>
</value>

