<value instanceof="9">
<value instanceof="0">
<![CDATA[ Israel]]>
</value>
<value instanceof="1">
<![CDATA[ &nbsp;Israel Football Association]]>
</value>
<value instanceof="2">
<![CDATA[ &nbsp;1928]]>
</value>
<value instanceof="3">
<![CDATA[ &nbsp;1992]]>
</value>
<value instanceof="4">
<![CDATA[ &nbsp;1929]]>
</value>
<value instanceof="5">
<![CDATA[ &nbsp;LEVI Gavriel]]>
</value>
<value instanceof="6">
<![CDATA[ &nbsp;EREL Jacob]]>
</value>
<value instanceof="7">
<![CDATA[ &nbsp;AIZENBERG Shaul]]>
</value>
<value instanceof="8">
<![CDATA[]]>
</value>
</value>

