<value instanceof="9">
<value instanceof="0">
<![CDATA[ Lithuania]]>
</value>
<value instanceof="1">
<![CDATA[ &nbsp;Lithuanian Football Federation]]>
</value>
<value instanceof="2">
<![CDATA[ &nbsp;1922]]>
</value>
<value instanceof="3">
<![CDATA[ &nbsp;1992]]>
</value>
<value instanceof="4">
<![CDATA[ &nbsp;1923]]>
</value>
<value instanceof="5">
<![CDATA[ &nbsp;ZIMNICKAS Vytautas-Vidmantas]]>
</value>
<value instanceof="6">
<![CDATA[ &nbsp;MACKEVICIUS Robertas]]>
</value>
<value instanceof="7">
<![CDATA[ &nbsp;None*]]>
</value>
<value instanceof="8">
<![CDATA[ &nbsp;LATOZA Kestutis]]>
</value>
</value>

