<value instanceof="9">
<value instanceof="0">
<![CDATA[ Netherlands]]>
</value>
<value instanceof="1">
<![CDATA[ &nbsp;Royal Netherlands Football Assoc.]]>
</value>
<value instanceof="2">
<![CDATA[ &nbsp;1889]]>
</value>
<value instanceof="3">
<![CDATA[ &nbsp;1954]]>
</value>
<value instanceof="4">
<![CDATA[ &nbsp;1904]]>
</value>
<value instanceof="5">
<![CDATA[ &nbsp;SPRENGERS Mathieu]]>
</value>
<value instanceof="6">
<![CDATA[ &nbsp;BEEN Harry M.]]>
</value>
<value instanceof="7">
<![CDATA[ &nbsp;DE LEEDE Rob]]>
</value>
<value instanceof="8">
<![CDATA[ &nbsp;VAN GAAL Louis]]>
</value>
</value>

