<value instanceof="14">
<value instanceof="3">
<value instanceof="0">
</value>
</value>
<value instanceof="4">
<![CDATA[ A]]>
</value>
<value instanceof="9">
<value instanceof="8">
</value>
</value>
<value instanceof="10">
<![CDATA[ A]]>
</value>
<value instanceof="13">
<value instanceof="12">
<value instanceof="11">
<![CDATA[ A-Ha]]>
</value>
</value>
<value instanceof="12">
<value instanceof="11">
<![CDATA[ A.D.]]>
</value>
</value>
<value instanceof="12">
<value instanceof="11">
<![CDATA[ A.F.I.]]>
</value>
</value>
<value instanceof="12">
<value instanceof="11">
<![CDATA[ A.t.s.]]>
</value>
</value>
<value instanceof="12">
<value instanceof="11">
<![CDATA[ A3]]>
</value>
</value>
<value instanceof="12">
<value instanceof="11">
<![CDATA[ ABBA (Tribute)]]>
</value>
</value>
<value instanceof="12">
<value instanceof="11">
<![CDATA[ ABC]]>
</value>
</value>
<value instanceof="12">
<value instanceof="11">
<![CDATA[ ADZ]]>
</value>
</value>
<value instanceof="12">
<value instanceof="11">
<![CDATA[ AZ (Dance & DJ)]]>
</value>
</value>
<value instanceof="12">
<value instanceof="11">
<![CDATA[ Abhinanda]]>
</value>
</value>
<value instanceof="12">
<value instanceof="11">
<![CDATA[ Abu-Jamal, Mumia]]>
</value>
</value>
<value instanceof="12">
<value instanceof="11">
<![CDATA[ Academy, Dream]]>
</value>
</value>
<value instanceof="12">
<value instanceof="11">
<![CDATA[ Accused]]>
</value>
</value>
<value instanceof="12">
<value instanceof="11">
<![CDATA[ Accustomed To Nothing]]>
</value>
</value>
<value instanceof="12">
<value instanceof="11">
<![CDATA[ Acid Horse]]>
</value>
</value>
<value instanceof="12">
<value instanceof="11">
<![CDATA[ Acid Magic]]>
</value>
</value>
<value instanceof="12">
<value instanceof="11">
<![CDATA[ Acker, Kathy]]>
</value>
</value>
<value instanceof="12">
<value instanceof="11">
<![CDATA[ Adam & The Ants]]>
</value>
</value>
<value instanceof="12">
<value instanceof="11">
<![CDATA[ Adamantium]]>
</value>
</value>
<value instanceof="12">
<value instanceof="11">
<![CDATA[ Add N To X]]>
</value>
</value>
<value instanceof="12">
<value instanceof="11">
<![CDATA[ Adderley, Cannonball]]>
</value>
</value>
<value instanceof="12">
<value instanceof="11">
<![CDATA[ The Adding Machine]]>
</value>
</value>
<value instanceof="12">
<value instanceof="11">
<![CDATA[ Adicts]]>
</value>
</value>
<value instanceof="12">
<value instanceof="11">
<![CDATA[ The Adjusters]]>
</value>
</value>
<value instanceof="12">
<value instanceof="11">
<![CDATA[ Adjusters, The]]>
</value>
</value>
<value instanceof="12">
<value instanceof="11">
<![CDATA[ Adolescents]]>
</value>
</value>
<value instanceof="12">
<value instanceof="11">
<![CDATA[ Adrenalin Kick]]>
</value>
</value>
<value instanceof="12">
<value instanceof="11">
<![CDATA[ Adventures in Stereo]]>
</value>
</value>
<value instanceof="12">
<value instanceof="11">
<![CDATA[ Adventures of Jet]]>
</value>
</value>
<value instanceof="12">
<value instanceof="11">
<![CDATA[ Adverts]]>
</value>
</value>
<value instanceof="12">
<value instanceof="11">
<![CDATA[ Aeroplanes, Blue]]>
</value>
</value>
<value instanceof="12">
<value instanceof="11">
<![CDATA[ Afghan Whigs]]>
</value>
</value>
<value instanceof="12">
<value instanceof="11">
<![CDATA[ African Head Charge]]>
</value>
</value>
<value instanceof="12">
<value instanceof="11">
<![CDATA[ Against All Authority]]>
</value>
</value>
<value instanceof="12">
<value instanceof="11">
<![CDATA[ Agent 99]]>
</value>
</value>
<value instanceof="12">
<value instanceof="11">
<![CDATA[ Agent Orange]]>
</value>
</value>
<value instanceof="12">
<value instanceof="11">
<![CDATA[ Agents]]>
</value>
</value>
<value instanceof="12">
<value instanceof="11">
<![CDATA[ Agnish, Jai]]>
</value>
</value>
<value instanceof="12">
<value instanceof="11">
<![CDATA[ Agnostic Front]]>
</value>
</value>
<value instanceof="12">
<value instanceof="11">
<![CDATA[ Agoraphobic Nosebleed]]>
</value>
</value>
<value instanceof="12">
<value instanceof="11">
<![CDATA[ Agression]]>
</value>
</value>
<value instanceof="12">
<value instanceof="11">
<![CDATA[ Air]]>
</value>
</value>
<value instanceof="12">
<value instanceof="11">
<![CDATA[ Aitken, Laurel]]>
</value>
</value>
<value instanceof="12">
<value instanceof="11">
<![CDATA[ Ak Band/Akrylyks/Ammonites]]>
</value>
</value>
<value instanceof="12">
<value instanceof="11">
<![CDATA[ Akhunaton, Cameron]]>
</value>
</value>
<value instanceof="12">
<value instanceof="11">
<![CDATA[ Alabama Thunder Pussy]]>
</value>
</value>
<value instanceof="12">
<value instanceof="11">
<![CDATA[ Alarm]]>
</value>
</value>
<value instanceof="12">
<value instanceof="11">
<![CDATA[ Albania]]>
</value>
</value>
<value instanceof="12">
<value instanceof="11">
<![CDATA[ Alchemysts]]>
</value>
</value>
<value instanceof="12">
<value instanceof="11">
<![CDATA[ Alec Empire]]>
</value>
</value>
<value instanceof="12">
<value instanceof="11">
<![CDATA[ Alessi and Modular Theatre, Ralph]]>
</value>
</value>
<value instanceof="12">
<value instanceof="11">
<![CDATA[ Alexander, Cindy]]>
</value>
</value>
<value instanceof="12">
<value instanceof="11">
<![CDATA[ Alexandra, Brandy]]>
</value>
</value>
<value instanceof="12">
<value instanceof="11">
<![CDATA[ Alexandrakis, Eric]]>
</value>
</value>
<value instanceof="12">
<value instanceof="11">
<![CDATA[ Alfonso, Jose]]>
</value>
</value>
<value instanceof="12">
<value instanceof="11">
<![CDATA[ Alice Cooper (Tribute)]]>
</value>
</value>
<value instanceof="12">
<value instanceof="11">
<![CDATA[ Alice Donut]]>
</value>
</value>
<value instanceof="12">
<value instanceof="11">
<![CDATA[ Alice In Chains]]>
</value>
</value>
<value instanceof="12">
<value instanceof="11">
<![CDATA[ Alien Faktor]]>
</value>
</value>
<value instanceof="12">
<value instanceof="11">
<![CDATA[ Alien Sex Fiend]]>
</value>
</value>
<value instanceof="12">
<value instanceof="11">
<![CDATA[ Alkaline Trio]]>
</value>
</value>
<value instanceof="12">
<value instanceof="11">
<![CDATA[ All]]>
</value>
</value>
<value instanceof="12">
<value instanceof="11">
<![CDATA[ All About Eve]]>
</value>
</value>
<value instanceof="12">
<value instanceof="11">
<![CDATA[ All Natural Lemon & Lime Flavo]]>
</value>
</value>
<value instanceof="12">
<value instanceof="11">
<![CDATA[ All Out War]]>
</value>
</value>
<value instanceof="12">
<value instanceof="11">
<![CDATA[ All Seeing I]]>
</value>
</value>
<value instanceof="12">
<value instanceof="11">
<![CDATA[ All Systems Go!]]>
</value>
</value>
<value instanceof="12">
<value instanceof="11">
<![CDATA[ Alley Cats]]>
</value>
</value>
<value instanceof="12">
<value instanceof="11">
<![CDATA[ Allin, G.G.]]>
</value>
</value>
<value instanceof="12">
<value instanceof="11">
<![CDATA[ Alloy]]>
</value>
</value>
<value instanceof="12">
<value instanceof="11">
<![CDATA[ Allstonians]]>
</value>
</value>
<value instanceof="12">
<value instanceof="11">
<![CDATA[ Almond, Marc]]>
</value>
</value>
<value instanceof="12">
<value instanceof="11">
<![CDATA[ Alphaville]]>
</value>
</value>
<value instanceof="12">
<value instanceof="11">
<![CDATA[ Alphonso, Roland]]>
</value>
</value>
<value instanceof="12">
<value instanceof="11">
<![CDATA[ Also the Trees, And]]>
</value>
</value>
<value instanceof="12">
<value instanceof="11">
<![CDATA[ Altered Images]]>
</value>
</value>
<value instanceof="12">
<value instanceof="11">
<![CDATA[ Alternative T.V]]>
</value>
</value>
<value instanceof="12">
<value instanceof="11">
<![CDATA[ Alterno-Daze (Series)]]>
</value>
</value>
<value instanceof="12">
<value instanceof="11">
<![CDATA[ Aluminum Group, The]]>
</value>
</value>
<value instanceof="12">
<value instanceof="11">
<![CDATA[ Amebix]]>
</value>
</value>
<value instanceof="12">
<value instanceof="11">
<![CDATA[ Amen (punk)]]>
</value>
</value>
<value instanceof="12">
<value instanceof="11">
<![CDATA[ American Music Club]]>
</value>
</value>
<value instanceof="12">
<value instanceof="11">
<![CDATA[ American Ska-Thic (Series)]]>
</value>
</value>
<value instanceof="12">
<value instanceof="11">
<![CDATA[ American Standard]]>
</value>
</value>
<value instanceof="12">
<value instanceof="11">
<![CDATA[ American Standard Band]]>
</value>
</value>
<value instanceof="12">
<value instanceof="11">
<![CDATA[ Amet, Tchiya]]>
</value>
</value>
<value instanceof="12">
<value instanceof="11">
<![CDATA[ Aminiature]]>
</value>
</value>
<value instanceof="12">
<value instanceof="11">
<![CDATA[ Amor Belhom Duo]]>
</value>
</value>
<value instanceof="12">
<value instanceof="11">
<![CDATA[ Amos (Interviews), Tori]]>
</value>
</value>
<value instanceof="12">
<value instanceof="11">
<![CDATA[ Amos, Tori]]>
</value>
</value>
<value instanceof="12">
<value instanceof="11">
<![CDATA[ Amps For Christ]]>
</value>
</value>
<value instanceof="12">
<value instanceof="11">
<![CDATA[ Anal Cunt]]>
</value>
</value>
<value instanceof="12">
<value instanceof="11">
<![CDATA[ Anchante, Raul]]>
</value>
</value>
<value instanceof="12">
<value instanceof="11">
<![CDATA[ And Also The Trees]]>
</value>
</value>
<value instanceof="12">
<value instanceof="11">
<![CDATA[ Anderson, Laurie]]>
</value>
</value>
<value instanceof="12">
<value instanceof="11">
<![CDATA[ Anderson, Thomas]]>
</value>
</value>
<value instanceof="12">
<value instanceof="11">
<![CDATA[ Andi Sex-Gang]]>
</value>
</value>
<value instanceof="12">
<value instanceof="11">
<![CDATA[ Andi-Sex Gang]]>
</value>
</value>
<value instanceof="12">
<value instanceof="11">
<![CDATA[ The Andrew Sherman Vehicle]]>
</value>
</value>
<value instanceof="12">
<value instanceof="11">
<![CDATA[ Angel Hair]]>
</value>
</value>
<value instanceof="12">
<value instanceof="11">
<![CDATA[ Angelfish]]>
</value>
</value>
<value instanceof="12">
<value instanceof="11">
<![CDATA[ Angelic Upstarts]]>
</value>
</value>
<value instanceof="12">
<value instanceof="11">
<![CDATA[ Angels Of Epistemology]]>
</value>
</value>
<value instanceof="12">
<value instanceof="11">
<![CDATA[ Angry Samoans]]>
</value>
</value>
<value instanceof="12">
<value instanceof="11">
<![CDATA[ Angry Simons]]>
</value>
</value>
<value instanceof="12">
<value instanceof="11">
<![CDATA[ Anibaldi, Leo]]>
</value>
</value>
<value instanceof="12">
<value instanceof="11">
<![CDATA[ Animal Chin]]>
</value>
</value>
<value instanceof="12">
<value instanceof="11">
<![CDATA[ Animal House]]>
</value>
</value>
<value instanceof="12">
<value instanceof="11">
<![CDATA[ Anjani]]>
</value>
</value>
<value instanceof="12">
<value instanceof="11">
<![CDATA[ Anomoanon]]>
</value>
</value>
<value instanceof="12">
<value instanceof="11">
<![CDATA[ Anonymous Bosch]]>
</value>
</value>
<value instanceof="12">
<value instanceof="11">
<![CDATA[ Anotha Level]]>
</value>
</value>
<value instanceof="12">
<value instanceof="11">
<![CDATA[ Another Nothing]]>
</value>
</value>
<value instanceof="12">
<value instanceof="11">
<![CDATA[ Another Victim]]>
</value>
</value>
<value instanceof="12">
<value instanceof="11">
<![CDATA[ Antenna]]>
</value>
</value>
<value instanceof="12">
<value instanceof="11">
<![CDATA[ Anthrophobia]]>
</value>
</value>
<value instanceof="12">
<value instanceof="11">
<![CDATA[ Anti Flag]]>
</value>
</value>
<value instanceof="12">
<value instanceof="11">
<![CDATA[ Anti Hereos]]>
</value>
</value>
<value instanceof="12">
<value instanceof="11">
<![CDATA[ Anti Heros]]>
</value>
</value>
<value instanceof="12">
<value instanceof="11">
<![CDATA[ Anti Nowhere League]]>
</value>
</value>
<value instanceof="12">
<value instanceof="11">
<![CDATA[ Anti-Heroes]]>
</value>
</value>
<value instanceof="12">
<value instanceof="11">
<![CDATA[ Anti-M]]>
</value>
</value>
<value instanceof="12">
<value instanceof="11">
<![CDATA[ Anti-Pasti]]>
</value>
</value>
<value instanceof="12">
<value instanceof="11">
<![CDATA[ Antidote]]>
</value>
</value>
<value instanceof="12">
<value instanceof="11">
<![CDATA[ Antischism]]>
</value>
</value>
<value instanceof="12">
<value instanceof="11">
<![CDATA[ Antony and the Johnsons]]>
</value>
</value>
<value instanceof="12">
<value instanceof="11">
<![CDATA[ Anugama]]>
</value>
</value>
<value instanceof="12">
<value instanceof="11">
<![CDATA[ Anvil]]>
</value>
</value>
<value instanceof="12">
<value instanceof="11">
<![CDATA[ Any Trouble]]>
</value>
</value>
<value instanceof="12">
<value instanceof="11">
<![CDATA[ Apart From The Projector]]>
</value>
</value>
<value instanceof="12">
<value instanceof="11">
<![CDATA[ Aphex Twin]]>
</value>
</value>
<value instanceof="12">
<value instanceof="11">
<![CDATA[ Apocalypse Hoboken]]>
</value>
</value>
<value instanceof="12">
<value instanceof="11">
<![CDATA[ Apocalypse Hoboken]]>
</value>
</value>
<value instanceof="12">
<value instanceof="11">
<![CDATA[ Apoptygma Berzerk]]>
</value>
</value>
<value instanceof="12">
<value instanceof="11">
<![CDATA[ Appendix Out]]>
</value>
</value>
<value instanceof="12">
<value instanceof="11">
<![CDATA[ Apple]]>
</value>
</value>
<value instanceof="12">
<value instanceof="11">
<![CDATA[ Apple, Fiona]]>
</value>
</value>
<value instanceof="12">
<value instanceof="11">
<![CDATA[ Apples In Stereo]]>
</value>
</value>
<value instanceof="12">
<value instanceof="11">
<![CDATA[ Appleseed Cast]]>
</value>
</value>
<value instanceof="12">
<value instanceof="11">
<![CDATA[ April March]]>
</value>
</value>
<value instanceof="12">
<value instanceof="11">
<![CDATA[ Aquabats]]>
</value>
</value>
<value instanceof="12">
<value instanceof="11">
<![CDATA[ Arab Strap]]>
</value>
</value>
<value instanceof="12">
<value instanceof="11">
<![CDATA[ Archers Of Loaf]]>
</value>
</value>
<value instanceof="12">
<value instanceof="11">
<![CDATA[ Arcwelder]]>
</value>
</value>
<value instanceof="12">
<value instanceof="11">
<![CDATA[ Arden, Jann]]>
</value>
</value>
<value instanceof="12">
<value instanceof="11">
<![CDATA[ Arena, Tina]]>
</value>
</value>
<value instanceof="12">
<value instanceof="11">
<![CDATA[ Aria]]>
</value>
</value>
<value instanceof="12">
<value instanceof="11">
<![CDATA[ Arista Heritage (Series)]]>
</value>
</value>
<value instanceof="12">
<value instanceof="11">
<![CDATA[ Arlen, Harold]]>
</value>
</value>
<value instanceof="12">
<value instanceof="11">
<![CDATA[ Armchair Martian]]>
</value>
</value>
<value instanceof="12">
<value instanceof="11">
<![CDATA[ Army Of Juan]]>
</value>
</value>
<value instanceof="12">
<value instanceof="11">
<![CDATA[ Arson]]>
</value>
</value>
<value instanceof="12">
<value instanceof="11">
<![CDATA[ Arsonists]]>
</value>
</value>
<value instanceof="12">
<value instanceof="11">
<![CDATA[ Art Of Noise]]>
</value>
</value>
<value instanceof="12">
<value instanceof="11">
<![CDATA[ Arthur (Rock)]]>
</value>
</value>
<value instanceof="12">
<value instanceof="11">
<![CDATA[ Articles]]>
</value>
</value>
<value instanceof="12">
<value instanceof="11">
<![CDATA[ Articles Of Faith]]>
</value>
</value>
<value instanceof="12">
<value instanceof="11">
<![CDATA[ Asexuals]]>
</value>
</value>
<value instanceof="12">
<value instanceof="11">
<![CDATA[ Ash]]>
</value>
</value>
<value instanceof="12">
<value instanceof="11">
<![CDATA[ Ashcan School]]>
</value>
</value>
<value instanceof="12">
<value instanceof="11">
<![CDATA[ Ashcroft, Richard]]>
</value>
</value>
<value instanceof="12">
<value instanceof="11">
<![CDATA[ Ashes]]>
</value>
</value>
<value instanceof="12">
<value instanceof="11">
<![CDATA[ Asian Dub Foundation]]>
</value>
</value>
<value instanceof="12">
<value instanceof="11">
<![CDATA[ Ass Ponys]]>
</value>
</value>
<value instanceof="12">
<value instanceof="11">
<![CDATA[ Assault, Verbal]]>
</value>
</value>
<value instanceof="12">
<value instanceof="11">
<![CDATA[ Assfort]]>
</value>
</value>
<value instanceof="12">
<value instanceof="11">
<![CDATA[ Associates]]>
</value>
</value>
<value instanceof="12">
<value instanceof="11">
<![CDATA[ Assorted Jelly Beans]]>
</value>
</value>
<value instanceof="12">
<value instanceof="11">
<![CDATA[ Asteroid B-612]]>
</value>
</value>
<value instanceof="12">
<value instanceof="11">
<![CDATA[ Aston, Jay]]>
</value>
</value>
<value instanceof="12">
<value instanceof="11">
<![CDATA[ Astrid]]>
</value>
</value>
<value instanceof="12">
<value instanceof="11">
<![CDATA[ Astronaut Wife]]>
</value>
</value>
<value instanceof="12">
<value instanceof="11">
<![CDATA[ At the Drive-In]]>
</value>
</value>
<value instanceof="12">
<value instanceof="11">
<![CDATA[ Atari Teenage Riot]]>
</value>
</value>
<value instanceof="12">
<value instanceof="11">
<![CDATA[ The Ataris]]>
</value>
</value>
<value instanceof="12">
<value instanceof="11">
<![CDATA[ Ativin]]>
</value>
</value>
<value instanceof="12">
<value instanceof="11">
<![CDATA[ Atom & His Package]]>
</value>
</value>
<value instanceof="12">
<value instanceof="11">
<![CDATA[ Atomic 61]]>
</value>
</value>
<value instanceof="12">
<value instanceof="11">
<![CDATA[ Attitude Adjustment]]>
</value>
</value>
<value instanceof="12">
<value instanceof="11">
<![CDATA[ Attraction, Fairground]]>
</value>
</value>
<value instanceof="12">
<value instanceof="11">
<![CDATA[ Attractions, The]]>
</value>
</value>
<value instanceof="12">
<value instanceof="11">
<![CDATA[ Attrition]]>
</value>
</value>
<value instanceof="12">
<value instanceof="11">
<![CDATA[ Au Pairs]]>
</value>
</value>
<value instanceof="12">
<value instanceof="11">
<![CDATA[ Auntie Christ]]>
</value>
</value>
<value instanceof="12">
<value instanceof="11">
<![CDATA[ Aura Aurora]]>
</value>
</value>
<value instanceof="12">
<value instanceof="11">
<![CDATA[ Aurora]]>
</value>
</value>
<value instanceof="12">
<value instanceof="11">
<![CDATA[ Autechre]]>
</value>
</value>
<value instanceof="12">
<value instanceof="11">
<![CDATA[ Authority]]>
</value>
</value>
<value instanceof="12">
<value instanceof="11">
<![CDATA[ Autoclave]]>
</value>
</value>
<value instanceof="12">
<value instanceof="11">
<![CDATA[ Automatic 7]]>
</value>
</value>
<value instanceof="12">
<value instanceof="11">
<![CDATA[ Autopop]]>
</value>
</value>
<value instanceof="12">
<value instanceof="11">
<![CDATA[ Autopsia]]>
</value>
</value>
<value instanceof="12">
<value instanceof="11">
<![CDATA[ Autumn]]>
</value>
</value>
<value instanceof="12">
<value instanceof="11">
<![CDATA[ The Autumn Project]]>
</value>
</value>
<value instanceof="12">
<value instanceof="11">
<![CDATA[ Avail]]>
</value>
</value>
<value instanceof="12">
<value instanceof="11">
<![CDATA[ Avail/Young Pioneers]]>
</value>
</value>
<value instanceof="12">
<value instanceof="11">
<![CDATA[ Avery, Virgil]]>
</value>
</value>
<value instanceof="12">
<value instanceof="11">
<![CDATA[ Awkward Thought]]>
</value>
</value>
<value instanceof="12">
<value instanceof="11">
<![CDATA[ Ayers, Kevin]]>
</value>
</value>
<value instanceof="12">
<value instanceof="11">
<![CDATA[ Aztec Camera]]>
</value>
</value>
</value>
</value>

