<value instanceof="14">
<value instanceof="3">
<value instanceof="0">
</value>
</value>
<value instanceof="4">
<![CDATA[ G]]>
</value>
<value instanceof="9">
<value instanceof="8">
</value>
</value>
<value instanceof="10">
<![CDATA[ G]]>
</value>
<value instanceof="13">
<value instanceof="12">
<value instanceof="11">
<![CDATA[ G, Kenny]]>
</value>
</value>
<value instanceof="12">
<value instanceof="11">
<![CDATA[ G.B.H.]]>
</value>
</value>
<value instanceof="12">
<value instanceof="11">
<![CDATA[ G.b.n.]]>
</value>
</value>
<value instanceof="12">
<value instanceof="11">
<![CDATA[ GAGE]]>
</value>
</value>
<value instanceof="12">
<value instanceof="11">
<![CDATA[ GFI]]>
</value>
</value>
<value instanceof="12">
<value instanceof="11">
<![CDATA[ Gabriel, Peter]]>
</value>
</value>
<value instanceof="12">
<value instanceof="11">
<![CDATA[ Gadjits, The]]>
</value>
</value>
<value instanceof="12">
<value instanceof="11">
<![CDATA[ Galas, Diamanda]]>
</value>
</value>
<value instanceof="12">
<value instanceof="11">
<![CDATA[ Galaxie 500]]>
</value>
</value>
<value instanceof="12">
<value instanceof="11">
<![CDATA[ The Galaxy Trio]]>
</value>
</value>
<value instanceof="12">
<value instanceof="11">
<![CDATA[ Galloping Coroners]]>
</value>
</value>
<value instanceof="12">
<value instanceof="11">
<![CDATA[ Gals Panic]]>
</value>
</value>
<value instanceof="12">
<value instanceof="11">
<![CDATA[ Gameface]]>
</value>
</value>
<value instanceof="12">
<value instanceof="11">
<![CDATA[ Gang Green]]>
</value>
</value>
<value instanceof="12">
<value instanceof="11">
<![CDATA[ Gang Green]]>
</value>
</value>
<value instanceof="12">
<value instanceof="11">
<![CDATA[ Gang Of Four]]>
</value>
</value>
<value instanceof="12">
<value instanceof="11">
<![CDATA[ Gang War]]>
</value>
</value>
<value instanceof="12">
<value instanceof="11">
<![CDATA[ Gangster Fun]]>
</value>
</value>
<value instanceof="12">
<value instanceof="11">
<![CDATA[ Gangster, Guitar]]>
</value>
</value>
<value instanceof="12">
<value instanceof="11">
<![CDATA[ Ganymede]]>
</value>
</value>
<value instanceof="12">
<value instanceof="11">
<![CDATA[ Garbage]]>
</value>
</value>
<value instanceof="12">
<value instanceof="11">
<![CDATA[ Garbo Swag]]>
</value>
</value>
<value instanceof="12">
<value instanceof="11">
<![CDATA[ Garden Variety]]>
</value>
</value>
<value instanceof="12">
<value instanceof="11">
<![CDATA[ Garrison]]>
</value>
</value>
<value instanceof="12">
<value instanceof="11">
<![CDATA[ Gary Numan]]>
</value>
</value>
<value instanceof="12">
<value instanceof="11">
<![CDATA[ Gary Numan & Tubeway Army]]>
</value>
</value>
<value instanceof="12">
<value instanceof="11">
<![CDATA[ Gary Numan (Tribute)]]>
</value>
</value>
<value instanceof="12">
<value instanceof="11">
<![CDATA[ Gas Huffer]]>
</value>
</value>
<value instanceof="12">
<value instanceof="11">
<![CDATA[ Gasoline]]>
</value>
</value>
<value instanceof="12">
<value instanceof="11">
<![CDATA[ Gastr Del Sol]]>
</value>
</value>
<value instanceof="12">
<value instanceof="11">
<![CDATA[ Gaunt]]>
</value>
</value>
<value instanceof="12">
<value instanceof="11">
<![CDATA[ Gay Dad]]>
</value>
</value>
<value instanceof="12">
<value instanceof="11">
<![CDATA[ Gaye Bykers On Acid]]>
</value>
</value>
<value instanceof="12">
<value instanceof="11">
<![CDATA[ Gaylads]]>
</value>
</value>
<value instanceof="12">
<value instanceof="11">
<![CDATA[ Gayle, Charles]]>
</value>
</value>
<value instanceof="12">
<value instanceof="11">
<![CDATA[ Gbh]]>
</value>
</value>
<value instanceof="12">
<value instanceof="11">
<![CDATA[ Geldof, Bob]]>
</value>
</value>
<value instanceof="12">
<value instanceof="11">
<![CDATA[ Gene]]>
</value>
</value>
<value instanceof="12">
<value instanceof="11">
<![CDATA[ Gene Loves Jezebel]]>
</value>
</value>
<value instanceof="12">
<value instanceof="11">
<![CDATA[ Gene, Mustain]]>
</value>
</value>
<value instanceof="12">
<value instanceof="11">
<![CDATA[ General Public]]>
</value>
</value>
<value instanceof="12">
<value instanceof="11">
<![CDATA[ Generation X]]>
</value>
</value>
<value instanceof="12">
<value instanceof="11">
<![CDATA[ Generic Blondes]]>
</value>
</value>
<value instanceof="12">
<value instanceof="11">
<![CDATA[ Generiks]]>
</value>
</value>
<value instanceof="12">
<value instanceof="11">
<![CDATA[ Genesis P-Orridge]]>
</value>
</value>
<value instanceof="12">
<value instanceof="11">
<![CDATA[ Genesis P-Orridge & Splinter T]]>
</value>
</value>
<value instanceof="12">
<value instanceof="11">
<![CDATA[ Geneva]]>
</value>
</value>
<value instanceof="12">
<value instanceof="11">
<![CDATA[ Genie & the Beast]]>
</value>
</value>
<value instanceof="12">
<value instanceof="11">
<![CDATA[ Genitorturers]]>
</value>
</value>
<value instanceof="12">
<value instanceof="11">
<![CDATA[ Geraldine Fibbers]]>
</value>
</value>
<value instanceof="12">
<value instanceof="11">
<![CDATA[ The Germs]]>
</value>
</value>
<value instanceof="12">
<value instanceof="11">
<![CDATA[ Gern Blanston]]>
</value>
</value>
<value instanceof="12">
<value instanceof="11">
<![CDATA[ Gerrard, Lisa]]>
</value>
</value>
<value instanceof="12">
<value instanceof="11">
<![CDATA[ Get It Both Ways]]>
</value>
</value>
<value instanceof="12">
<value instanceof="11">
<![CDATA[ The Get Up Kids]]>
</value>
</value>
<value instanceof="12">
<value instanceof="11">
<![CDATA[ The Ghetto Monks]]>
</value>
</value>
<value instanceof="12">
<value instanceof="11">
<![CDATA[ Ghoti Hook]]>
</value>
</value>
<value instanceof="12">
<value instanceof="11">
<![CDATA[ Gianelli, Fred]]>
</value>
</value>
<value instanceof="12">
<value instanceof="11">
<![CDATA[ Giant Sand]]>
</value>
</value>
<value instanceof="12">
<value instanceof="11">
<![CDATA[ Gift]]>
</value>
</value>
<value instanceof="12">
<value instanceof="11">
<![CDATA[ Gimmicks, The]]>
</value>
</value>
<value instanceof="12">
<value instanceof="11">
<![CDATA[ Gindick, Jon]]>
</value>
</value>
<value instanceof="12">
<value instanceof="11">
<![CDATA[ Ginger and Sarah]]>
</value>
</value>
<value instanceof="12">
<value instanceof="11">
<![CDATA[ Ginn, Greg]]>
</value>
</value>
<value instanceof="12">
<value instanceof="11">
<![CDATA[ Gira, Michael]]>
</value>
</value>
<value instanceof="12">
<value instanceof="11">
<![CDATA[ Girl Trobule]]>
</value>
</value>
<value instanceof="12">
<value instanceof="11">
<![CDATA[ Girl Trouble]]>
</value>
</value>
<value instanceof="12">
<value instanceof="11">
<![CDATA[ Girlpope]]>
</value>
</value>
<value instanceof="12">
<value instanceof="11">
<![CDATA[ Girls Against Boys]]>
</value>
</value>
<value instanceof="12">
<value instanceof="11">
<![CDATA[ Girls Under Glass]]>
</value>
</value>
<value instanceof="12">
<value instanceof="11">
<![CDATA[ Girls, Poison]]>
</value>
</value>
<value instanceof="12">
<value instanceof="11">
<![CDATA[ Gits]]>
</value>
</value>
<value instanceof="12">
<value instanceof="11">
<![CDATA[ Give 'Em The Boot (Series)]]>
</value>
</value>
<value instanceof="12">
<value instanceof="11">
<![CDATA[ Gladhands]]>
</value>
</value>
<value instanceof="12">
<value instanceof="11">
<![CDATA[ Glampire]]>
</value>
</value>
<value instanceof="12">
<value instanceof="11">
<![CDATA[ Glass, Philip]]>
</value>
</value>
<value instanceof="12">
<value instanceof="11">
<![CDATA[ Glenrustles]]>
</value>
</value>
<value instanceof="12">
<value instanceof="11">
<![CDATA[ Glitterhick]]>
</value>
</value>
<value instanceof="12">
<value instanceof="11">
<![CDATA[ Glove]]>
</value>
</value>
<value instanceof="12">
<value instanceof="11">
<![CDATA[ Glow Skulls, Voodoo]]>
</value>
</value>
<value instanceof="12">
<value instanceof="11">
<![CDATA[ Glowing Metal Godhead]]>
</value>
</value>
<value instanceof="12">
<value instanceof="11">
<![CDATA[ Gluecifer]]>
</value>
</value>
<value instanceof="12">
<value instanceof="11">
<![CDATA[ Go Go Rays]]>
</value>
</value>
<value instanceof="12">
<value instanceof="11">
<![CDATA[ Go National]]>
</value>
</value>
<value instanceof="12">
<value instanceof="11">
<![CDATA[ Go Robot Go]]>
</value>
</value>
<value instanceof="12">
<value instanceof="11">
<![CDATA[ Go, The]]>
</value>
</value>
<value instanceof="12">
<value instanceof="11">
<![CDATA[ Go-Betweens, The]]>
</value>
</value>
<value instanceof="12">
<value instanceof="11">
<![CDATA[ Go-Go's]]>
</value>
</value>
<value instanceof="12">
<value instanceof="11">
<![CDATA[ Go-Kart Mozart]]>
</value>
</value>
<value instanceof="12">
<value instanceof="11">
<![CDATA[ Gob]]>
</value>
</value>
<value instanceof="12">
<value instanceof="11">
<![CDATA[ Goblins]]>
</value>
</value>
<value instanceof="12">
<value instanceof="11">
<![CDATA[ God]]>
</value>
</value>
<value instanceof="12">
<value instanceof="11">
<![CDATA[ God Bullies]]>
</value>
</value>
<value instanceof="12">
<value instanceof="11">
<![CDATA[ God Is My Co-Pilot]]>
</value>
</value>
<value instanceof="12">
<value instanceof="11">
<![CDATA[ God Lives Underwater]]>
</value>
</value>
<value instanceof="12">
<value instanceof="11">
<![CDATA[ Godard, Vic & Subway Sect]]>
</value>
</value>
<value instanceof="12">
<value instanceof="11">
<![CDATA[ Godheadsilo]]>
</value>
</value>
<value instanceof="12">
<value instanceof="11">
<![CDATA[ Godsmack]]>
</value>
</value>
<value instanceof="12">
<value instanceof="11">
<![CDATA[ Going Nowhere]]>
</value>
</value>
<value instanceof="12">
<value instanceof="11">
<![CDATA[ The Golden Lemons]]>
</value>
</value>
<value instanceof="12">
<value instanceof="11">
<![CDATA[ Golden Palominos]]>
</value>
</value>
<value instanceof="12">
<value instanceof="11">
<![CDATA[ Golden Smog]]>
</value>
</value>
<value instanceof="12">
<value instanceof="11">
<![CDATA[ Goldenthal, Elliot]]>
</value>
</value>
<value instanceof="12">
<value instanceof="11">
<![CDATA[ Goldfinger]]>
</value>
</value>
<value instanceof="12">
<value instanceof="11">
<![CDATA[ Golightly, Holly]]>
</value>
</value>
<value instanceof="12">
<value instanceof="11">
<![CDATA[ Gomez]]>
</value>
</value>
<value instanceof="12">
<value instanceof="11">
<![CDATA[ Gomm, Ian]]>
</value>
</value>
<value instanceof="12">
<value instanceof="11">
<![CDATA[ Gone]]>
</value>
</value>
<value instanceof="12">
<value instanceof="11">
<![CDATA[ Gone With The Wind 'plus']]>
</value>
</value>
<value instanceof="12">
<value instanceof="11">
<![CDATA[ Goo Goo Dolls]]>
</value>
</value>
<value instanceof="12">
<value instanceof="11">
<![CDATA[ Goober Patrol]]>
</value>
</value>
<value instanceof="12">
<value instanceof="11">
<![CDATA[ Gooch]]>
</value>
</value>
<value instanceof="12">
<value instanceof="11">
<![CDATA[ Good Friend]]>
</value>
</value>
<value instanceof="12">
<value instanceof="11">
<![CDATA[ Good Riddance]]>
</value>
</value>
<value instanceof="12">
<value instanceof="11">
<![CDATA[ Good, Matthew]]>
</value>
</value>
<value instanceof="12">
<value instanceof="11">
<![CDATA[ Goodbye Harry]]>
</value>
</value>
<value instanceof="12">
<value instanceof="11">
<![CDATA[ Goodman, Dave]]>
</value>
</value>
<value instanceof="12">
<value instanceof="11">
<![CDATA[ Goodness]]>
</value>
</value>
<value instanceof="12">
<value instanceof="11">
<![CDATA[ Goops]]>
</value>
</value>
<value instanceof="12">
<value instanceof="11">
<![CDATA[ Gopher, Alex]]>
</value>
</value>
<value instanceof="12">
<value instanceof="11">
<![CDATA[ Gordon, Nina]]>
</value>
</value>
<value instanceof="12">
<value instanceof="11">
<![CDATA[ Gories]]>
</value>
</value>
<value instanceof="12">
<value instanceof="11">
<![CDATA[ Gorilla]]>
</value>
</value>
<value instanceof="12">
<value instanceof="11">
<![CDATA[ Gorilla Biscuits]]>
</value>
</value>
<value instanceof="12">
<value instanceof="11">
<![CDATA[ Gorky's Zygotic Mynci]]>
</value>
</value>
<value instanceof="12">
<value instanceof="11">
<![CDATA[ Gorl, Robert]]>
</value>
</value>
<value instanceof="12">
<value instanceof="11">
<![CDATA[ Gotohells]]>
</value>
</value>
<value instanceof="12">
<value instanceof="11">
<![CDATA[ Government Issue]]>
</value>
</value>
<value instanceof="12">
<value instanceof="11">
<![CDATA[ Grabbers]]>
</value>
</value>
<value instanceof="12">
<value instanceof="11">
<![CDATA[ Gracious Shades]]>
</value>
</value>
<value instanceof="12">
<value instanceof="11">
<![CDATA[ Grade]]>
</value>
</value>
<value instanceof="12">
<value instanceof="11">
<![CDATA[ Graham Parker]]>
</value>
</value>
<value instanceof="12">
<value instanceof="11">
<![CDATA[ Graham Parker (Tribute)]]>
</value>
</value>
<value instanceof="12">
<value instanceof="11">
<![CDATA[ Grandaddy]]>
</value>
</value>
<value instanceof="12">
<value instanceof="11">
<![CDATA[ Grant, Eddy]]>
</value>
</value>
<value instanceof="12">
<value instanceof="11">
<![CDATA[ Grant, Todd]]>
</value>
</value>
<value instanceof="12">
<value instanceof="11">
<![CDATA[ Grapes]]>
</value>
</value>
<value instanceof="12">
<value instanceof="11">
<![CDATA[ Grave]]>
</value>
</value>
<value instanceof="12">
<value instanceof="11">
<![CDATA[ Grave Goods]]>
</value>
</value>
<value instanceof="12">
<value instanceof="11">
<![CDATA[ Gravel]]>
</value>
</value>
<value instanceof="12">
<value instanceof="11">
<![CDATA[ Gravelpit]]>
</value>
</value>
<value instanceof="12">
<value instanceof="11">
<![CDATA[ Gravitar]]>
</value>
</value>
<value instanceof="12">
<value instanceof="11">
<![CDATA[ Gravity Kills]]>
</value>
</value>
<value instanceof="12">
<value instanceof="11">
<![CDATA[ Gray Matter]]>
</value>
</value>
<value instanceof="12">
<value instanceof="11">
<![CDATA[ Gray, David]]>
</value>
</value>
<value instanceof="12">
<value instanceof="11">
<![CDATA[ Gray, Owen]]>
</value>
</value>
<value instanceof="12">
<value instanceof="11">
<![CDATA[ Great Crusades, The]]>
</value>
</value>
<value instanceof="12">
<value instanceof="11">
<![CDATA[ Great Unraveling]]>
</value>
</value>
<value instanceof="12">
<value instanceof="11">
<![CDATA[ Greaves, John]]>
</value>
</value>
<value instanceof="12">
<value instanceof="11">
<![CDATA[ Green Machine]]>
</value>
</value>
<value instanceof="12">
<value instanceof="11">
<![CDATA[ Green River]]>
</value>
</value>
<value instanceof="12">
<value instanceof="11">
<![CDATA[ Green, Isaac & Skalars]]>
</value>
</value>
<value instanceof="12">
<value instanceof="11">
<![CDATA[ Green, Violent]]>
</value>
</value>
<value instanceof="12">
<value instanceof="11">
<![CDATA[ Greenhouse]]>
</value>
</value>
<value instanceof="12">
<value instanceof="11">
<![CDATA[ Greinke, Jeff]]>
</value>
</value>
<value instanceof="12">
<value instanceof="11">
<![CDATA[ Grenadine]]>
</value>
</value>
<value instanceof="12">
<value instanceof="11">
<![CDATA[ Greyarea]]>
</value>
</value>
<value instanceof="12">
<value instanceof="11">
<![CDATA[ Gridlock]]>
</value>
</value>
<value instanceof="12">
<value instanceof="11">
<![CDATA[ Grifters]]>
</value>
</value>
<value instanceof="12">
<value instanceof="11">
<![CDATA[ Grimmett, Geoffrey]]>
</value>
</value>
<value instanceof="12">
<value instanceof="11">
<![CDATA[ Grind]]>
</value>
</value>
<value instanceof="12">
<value instanceof="11">
<![CDATA[ Gringo]]>
</value>
</value>
<value instanceof="12">
<value instanceof="11">
<![CDATA[ Gristle, Throbbing]]>
</value>
</value>
<value instanceof="12">
<value instanceof="11">
<![CDATA[ Groovie Ghoulies]]>
</value>
</value>
<value instanceof="12">
<value instanceof="11">
<![CDATA[ Grotus]]>
</value>
</value>
<value instanceof="12">
<value instanceof="11">
<![CDATA[ Grown-Ups]]>
</value>
</value>
<value instanceof="12">
<value instanceof="11">
<![CDATA[ Gruntruck]]>
</value>
</value>
<value instanceof="12">
<value instanceof="11">
<![CDATA[ Guano Apes]]>
</value>
</value>
<value instanceof="12">
<value instanceof="11">
<![CDATA[ Guilt]]>
</value>
</value>
<value instanceof="12">
<value instanceof="11">
<![CDATA[ Guitar Wolf]]>
</value>
</value>
<value instanceof="12">
<value instanceof="11">
<![CDATA[ Gun Club]]>
</value>
</value>
<value instanceof="12">
<value instanceof="11">
<![CDATA[ Guns N' Wankers]]>
</value>
</value>
<value instanceof="12">
<value instanceof="11">
<![CDATA[ Gus]]>
</value>
</value>
<value instanceof="12">
<value instanceof="11">
<![CDATA[ Gus Gus]]>
</value>
</value>
<value instanceof="12">
<value instanceof="11">
<![CDATA[ Guster]]>
</value>
</value>
<value instanceof="12">
<value instanceof="11">
<![CDATA[ Guttermouth]]>
</value>
</value>
</value>
</value>

