<value instanceof="14">
<value instanceof="3">
<value instanceof="0">
</value>
</value>
<value instanceof="4">
<![CDATA[ I]]>
</value>
<value instanceof="9">
<value instanceof="8">
</value>
</value>
<value instanceof="10">
<![CDATA[ I]]>
</value>
<value instanceof="13">
<value instanceof="12">
<value instanceof="11">
<![CDATA[ I Against I]]>
</value>
</value>
<value instanceof="12">
<value instanceof="11">
<![CDATA[ I-5 Killers Series]]>
</value>
</value>
<value instanceof="12">
<value instanceof="11">
<![CDATA[ INXS]]>
</value>
</value>
<value instanceof="12">
<value instanceof="11">
<![CDATA[ IQU]]>
</value>
</value>
<value instanceof="12">
<value instanceof="11">
<![CDATA[ IZZ]]>
</value>
</value>
<value instanceof="12">
<value instanceof="11">
<![CDATA[ Ibiza 1999]]>
</value>
</value>
<value instanceof="12">
<value instanceof="11">
<![CDATA[ Iceburn]]>
</value>
</value>
<value instanceof="12">
<value instanceof="11">
<![CDATA[ Iceburn Collective]]>
</value>
</value>
<value instanceof="12">
<value instanceof="11">
<![CDATA[ Iceburn/Engine Kid]]>
</value>
</value>
<value instanceof="12">
<value instanceof="11">
<![CDATA[ Icehouse]]>
</value>
</value>
<value instanceof="12">
<value instanceof="11">
<![CDATA[ Ich, Das]]>
</value>
</value>
<value instanceof="12">
<value instanceof="11">
<![CDATA[ Icicle Works]]>
</value>
</value>
<value instanceof="12">
<value instanceof="11">
<![CDATA[ Idle Jets]]>
</value>
</value>
<value instanceof="12">
<value instanceof="11">
<![CDATA[ Idlewild]]>
</value>
</value>
<value instanceof="12">
<value instanceof="11">
<![CDATA[ Idol, Billy]]>
</value>
</value>
<value instanceof="12">
<value instanceof="11">
<![CDATA[ Iggy & The Stooges]]>
</value>
</value>
<value instanceof="12">
<value instanceof="11">
<![CDATA[ Ignite]]>
</value>
</value>
<value instanceof="12">
<value instanceof="11">
<![CDATA[ Ignition]]>
</value>
</value>
<value instanceof="12">
<value instanceof="11">
<![CDATA[ Iguana, Days of the]]>
</value>
</value>
<value instanceof="12">
<value instanceof="11">
<![CDATA[ Iha, James]]>
</value>
</value>
<value instanceof="12">
<value instanceof="11">
<![CDATA[ Ikon]]>
</value>
</value>
<value instanceof="12">
<value instanceof="11">
<![CDATA[ Ill Repute]]>
</value>
</value>
<value instanceof="12">
<value instanceof="11">
<![CDATA[ Imaginary Bill]]>
</value>
</value>
<value instanceof="12">
<value instanceof="11">
<![CDATA[ Imaginary Friends]]>
</value>
</value>
<value instanceof="12">
<value instanceof="11">
<![CDATA[ Imbruglia, Natalie]]>
</value>
</value>
<value instanceof="12">
<value instanceof="11">
<![CDATA[ Immedia]]>
</value>
</value>
<value instanceof="12">
<value instanceof="11">
<![CDATA[ Immersion]]>
</value>
</value>
<value instanceof="12">
<value instanceof="11">
<![CDATA[ Implant]]>
</value>
</value>
<value instanceof="12">
<value instanceof="11">
<![CDATA[ Impossible 5]]>
</value>
</value>
<value instanceof="12">
<value instanceof="11">
<![CDATA[ Impossibles]]>
</value>
</value>
<value instanceof="12">
<value instanceof="11">
<![CDATA[ In Cold Blood]]>
</value>
</value>
<value instanceof="12">
<value instanceof="11">
<![CDATA[ In My Eyes]]>
</value>
</value>
<value instanceof="12">
<value instanceof="11">
<![CDATA[ In Strict Confidence]]>
</value>
</value>
<value instanceof="12">
<value instanceof="11">
<![CDATA[ In The Nursery]]>
</value>
</value>
<value instanceof="12">
<value instanceof="11">
<![CDATA[ Inch]]>
</value>
</value>
<value instanceof="12">
<value instanceof="11">
<![CDATA[ Inch Richards, Nine]]>
</value>
</value>
<value instanceof="12">
<value instanceof="11">
<![CDATA[ Incubus]]>
</value>
</value>
<value instanceof="12">
<value instanceof="11">
<![CDATA[ Incurables, The]]>
</value>
</value>
<value instanceof="12">
<value instanceof="11">
<![CDATA[ Indecision]]>
</value>
</value>
<value instanceof="12">
<value instanceof="11">
<![CDATA[ Independents]]>
</value>
</value>
<value instanceof="12">
<value instanceof="11">
<![CDATA[ Indigo Girls]]>
</value>
</value>
<value instanceof="12">
<value instanceof="11">
<![CDATA[ Industrial Revolution (Series)]]>
</value>
</value>
<value instanceof="12">
<value instanceof="11">
<![CDATA[ Infa Riot]]>
</value>
</value>
<value instanceof="12">
<value instanceof="11">
<![CDATA[ Infamous Shoeless Joe]]>
</value>
</value>
<value instanceof="12">
<value instanceof="11">
<![CDATA[ Infariot]]>
</value>
</value>
<value instanceof="12">
<value instanceof="11">
<![CDATA[ Infectious Grooves]]>
</value>
</value>
<value instanceof="12">
<value instanceof="11">
<![CDATA[ Informatik]]>
</value>
</value>
<value instanceof="12">
<value instanceof="11">
<![CDATA[ Inhalants]]>
</value>
</value>
<value instanceof="12">
<value instanceof="11">
<![CDATA[ Ink & Dagger]]>
</value>
</value>
<value instanceof="12">
<value instanceof="11">
<![CDATA[ Ink And Dagger]]>
</value>
</value>
<value instanceof="12">
<value instanceof="11">
<![CDATA[ Innocence Mission]]>
</value>
</value>
<value instanceof="12">
<value instanceof="11">
<![CDATA[ Inqbator]]>
</value>
</value>
<value instanceof="12">
<value instanceof="11">
<![CDATA[ Inquisition]]>
</value>
</value>
<value instanceof="12">
<value instanceof="11">
<![CDATA[ Insane]]>
</value>
</value>
<value instanceof="12">
<value instanceof="11">
<![CDATA[ Insanity Wave]]>
</value>
</value>
<value instanceof="12">
<value instanceof="11">
<![CDATA[ Inside Out]]>
</value>
</value>
<value instanceof="12">
<value instanceof="11">
<![CDATA[ Insight 23]]>
</value>
</value>
<value instanceof="12">
<value instanceof="11">
<![CDATA[ Inspecter 7]]>
</value>
</value>
<value instanceof="12">
<value instanceof="11">
<![CDATA[ Inspiral Carpets]]>
</value>
</value>
<value instanceof="12">
<value instanceof="11">
<![CDATA[ Instant Guru]]>
</value>
</value>
<value instanceof="12">
<value instanceof="11">
<![CDATA[ Instant Winner]]>
</value>
</value>
<value instanceof="12">
<value instanceof="11">
<![CDATA[ Insted]]>
</value>
</value>
<value instanceof="12">
<value instanceof="11">
<![CDATA[ Insteps]]>
</value>
</value>
<value instanceof="12">
<value instanceof="11">
<![CDATA[ Instigators]]>
</value>
</value>
<value instanceof="12">
<value instanceof="11">
<![CDATA[ Insyderz]]>
</value>
</value>
<value instanceof="12">
<value instanceof="11">
<![CDATA[ Int. Noise Conspiracy]]>
</value>
</value>
<value instanceof="12">
<value instanceof="11">
<![CDATA[ Integrity]]>
</value>
</value>
<value instanceof="12">
<value instanceof="11">
<![CDATA[ Integrity 2000]]>
</value>
</value>
<value instanceof="12">
<value instanceof="11">
<![CDATA[ Intensified]]>
</value>
</value>
<value instanceof="12">
<value instanceof="11">
<![CDATA[ Intensive Care Unit (i.c.u.)]]>
</value>
</value>
<value instanceof="12">
<value instanceof="11">
<![CDATA[ International Beat]]>
</value>
</value>
<value instanceof="12">
<value instanceof="11">
<![CDATA[ Into Another]]>
</value>
</value>
<value instanceof="12">
<value instanceof="11">
<![CDATA[ Intruders]]>
</value>
</value>
<value instanceof="12">
<value instanceof="11">
<![CDATA[ Invincible]]>
</value>
</value>
<value instanceof="12">
<value instanceof="11">
<![CDATA[ Iobst, Benjamin]]>
</value>
</value>
<value instanceof="12">
<value instanceof="11">
<![CDATA[ Ipecac Loop]]>
</value>
</value>
<value instanceof="12">
<value instanceof="11">
<![CDATA[ Iron Lung Corporation]]>
</value>
</value>
<value instanceof="12">
<value instanceof="11">
<![CDATA[ Isaak, Chris]]>
</value>
</value>
<value instanceof="12">
<value instanceof="11">
<![CDATA[ Isotope 217]]>
</value>
</value>
<value instanceof="12">
<value instanceof="11">
<![CDATA[ Ivy]]>
</value>
</value>
</value>
</value>

