<value instanceof="14">
<value instanceof="3">
<value instanceof="2">
</value>
</value>
<value instanceof="4">
<![CDATA[ H]]>
</value>
<value instanceof="9">
<value instanceof="7">
</value>
</value>
<value instanceof="10">
<![CDATA[ H]]>
</value>
<value instanceof="13">
<value instanceof="12">
<value instanceof="11">
<![CDATA[ Hackberry Ramblers]]>
</value>
</value>
<value instanceof="12">
<value instanceof="11">
<![CDATA[ Haden, Charlie]]>
</value>
</value>
<value instanceof="12">
<value instanceof="11">
<![CDATA[ Halbig, Konrad]]>
</value>
</value>
<value instanceof="12">
<value instanceof="11">
<![CDATA[ Hall Negro Quartette]]>
</value>
</value>
<value instanceof="12">
<value instanceof="11">
<![CDATA[ Hall, Jimmy]]>
</value>
</value>
<value instanceof="12">
<value instanceof="11">
<![CDATA[ Hall, Juanita & Her All-Stars]]>
</value>
</value>
<value instanceof="12">
<value instanceof="11">
<![CDATA[ Hall, Sandra]]>
</value>
</value>
<value instanceof="12">
<value instanceof="11">
<![CDATA[ Hamilton, Chico]]>
</value>
</value>
<value instanceof="12">
<value instanceof="11">
<![CDATA[ Hamilton, Jimmy]]>
</value>
</value>
<value instanceof="12">
<value instanceof="11">
<![CDATA[ Hamilton, Larry]]>
</value>
</value>
<value instanceof="12">
<value instanceof="11">
<![CDATA[ Hammer, Jan]]>
</value>
</value>
<value instanceof="12">
<value instanceof="11">
<![CDATA[ Hammond, John]]>
</value>
</value>
<value instanceof="12">
<value instanceof="11">
<![CDATA[ Hammond, Johnny]]>
</value>
</value>
<value instanceof="12">
<value instanceof="11">
<![CDATA[ Hampton & His Orchestra, Lionel]]>
</value>
</value>
<value instanceof="12">
<value instanceof="11">
<![CDATA[ Hanson, Per]]>
</value>
</value>
<value instanceof="12">
<value instanceof="11">
<![CDATA[ Harburg, E. Y.]]>
</value>
</value>
<value instanceof="12">
<value instanceof="11">
<![CDATA[ Hard Rock Cafe (Series)]]>
</value>
</value>
<value instanceof="12">
<value instanceof="11">
<![CDATA[ Hard Times Come Again No More (Series)]]>
</value>
</value>
<value instanceof="12">
<value instanceof="11">
<![CDATA[ Hare, Pat]]>
</value>
</value>
<value instanceof="12">
<value instanceof="11">
<![CDATA[ Harlem Hamfats]]>
</value>
</value>
<value instanceof="12">
<value instanceof="11">
<![CDATA[ Harlem Rock N' Blues (Series)]]>
</value>
</value>
<value instanceof="12">
<value instanceof="11">
<![CDATA[ Harman, James]]>
</value>
</value>
<value instanceof="12">
<value instanceof="11">
<![CDATA[ Harmonica Fats]]>
</value>
</value>
<value instanceof="12">
<value instanceof="11">
<![CDATA[ Harmonica Rascals]]>
</value>
</value>
<value instanceof="12">
<value instanceof="11">
<![CDATA[ Harmonica Slim]]>
</value>
</value>
<value instanceof="12">
<value instanceof="11">
<![CDATA[ Harney, Richard "Hacksaw"]]>
</value>
</value>
<value instanceof="12">
<value instanceof="11">
<![CDATA[ Harp Attack]]>
</value>
</value>
<value instanceof="12">
<value instanceof="11">
<![CDATA[ Harp Blowers]]>
</value>
</value>
<value instanceof="12">
<value instanceof="11">
<![CDATA[ Harper, Ben]]>
</value>
</value>
<value instanceof="12">
<value instanceof="11">
<![CDATA[ Harper, Roy]]>
</value>
</value>
<value instanceof="12">
<value instanceof="11">
<![CDATA[ Harpo, Slim]]>
</value>
</value>
<value instanceof="12">
<value instanceof="11">
<![CDATA[ Harris, Corey]]>
</value>
</value>
<value instanceof="12">
<value instanceof="11">
<![CDATA[ Harris, Peppermint]]>
</value>
</value>
<value instanceof="12">
<value instanceof="11">
<![CDATA[ Harris, William]]>
</value>
</value>
<value instanceof="12">
<value instanceof="11">
<![CDATA[ Harris, Wynonie]]>
</value>
</value>
<value instanceof="12">
<value instanceof="11">
<![CDATA[ Harrison, Donald]]>
</value>
</value>
<value instanceof="12">
<value instanceof="11">
<![CDATA[ Harrison/Churchill/Williams]]>
</value>
</value>
<value instanceof="12">
<value instanceof="11">
<![CDATA[ Hart, Alvin Youngblood]]>
</value>
</value>
<value instanceof="12">
<value instanceof="11">
<![CDATA[ Hart, Kathy]]>
</value>
</value>
<value instanceof="12">
<value instanceof="11">
<![CDATA[ Hart, Mickey]]>
</value>
</value>
<value instanceof="12">
<value instanceof="11">
<![CDATA[ Hart, Rick]]>
</value>
</value>
<value instanceof="12">
<value instanceof="11">
<![CDATA[ Hartley, Keef Band]]>
</value>
</value>
<value instanceof="12">
<value instanceof="11">
<![CDATA[ Hartley, Wallace]]>
</value>
</value>
<value instanceof="12">
<value instanceof="11">
<![CDATA[ Hastings Street Grease (Series)]]>
</value>
</value>
<value instanceof="12">
<value instanceof="11">
<![CDATA[ Hathaway, Donny]]>
</value>
</value>
<value instanceof="12">
<value instanceof="11">
<![CDATA[ Have Mercy]]>
</value>
</value>
<value instanceof="12">
<value instanceof="11">
<![CDATA[ Hawkins, Buddy Boy]]>
</value>
</value>
<value instanceof="12">
<value instanceof="11">
<![CDATA[ Hawkins, Coleman]]>
</value>
</value>
<value instanceof="12">
<value instanceof="11">
<![CDATA[ Hawkins, Screamin' Jay]]>
</value>
</value>
<value instanceof="12">
<value instanceof="11">
<![CDATA[ Hawkins, Ted]]>
</value>
</value>
<value instanceof="12">
<value instanceof="11">
<![CDATA[ Hayes (Cajun), Hunter]]>
</value>
</value>
<value instanceof="12">
<value instanceof="11">
<![CDATA[ Haynes, Roy]]>
</value>
</value>
<value instanceof="12">
<value instanceof="11">
<![CDATA[ Haynes, Skip]]>
</value>
</value>
<value instanceof="12">
<value instanceof="11">
<![CDATA[ Heartsman, Johnny]]>
</value>
</value>
<value instanceof="12">
<value instanceof="11">
<![CDATA[ Heavenly Gospel Singers]]>
</value>
</value>
<value instanceof="12">
<value instanceof="11">
<![CDATA[ Hebert, Adam]]>
</value>
</value>
<value instanceof="12">
<value instanceof="11">
<![CDATA[ Hegamin, Lucille]]>
</value>
</value>
<value instanceof="12">
<value instanceof="11">
<![CDATA[ Heid, Bill]]>
</value>
</value>
<value instanceof="12">
<value instanceof="11">
<![CDATA[ Helfer, Erwin]]>
</value>
</value>
<value instanceof="12">
<value instanceof="11">
<![CDATA[ Helm, Levon]]>
</value>
</value>
<value instanceof="12">
<value instanceof="11">
<![CDATA[ Hemisphere Artists (Series)]]>
</value>
</value>
<value instanceof="12">
<value instanceof="11">
<![CDATA[ Hemphill, Jessie Mae]]>
</value>
</value>
<value instanceof="12">
<value instanceof="11">
<![CDATA[ Henderson, Bugs]]>
</value>
</value>
<value instanceof="12">
<value instanceof="11">
<![CDATA[ Henderson, Duke]]>
</value>
</value>
<value instanceof="12">
<value instanceof="11">
<![CDATA[ Henderson, Mike]]>
</value>
</value>
<value instanceof="12">
<value instanceof="11">
<![CDATA[ Henderson, Rosa]]>
</value>
</value>
<value instanceof="12">
<value instanceof="11">
<![CDATA[ Henderson, Scott]]>
</value>
</value>
<value instanceof="12">
<value instanceof="11">
<![CDATA[ Heywood, Eddie]]>
</value>
</value>
<value instanceof="12">
<value instanceof="11">
<![CDATA[ Hezekiah & The House Rockers]]>
</value>
</value>
<value instanceof="12">
<value instanceof="11">
<![CDATA[ Hi Fi & Roadburners]]>
</value>
</value>
<value instanceof="12">
<value instanceof="11">
<![CDATA[ Hickey, Big Bill]]>
</value>
</value>
<value instanceof="12">
<value instanceof="11">
<![CDATA[ Hicks, Edna]]>
</value>
</value>
<value instanceof="12">
<value instanceof="11">
<![CDATA[ Hicks, John]]>
</value>
</value>
<value instanceof="12">
<value instanceof="11">
<![CDATA[ Hideaway Bridges, Eugene]]>
</value>
</value>
<value instanceof="12">
<value instanceof="11">
<![CDATA[ Hightower, Willie]]>
</value>
</value>
<value instanceof="12">
<value instanceof="11">
<![CDATA[ Hill, Bertha "Chippie"]]>
</value>
</value>
<value instanceof="12">
<value instanceof="11">
<![CDATA[ Hill, Rocky]]>
</value>
</value>
<value instanceof="12">
<value instanceof="11">
<![CDATA[ Hill, Steve]]>
</value>
</value>
<value instanceof="12">
<value instanceof="11">
<![CDATA[ Hill, Z.Z.]]>
</value>
</value>
<value instanceof="12">
<value instanceof="11">
<![CDATA[ Hillbilly Voodoo Dolls]]>
</value>
</value>
<value instanceof="12">
<value instanceof="11">
<![CDATA[ Hinton, Eddie]]>
</value>
</value>
<value instanceof="12">
<value instanceof="11">
<![CDATA[ The Hitman Blues Band]]>
</value>
</value>
<value instanceof="12">
<value instanceof="11">
<![CDATA[ Ho, Chris]]>
</value>
</value>
<value instanceof="12">
<value instanceof="11">
<![CDATA[ Hodge, Bob 'Catfish']]>
</value>
</value>
<value instanceof="12">
<value instanceof="11">
<![CDATA[ Hoffsten, Louise]]>
</value>
</value>
<value instanceof="12">
<value instanceof="11">
<![CDATA[ Hogan, Silas]]>
</value>
</value>
<value instanceof="12">
<value instanceof="11">
<![CDATA[ Hogg, Smokey]]>
</value>
</value>
<value instanceof="12">
<value instanceof="11">
<![CDATA[ Hokum Boys]]>
</value>
</value>
<value instanceof="12">
<value instanceof="11">
<![CDATA[ Hole, Dave]]>
</value>
</value>
<value instanceof="12">
<value instanceof="11">
<![CDATA[ Holeman, John Dee]]>
</value>
</value>
<value instanceof="12">
<value instanceof="11">
<![CDATA[ Hollimon, Clarence]]>
</value>
</value>
<value instanceof="12">
<value instanceof="11">
<![CDATA[ Holloway, Eddie]]>
</value>
</value>
<value instanceof="12">
<value instanceof="11">
<![CDATA[ Holmes Brothers]]>
</value>
</value>
<value instanceof="12">
<value instanceof="11">
<![CDATA[ Holmes, Richard 'Groove']]>
</value>
</value>
<value instanceof="12">
<value instanceof="11">
<![CDATA[ Holmstrom, Rick 'L. A. Holmes']]>
</value>
</value>
<value instanceof="12">
<value instanceof="11">
<![CDATA[ Holt, Scott]]>
</value>
</value>
<value instanceof="12">
<value instanceof="11">
<![CDATA[ The Holy Ranger]]>
</value>
</value>
<value instanceof="12">
<value instanceof="11">
<![CDATA[ Home Cookin']]>
</value>
</value>
<value instanceof="12">
<value instanceof="11">
<![CDATA[ Homesick James]]>
</value>
</value>
<value instanceof="12">
<value instanceof="11">
<![CDATA[ Honeyboy Edwards]]>
</value>
</value>
<value instanceof="12">
<value instanceof="11">
<![CDATA[ Honeycutt, Miki]]>
</value>
</value>
<value instanceof="12">
<value instanceof="11">
<![CDATA[ Hooker, John Lee]]>
</value>
</value>
<value instanceof="12">
<value instanceof="11">
<![CDATA[ Hooker, Richard]]>
</value>
</value>
<value instanceof="12">
<value instanceof="11">
<![CDATA[ Hooker, Zakiya]]>
</value>
</value>
<value instanceof="12">
<value instanceof="11">
<![CDATA[ Hoopsnakes]]>
</value>
</value>
<value instanceof="12">
<value instanceof="11">
<![CDATA[ Hoosegow]]>
</value>
</value>
<value instanceof="12">
<value instanceof="11">
<![CDATA[ Hopkins, Joel]]>
</value>
</value>
<value instanceof="12">
<value instanceof="11">
<![CDATA[ Hopkins, John Henry]]>
</value>
</value>
<value instanceof="12">
<value instanceof="11">
<![CDATA[ Hopkins, Lightnin']]>
</value>
</value>
<value instanceof="12">
<value instanceof="11">
<![CDATA[ Hopkins, Linda]]>
</value>
</value>
<value instanceof="12">
<value instanceof="11">
<![CDATA[ Hopkins, Nicky]]>
</value>
</value>
<value instanceof="12">
<value instanceof="11">
<![CDATA[ Horn, Paul]]>
</value>
</value>
<value instanceof="12">
<value instanceof="11">
<![CDATA[ Hornbuckle, Linda]]>
</value>
</value>
<value instanceof="12">
<value instanceof="11">
<![CDATA[ Horne, Lena]]>
</value>
</value>
<value instanceof="12">
<value instanceof="11">
<![CDATA[ Horner, James]]>
</value>
</value>
<value instanceof="12">
<value instanceof="11">
<![CDATA[ Horton, Big Walter]]>
</value>
</value>
<value instanceof="12">
<value instanceof="11">
<![CDATA[ Hosea Hargrove]]>
</value>
</value>
<value instanceof="12">
<value instanceof="11">
<![CDATA[ Hound Dog Taylor (Tribute)]]>
</value>
</value>
<value instanceof="12">
<value instanceof="11">
<![CDATA[ Houndog]]>
</value>
</value>
<value instanceof="12">
<value instanceof="11">
<![CDATA[ House Of Blues (Series)]]>
</value>
</value>
<value instanceof="12">
<value instanceof="11">
<![CDATA[ House, Son]]>
</value>
</value>
<value instanceof="12">
<value instanceof="11">
<![CDATA[ Houston Stackhouse]]>
</value>
</value>
<value instanceof="12">
<value instanceof="11">
<![CDATA[ Houston, Bee]]>
</value>
</value>
<value instanceof="12">
<value instanceof="11">
<![CDATA[ Houston, Joe]]>
</value>
</value>
<value instanceof="12">
<value instanceof="11">
<![CDATA[ Houston, Reggie]]>
</value>
</value>
<value instanceof="12">
<value instanceof="11">
<![CDATA[ Howard & The White Boys]]>
</value>
</value>
<value instanceof="12">
<value instanceof="11">
<![CDATA[ Howard, Camille]]>
</value>
</value>
<value instanceof="12">
<value instanceof="11">
<![CDATA[ Howard, Rosetta]]>
</value>
</value>
<value instanceof="12">
<value instanceof="11">
<![CDATA[ Howell, Peg Leg]]>
</value>
</value>
<value instanceof="12">
<value instanceof="11">
<![CDATA[ Howlin' Wolf]]>
</value>
</value>
<value instanceof="12">
<value instanceof="11">
<![CDATA[ Howlin' Wolf (Tribute)]]>
</value>
</value>
<value instanceof="12">
<value instanceof="11">
<![CDATA[ Hoy, Johnny]]>
</value>
</value>
<value instanceof="12">
<value instanceof="11">
<![CDATA[ Hubbard, Freddie]]>
</value>
</value>
<value instanceof="12">
<value instanceof="11">
<![CDATA[ Hudson, Ed 'Fats']]>
</value>
</value>
<value instanceof="12">
<value instanceof="11">
<![CDATA[ Hughes, Joe "Guitar"]]>
</value>
</value>
<value instanceof="12">
<value instanceof="11">
<![CDATA[ Hullett, Bill]]>
</value>
</value>
<value instanceof="12">
<value instanceof="11">
<![CDATA[ Hummel, Mark]]>
</value>
</value>
<value instanceof="12">
<value instanceof="11">
<![CDATA[ Hunter, Alberta]]>
</value>
</value>
<value instanceof="12">
<value instanceof="11">
<![CDATA[ Hunter, Ivory Joe]]>
</value>
</value>
<value instanceof="12">
<value instanceof="11">
<![CDATA[ Hunter, James]]>
</value>
</value>
<value instanceof="12">
<value instanceof="11">
<![CDATA[ Hunter, Long John]]>
</value>
</value>
<value instanceof="12">
<value instanceof="11">
<![CDATA[ Hurt, Mississippi John]]>
</value>
</value>
<value instanceof="12">
<value instanceof="11">
<![CDATA[ Hutto, J.B.]]>
</value>
</value>
<value instanceof="12">
<value instanceof="11">
<![CDATA[ Hyde, Josh]]>
</value>
</value>
<value instanceof="12">
<value instanceof="11">
<![CDATA[ Hymns From The Bayou]]>
</value>
</value>
</value>
</value>

