<value instanceof="14">
<value instanceof="3">
<value instanceof="1">
</value>
</value>
<value instanceof="4">
<![CDATA[ A]]>
</value>
<value instanceof="9">
<value instanceof="6">
</value>
</value>
<value instanceof="10">
<![CDATA[ A]]>
</value>
<value instanceof="13">
<value instanceof="12">
<value instanceof="11">
<![CDATA[ ASV Living Era Hits (Series)]]>
</value>
</value>
<value instanceof="12">
<value instanceof="11">
<![CDATA[ Aaly Trio]]>
</value>
</value>
<value instanceof="12">
<value instanceof="11">
<![CDATA[ Abate, Greg]]>
</value>
</value>
<value instanceof="12">
<value instanceof="11">
<![CDATA[ Abdul-Malik, Ahmed]]>
</value>
</value>
<value instanceof="12">
<value instanceof="11">
<![CDATA[ Abe, Kaoru]]>
</value>
</value>
<value instanceof="12">
<value instanceof="11">
<![CDATA[ Abercrombie, John]]>
</value>
</value>
<value instanceof="12">
<value instanceof="11">
<![CDATA[ Abercrombie/Johnson/Erskine]]>
</value>
</value>
<value instanceof="12">
<value instanceof="11">
<![CDATA[ Abou-Khalil, Rabih]]>
</value>
</value>
<value instanceof="12">
<value instanceof="11">
<![CDATA[ Above The Clouds (Series)]]>
</value>
</value>
<value instanceof="12">
<value instanceof="11">
<![CDATA[ Abrams, Muhal Richard]]>
</value>
</value>
<value instanceof="12">
<value instanceof="11">
<![CDATA[ Absolute Sound]]>
</value>
</value>
<value instanceof="12">
<value instanceof="11">
<![CDATA[ Abstract Truth]]>
</value>
</value>
<value instanceof="12">
<value instanceof="11">
<![CDATA[ Academia Saxophone Quartet]]>
</value>
</value>
<value instanceof="12">
<value instanceof="11">
<![CDATA[ Academia de Dancas]]>
</value>
</value>
<value instanceof="12">
<value instanceof="11">
<![CDATA[ Academy Of St. Martin-In-The-Fields]]>
</value>
</value>
<value instanceof="12">
<value instanceof="11">
<![CDATA[ Acappella Co.]]>
</value>
</value>
<value instanceof="12">
<value instanceof="11">
<![CDATA[ Achisa]]>
</value>
</value>
<value instanceof="12">
<value instanceof="11">
<![CDATA[ Acid Jazz Test (Series)]]>
</value>
</value>
<value instanceof="12">
<value instanceof="11">
<![CDATA[ Acid Resistant (Series)]]>
</value>
</value>
<value instanceof="12">
<value instanceof="11">
<![CDATA[ Ackamoor,Idris]]>
</value>
</value>
<value instanceof="12">
<value instanceof="11">
<![CDATA[ Ackerman Trio, Bob]]>
</value>
</value>
<value instanceof="12">
<value instanceof="11">
<![CDATA[ AcoustiCon]]>
</value>
</value>
<value instanceof="12">
<value instanceof="11">
<![CDATA[ Acoustic Alchemy]]>
</value>
</value>
<value instanceof="12">
<value instanceof="11">
<![CDATA[ Acoustic Jazz Quartet]]>
</value>
</value>
<value instanceof="12">
<value instanceof="11">
<![CDATA[ Active Ingredient]]>
</value>
</value>
<value instanceof="12">
<value instanceof="11">
<![CDATA[ Acuna, Alex]]>
</value>
</value>
<value instanceof="12">
<value instanceof="11">
<![CDATA[ Acuna, Claudia]]>
</value>
</value>
<value instanceof="12">
<value instanceof="11">
<![CDATA[ Adaker, Ulf]]>
</value>
</value>
<value instanceof="12">
<value instanceof="11">
<![CDATA[ Adams, Elliott]]>
</value>
</value>
<value instanceof="12">
<value instanceof="11">
<![CDATA[ Adams, Gene]]>
</value>
</value>
<value instanceof="12">
<value instanceof="11">
<![CDATA[ Adams, George]]>
</value>
</value>
<value instanceof="12">
<value instanceof="11">
<![CDATA[ Adams, Greg]]>
</value>
</value>
<value instanceof="12">
<value instanceof="11">
<![CDATA[ Adams, Jim]]>
</value>
</value>
<value instanceof="12">
<value instanceof="11">
<![CDATA[ Adams, Johnny]]>
</value>
</value>
<value instanceof="12">
<value instanceof="11">
<![CDATA[ Adams, Oleta]]>
</value>
</value>
<value instanceof="12">
<value instanceof="11">
<![CDATA[ Adams, Pepper]]>
</value>
</value>
<value instanceof="12">
<value instanceof="11">
<![CDATA[ Adams, Terry]]>
</value>
</value>
<value instanceof="12">
<value instanceof="11">
<![CDATA[ Adams/Pullen Quartet]]>
</value>
</value>
<value instanceof="12">
<value instanceof="11">
<![CDATA[ Adamson, Barbara]]>
</value>
</value>
<value instanceof="12">
<value instanceof="11">
<![CDATA[ Adamson, Harold]]>
</value>
</value>
<value instanceof="12">
<value instanceof="11">
<![CDATA[ Adderley, Cannonball]]>
</value>
</value>
<value instanceof="12">
<value instanceof="11">
<![CDATA[ Adderley, Nat]]>
</value>
</value>
<value instanceof="12">
<value instanceof="11">
<![CDATA[ Adderly, Nat]]>
</value>
</value>
<value instanceof="12">
<value instanceof="11">
<![CDATA[]]>
</value>
</value>
<value instanceof="12">
<value instanceof="11">
<![CDATA[ Aditi]]>
</value>
</value>
<value instanceof="12">
<value instanceof="11">
<![CDATA[ Adler, Larry]]>
</value>
</value>
<value instanceof="12">
<value instanceof="11">
<![CDATA[ Adler, Lincoln]]>
</value>
</value>
<value instanceof="12">
<value instanceof="11">
<![CDATA[ Advanced Warning]]>
</value>
</value>
<value instanceof="12">
<value instanceof="11">
<![CDATA[ Aesop Quartet]]>
</value>
</value>
<value instanceof="12">
<value instanceof="11">
<![CDATA[ Affif, Ron]]>
</value>
</value>
<value instanceof="12">
<value instanceof="11">
<![CDATA[ Afro Blue Band]]>
</value>
</value>
<value instanceof="12">
<value instanceof="11">
<![CDATA[ Afro Cuban All Stars]]>
</value>
</value>
<value instanceof="12">
<value instanceof="11">
<![CDATA[ Afro Cubano Chant]]>
</value>
</value>
<value instanceof="12">
<value instanceof="11">
<![CDATA[ Afro-Cuban Jazz Moods (Series)]]>
</value>
</value>
<value instanceof="12">
<value instanceof="11">
<![CDATA[ Afro-Cuban Jazz Orchestra]]>
</value>
</value>
<value instanceof="12">
<value instanceof="11">
<![CDATA[ Afrocuba]]>
</value>
</value>
<value instanceof="12">
<value instanceof="11">
<![CDATA[ After Five Jazz]]>
</value>
</value>
<value instanceof="12">
<value instanceof="11">
<![CDATA[ After Hours]]>
</value>
</value>
<value instanceof="12">
<value instanceof="11">
<![CDATA[ Aftertouch]]>
</value>
</value>
<value instanceof="12">
<value instanceof="11">
<![CDATA[ Age Of Reson]]>
</value>
</value>
<value instanceof="12">
<value instanceof="11">
<![CDATA[ Aguabella, Francisco]]>
</value>
</value>
<value instanceof="12">
<value instanceof="11">
<![CDATA[ Ahead, Steps]]>
</value>
</value>
<value instanceof="12">
<value instanceof="11">
<![CDATA[ Ailer, Keith]]>
</value>
</value>
<value instanceof="12">
<value instanceof="11">
<![CDATA[ Ain't Misbehavin' (Related Recordings)]]>
</value>
</value>
<value instanceof="12">
<value instanceof="11">
<![CDATA[ Air]]>
</value>
</value>
<value instanceof="12">
<value instanceof="11">
<![CDATA[ Air (Jazz)]]>
</value>
</value>
<value instanceof="12">
<value instanceof="11">
<![CDATA[ Aire Traffic]]>
</value>
</value>
<value instanceof="12">
<value instanceof="11">
<![CDATA[ The Airwaves]]>
</value>
</value>
<value instanceof="12">
<value instanceof="11">
<![CDATA[ AkLaff, Pheeroan]]>
</value>
</value>
<value instanceof="12">
<value instanceof="11">
<![CDATA[ Akagi, Kei]]>
</value>
</value>
<value instanceof="12">
<value instanceof="11">
<![CDATA[ Akchote, Noel]]>
</value>
</value>
<value instanceof="12">
<value instanceof="11">
<![CDATA[ Akili]]>
</value>
</value>
<value instanceof="12">
<value instanceof="11">
<![CDATA[ Akins, Willie]]>
</value>
</value>
<value instanceof="12">
<value instanceof="11">
<![CDATA[ Akiyoshi, Toshiko]]>
</value>
</value>
<value instanceof="12">
<value instanceof="11">
<![CDATA[ Akkerman, Jan]]>
</value>
</value>
<value instanceof="12">
<value instanceof="11">
<![CDATA[ Akopov, Andrew]]>
</value>
</value>
<value instanceof="12">
<value instanceof="11">
<![CDATA[ Al Haig Trio]]>
</value>
</value>
<value instanceof="12">
<value instanceof="11">
<![CDATA[ Alaadeen, Ahmad]]>
</value>
</value>
<value instanceof="12">
<value instanceof="11">
<![CDATA[ Alan Broadbent Trio]]>
</value>
</value>
<value instanceof="12">
<value instanceof="11">
<![CDATA[ Alan Elsdon Band]]>
</value>
</value>
<value instanceof="12">
<value instanceof="11">
<![CDATA[ Alan Parsons Project (Tribute)]]>
</value>
</value>
<value instanceof="12">
<value instanceof="11">
<![CDATA[ Albam, Manny]]>
</value>
</value>
<value instanceof="12">
<value instanceof="11">
<![CDATA[ Albany, Joe]]>
</value>
</value>
<value instanceof="12">
<value instanceof="11">
<![CDATA[ Alberg/Mansson]]>
</value>
</value>
<value instanceof="12">
<value instanceof="11">
<![CDATA[ Alberghetti, Anna Maria]]>
</value>
</value>
<value instanceof="12">
<value instanceof="11">
<![CDATA[ Albert King]]>
</value>
</value>
<value instanceof="12">
<value instanceof="11">
<![CDATA[ Albert Mangelsdorff Quartet]]>
</value>
</value>
<value instanceof="12">
<value instanceof="11">
<![CDATA[ Albert Wynn and His Gutbucket Seven]]>
</value>
</value>
<value instanceof="12">
<value instanceof="11">
<![CDATA[ Albert, Morris]]>
</value>
</value>
<value instanceof="12">
<value instanceof="11">
<![CDATA[ Alberti, Enrique]]>
</value>
</value>
<value instanceof="12">
<value instanceof="11">
<![CDATA[ Albi, Sfogliare]]>
</value>
</value>
<value instanceof="12">
<value instanceof="11">
<![CDATA[ Albion Jazz Band]]>
</value>
</value>
<value instanceof="12">
<value instanceof="11">
<![CDATA[ Albright, Gerald]]>
</value>
</value>
<value instanceof="12">
<value instanceof="11">
<![CDATA[ Alcorn, Alvin]]>
</value>
</value>
<value instanceof="12">
<value instanceof="11">
<![CDATA[ Alden, Howard]]>
</value>
</value>
<value instanceof="12">
<value instanceof="11">
<![CDATA[ Alden, Terrie Richards]]>
</value>
</value>
<value instanceof="12">
<value instanceof="11">
<![CDATA[ Alden/Van Eps]]>
</value>
</value>
<value instanceof="12">
<value instanceof="11">
<![CDATA[ Aleman, Oscar]]>
</value>
</value>
<value instanceof="12">
<value instanceof="11">
<![CDATA[ Ales, B.]]>
</value>
</value>
<value instanceof="12">
<value instanceof="11">
<![CDATA[ Ales, Brian]]>
</value>
</value>
<value instanceof="12">
<value instanceof="11">
<![CDATA[ Alessi and Modular Theatre, Ralph]]>
</value>
</value>
<value instanceof="12">
<value instanceof="11">
<![CDATA[ Alexander, Daryl]]>
</value>
</value>
<value instanceof="12">
<value instanceof="11">
<![CDATA[ Alexander, Eric]]>
</value>
</value>
<value instanceof="12">
<value instanceof="11">
<![CDATA[ Alexander, Glenn]]>
</value>
</value>
<value instanceof="12">
<value instanceof="11">
<![CDATA[ Alexander, Jason]]>
</value>
</value>
<value instanceof="12">
<value instanceof="11">
<![CDATA[ Alexander, Monty]]>
</value>
</value>
<value instanceof="12">
<value instanceof="11">
<![CDATA[ Alexander, Ray]]>
</value>
</value>
<value instanceof="12">
<value instanceof="11">
<![CDATA[ Alexander, Schlippenbach]]>
</value>
</value>
<value instanceof="12">
<value instanceof="11">
<![CDATA[ Alexander/Brown/Ellis]]>
</value>
</value>
<value instanceof="12">
<value instanceof="11">
<![CDATA[ Alexandria, Lorez]]>
</value>
</value>
<value instanceof="12">
<value instanceof="11">
<![CDATA[ Ali, Rashied]]>
</value>
</value>
<value instanceof="12">
<value instanceof="11">
<![CDATA[ Aliquo, Don]]>
</value>
</value>
<value instanceof="12">
<value instanceof="11">
<![CDATA[ All Star Christmas Jubilee]]>
</value>
</value>
<value instanceof="12">
<value instanceof="11">
<![CDATA[ All Star Jam Session]]>
</value>
</value>
<value instanceof="12">
<value instanceof="11">
<![CDATA[ All Stars, Mini]]>
</value>
</value>
<value instanceof="12">
<value instanceof="11">
<![CDATA[ All The Best (Series)]]>
</value>
</value>
<value instanceof="12">
<value instanceof="11">
<![CDATA[ The Allan Chase Quartet]]>
</value>
</value>
<value instanceof="12">
<value instanceof="11">
<![CDATA[ Allan Vache Big Four]]>
</value>
</value>
<value instanceof="12">
<value instanceof="11">
<![CDATA[ Allemana, Mike]]>
</value>
</value>
<value instanceof="12">
<value instanceof="11">
<![CDATA[ Allen & The Manhattan Project, Carl]]>
</value>
</value>
<value instanceof="12">
<value instanceof="11">
<![CDATA[ Allen, Eddie]]>
</value>
</value>
<value instanceof="12">
<value instanceof="11">
<![CDATA[ Allen, Geri]]>
</value>
</value>
<value instanceof="12">
<value instanceof="11">
<![CDATA[ Allen, Harry]]>
</value>
</value>
<value instanceof="12">
<value instanceof="11">
<![CDATA[ Allen, Henry "Red"]]>
</value>
</value>
<value instanceof="12">
<value instanceof="11">
<![CDATA[ Allen, Jackie]]>
</value>
</value>
<value instanceof="12">
<value instanceof="11">
<![CDATA[ Allen, Lee]]>
</value>
</value>
<value instanceof="12">
<value instanceof="11">
<![CDATA[ Allen, Red]]>
</value>
</value>
<value instanceof="12">
<value instanceof="11">
<![CDATA[ Allen, Rex]]>
</value>
</value>
<value instanceof="12">
<value instanceof="11">
<![CDATA[ Allen, Richard]]>
</value>
</value>
<value instanceof="12">
<value instanceof="11">
<![CDATA[ Allen, Steve]]>
</value>
</value>
<value instanceof="12">
<value instanceof="11">
<![CDATA[ Allen, Woody]]>
</value>
</value>
<value instanceof="12">
<value instanceof="11">
<![CDATA[ Allen,Rance Group]]>
</value>
</value>
<value instanceof="12">
<value instanceof="11">
<![CDATA[ Allison, Ben]]>
</value>
</value>
<value instanceof="12">
<value instanceof="11">
<![CDATA[ Allison, Bob]]>
</value>
</value>
<value instanceof="12">
<value instanceof="11">
<![CDATA[ Allison, Mose]]>
</value>
</value>
<value instanceof="12">
<value instanceof="11">
<![CDATA[ Alloy Orchestra]]>
</value>
</value>
<value instanceof="12">
<value instanceof="11">
<![CDATA[ Allred Vache & Metz Jazz Band]]>
</value>
</value>
<value instanceof="12">
<value instanceof="11">
<![CDATA[ Allyn, David]]>
</value>
</value>
<value instanceof="12">
<value instanceof="11">
<![CDATA[ Allyson, Karrin]]>
</value>
</value>
<value instanceof="12">
<value instanceof="11">
<![CDATA[ Almeida, Laurindo]]>
</value>
</value>
<value instanceof="12">
<value instanceof="11">
<![CDATA[ Almeida/Byrd]]>
</value>
</value>
<value instanceof="12">
<value instanceof="11">
<![CDATA[ Almeido, Laurindo]]>
</value>
</value>
<value instanceof="12">
<value instanceof="11">
<![CDATA[ Almqvist, Peter]]>
</value>
</value>
<value instanceof="12">
<value instanceof="11">
<![CDATA[ Aloisio, April]]>
</value>
</value>
<value instanceof="12">
<value instanceof="11">
<![CDATA[ Alper, Gregory]]>
</value>
</value>
<value instanceof="12">
<value instanceof="11">
<![CDATA[ Alperin, Mikhail]]>
</value>
</value>
<value instanceof="12">
<value instanceof="11">
<![CDATA[ Alperin, Mikhail]]>
</value>
</value>
<value instanceof="12">
<value instanceof="11">
<![CDATA[ Alpert, Herb]]>
</value>
</value>
<value instanceof="12">
<value instanceof="11">
<![CDATA[ Altena, Maarten]]>
</value>
</value>
<value instanceof="12">
<value instanceof="11">
<![CDATA[ Altenburgh, John]]>
</value>
</value>
<value instanceof="12">
<value instanceof="11">
<![CDATA[ Alter, Myriam]]>
</value>
</value>
<value instanceof="12">
<value instanceof="11">
<![CDATA[ Altschul, Barry]]>
</value>
</value>
<value instanceof="12">
<value instanceof="11">
<![CDATA[ Alturas]]>
</value>
</value>
<value instanceof="12">
<value instanceof="11">
<![CDATA[ Alves, Helio]]>
</value>
</value>
<value instanceof="12">
<value instanceof="11">
<![CDATA[ Alvin Red Tyler]]>
</value>
</value>
<value instanceof="12">
<value instanceof="11">
<![CDATA[ Alvino Rey & His Orchestra]]>
</value>
</value>
<value instanceof="12">
<value instanceof="11">
<![CDATA[ Am. Folk Blues Festival '64]]>
</value>
</value>
<value instanceof="12">
<value instanceof="11">
<![CDATA[ Amadie, Jimmy]]>
</value>
</value>
<value instanceof="12">
<value instanceof="11">
<![CDATA[ Amazing Crowns]]>
</value>
</value>
<value instanceof="12">
<value instanceof="11">
<![CDATA[ Ambra]]>
</value>
</value>
<value instanceof="12">
<value instanceof="11">
<![CDATA[ Ambrose]]>
</value>
</value>
<value instanceof="12">
<value instanceof="11">
<![CDATA[ Ame Strong]]>
</value>
</value>
<value instanceof="12">
<value instanceof="11">
<![CDATA[ America Swings (Series)]]>
</value>
</value>
<value instanceof="12">
<value instanceof="11">
<![CDATA[ Amiel]]>
</value>
</value>
<value instanceof="12">
<value instanceof="11">
<![CDATA[ Amigo, Vicente]]>
</value>
</value>
<value instanceof="12">
<value instanceof="11">
<![CDATA[ Amina Claudine Myers Trio]]>
</value>
</value>
<value instanceof="12">
<value instanceof="11">
<![CDATA[ Ammons, Albert]]>
</value>
</value>
<value instanceof="12">
<value instanceof="11">
<![CDATA[ Ammons, Gene]]>
</value>
</value>
<value instanceof="12">
<value instanceof="11">
<![CDATA[ Ammons/Stitt]]>
</value>
</value>
<value instanceof="12">
<value instanceof="11">
<![CDATA[ Amram, David]]>
</value>
</value>
<value instanceof="12">
<value instanceof="11">
<![CDATA[ Amsallem, Franck]]>
</value>
</value>
<value instanceof="12">
<value instanceof="11">
<![CDATA[ Amsterdam Jazz Quintet]]>
</value>
</value>
<value instanceof="12">
<value instanceof="11">
<![CDATA[ Amy/Bolton]]>
</value>
</value>
<value instanceof="12">
<value instanceof="11">
<![CDATA[ And All Because The Lady Loves]]>
</value>
</value>
<value instanceof="12">
<value instanceof="11">
<![CDATA[ Anders, Gabriela]]>
</value>
</value>
<value instanceof="12">
<value instanceof="11">
<![CDATA[ Andersen, Arild]]>
</value>
</value>
<value instanceof="12">
<value instanceof="11">
<![CDATA[ Anderson (Jazz), Chris]]>
</value>
</value>
<value instanceof="12">
<value instanceof="11">
<![CDATA[ Anderson, Arild]]>
</value>
</value>
<value instanceof="12">
<value instanceof="11">
<![CDATA[ Anderson, Carl]]>
</value>
</value>
<value instanceof="12">
<value instanceof="11">
<![CDATA[ Anderson, Catherine]]>
</value>
</value>
<value instanceof="12">
<value instanceof="11">
<![CDATA[ Anderson, Chris]]>
</value>
</value>
<value instanceof="12">
<value instanceof="11">
<![CDATA[ Anderson, Clifton]]>
</value>
</value>
<value instanceof="12">
<value instanceof="11">
<![CDATA[ Anderson, Ernestine]]>
</value>
</value>
<value instanceof="12">
<value instanceof="11">
<![CDATA[ Anderson, Fred]]>
</value>
</value>
<value instanceof="12">
<value instanceof="11">
<![CDATA[ Anderson, Ivie]]>
</value>
</value>
<value instanceof="12">
<value instanceof="11">
<![CDATA[ Anderson, Ray]]>
</value>
</value>
<value instanceof="12">
<value instanceof="11">
<![CDATA[ Anderson, Ron]]>
</value>
</value>
<value instanceof="12">
<value instanceof="11">
<![CDATA[ Anderson, Steven]]>
</value>
</value>
<value instanceof="12">
<value instanceof="11">
<![CDATA[ Anderson/Harris]]>
</value>
</value>
<value instanceof="12">
<value instanceof="11">
<![CDATA[ Andrade, Leny]]>
</value>
</value>
<value instanceof="12">
<value instanceof="11">
<![CDATA[ Andre Ceccarelli Quartet]]>
</value>
</value>
<value instanceof="12">
<value instanceof="11">
<![CDATA[ Andress, Tuck]]>
</value>
</value>
<value instanceof="12">
<value instanceof="11">
<![CDATA[ Andrews Sisters, The]]>
</value>
</value>
<value instanceof="12">
<value instanceof="11">
<![CDATA[ Andrews, Ernie]]>
</value>
</value>
<value instanceof="12">
<value instanceof="11">
<![CDATA[ Andrews, James]]>
</value>
</value>
<value instanceof="12">
<value instanceof="11">
<![CDATA[ Andrews, Vince]]>
</value>
</value>
<value instanceof="12">
<value instanceof="11">
<![CDATA[ Andy Kirk & The Twelve Clouds Of Joy]]>
</value>
</value>
<value instanceof="12">
<value instanceof="11">
<![CDATA[ Andy Middleton Quintet]]>
</value>
</value>
<value instanceof="12">
<value instanceof="11">
<![CDATA[ Anel, Lili]]>
</value>
</value>
<value instanceof="12">
<value instanceof="11">
<![CDATA[ Angel Session]]>
</value>
</value>
<value instanceof="12">
<value instanceof="11">
<![CDATA[ Angela Mccluskey & Tryptich]]>
</value>
</value>
<value instanceof="12">
<value instanceof="11">
<![CDATA[ Angelis, Kim]]>
</value>
</value>
<value instanceof="12">
<value instanceof="11">
<![CDATA[ Angelo Petisi & Orchestr]]>
</value>
</value>
<value instanceof="12">
<value instanceof="11">
<![CDATA[ Anglaspel Jazz Group]]>
</value>
</value>
<value instanceof="12">
<value instanceof="11">
<![CDATA[ Angrum/Lewis]]>
</value>
</value>
<value instanceof="12">
<value instanceof="11">
<![CDATA[ Ann Dyer]]>
</value>
</value>
<value instanceof="12">
<value instanceof="11">
<![CDATA[ Annapolis Brass Quintet]]>
</value>
</value>
<value instanceof="12">
<value instanceof="11">
<![CDATA[ Anschell, Bill]]>
</value>
</value>
<value instanceof="12">
<value instanceof="11">
<![CDATA[ Antar]]>
</value>
</value>
<value instanceof="12">
<value instanceof="11">
<![CDATA[ Anthology Of Scat Singing (Series)]]>
</value>
</value>
<value instanceof="12">
<value instanceof="11">
<![CDATA[ Anthony Hindson And Friends]]>
</value>
</value>
<value instanceof="12">
<value instanceof="11">
<![CDATA[ Anthony Wonsey Trio]]>
</value>
</value>
<value instanceof="12">
<value instanceof="11">
<![CDATA[ Anthony, Ray]]>
</value>
</value>
<value instanceof="12">
<value instanceof="11">
<![CDATA[ Antigravity]]>
</value>
</value>
<value instanceof="12">
<value instanceof="11">
<![CDATA[ Antoine, Marc]]>
</value>
</value>
<value instanceof="12">
<value instanceof="11">
<![CDATA[ Antonio Carlos Jobim (Tribute)]]>
</value>
</value>
<value instanceof="12">
<value instanceof="11">
<![CDATA[ Anuenue]]>
</value>
</value>
<value instanceof="12">
<value instanceof="11">
<![CDATA[ Aoki, Brenda Wong]]>
</value>
</value>
<value instanceof="12">
<value instanceof="11">
<![CDATA[ Aoki, Tatsu]]>
</value>
</value>
<value instanceof="12">
<value instanceof="11">
<![CDATA[ The Aoki/Wong/Pavkovic Trio]]>
</value>
</value>
<value instanceof="12">
<value instanceof="11">
<![CDATA[ Aomori, Hideaki]]>
</value>
</value>
<value instanceof="12">
<value instanceof="11">
<![CDATA[ Apfelbaum, Peter]]>
</value>
</value>
<value instanceof="12">
<value instanceof="11">
<![CDATA[ Aphrodite's Child]]>
</value>
</value>
<value instanceof="12">
<value instanceof="11">
<![CDATA[ Appleton Sextet, Ray]]>
</value>
</value>
<value instanceof="12">
<value instanceof="11">
<![CDATA[ Appleyard, Peter]]>
</value>
</value>
<value instanceof="12">
<value instanceof="11">
<![CDATA[ Aranov, Ben]]>
</value>
</value>
<value instanceof="12">
<value instanceof="11">
<![CDATA[ Arbore, Renzo]]>
</value>
</value>
<value instanceof="12">
<value instanceof="11">
<![CDATA[ Arbors Records Sampler (Series)]]>
</value>
</value>
<value instanceof="12">
<value instanceof="11">
<![CDATA[ Arbuckle, Les]]>
</value>
</value>
<value instanceof="12">
<value instanceof="11">
<![CDATA[ Arcado]]>
</value>
</value>
<value instanceof="12">
<value instanceof="11">
<![CDATA[ Arcado String Trio]]>
</value>
</value>
<value instanceof="12">
<value instanceof="11">
<![CDATA[ Arcana]]>
</value>
</value>
<value instanceof="12">
<value instanceof="11">
<![CDATA[ Arcaraz, Luis]]>
</value>
</value>
<value instanceof="12">
<value instanceof="11">
<![CDATA[ Archey, Jimmy]]>
</value>
</value>
<value instanceof="12">
<value instanceof="11">
<![CDATA[]]>
</value>
</value>
<value instanceof="12">
<value instanceof="11">
<![CDATA[ Ariel, Marcos]]>
</value>
</value>
<value instanceof="12">
<value instanceof="11">
<![CDATA[ Arista All Star]]>
</value>
</value>
<value instanceof="12">
<value instanceof="11">
<![CDATA[ Arista Heritage (Series)]]>
</value>
</value>
<value instanceof="12">
<value instanceof="11">
<![CDATA[ Arkadia Jazz]]>
</value>
</value>
<value instanceof="12">
<value instanceof="11">
<![CDATA[ Arletty]]>
</value>
</value>
<value instanceof="12">
<value instanceof="11">
<![CDATA[ Armacost, Tim]]>
</value>
</value>
<value instanceof="12">
<value instanceof="11">
<![CDATA[ Armacost, Tim Quartet]]>
</value>
</value>
<value instanceof="12">
<value instanceof="11">
<![CDATA[ Armik]]>
</value>
</value>
<value instanceof="12">
<value instanceof="11">
<![CDATA[ Armin Von Der Heydt]]>
</value>
</value>
<value instanceof="12">
<value instanceof="11">
<![CDATA[ Armstrong, Louis]]>
</value>
</value>
<value instanceof="12">
<value instanceof="11">
<![CDATA[ Arnaz, Desi]]>
</value>
</value>
<value instanceof="12">
<value instanceof="11">
<![CDATA[ Arnaz, Lucie]]>
</value>
</value>
<value instanceof="12">
<value instanceof="11">
<![CDATA[ Arnold, Bruce]]>
</value>
</value>
<value instanceof="12">
<value instanceof="11">
<![CDATA[ Arnold, Eddy]]>
</value>
</value>
<value instanceof="12">
<value instanceof="11">
<![CDATA[ Arnold, Harry]]>
</value>
</value>
<value instanceof="12">
<value instanceof="11">
<![CDATA[ Arnstrom, Kenneth]]>
</value>
</value>
<value instanceof="12">
<value instanceof="11">
<![CDATA[ Arpin, John]]>
</value>
</value>
<value instanceof="12">
<value instanceof="11">
<![CDATA[ Arroyo, Martina]]>
</value>
</value>
<value instanceof="12">
<value instanceof="11">
<![CDATA[ Art Ensemble Of Chicago]]>
</value>
</value>
<value instanceof="12">
<value instanceof="11">
<![CDATA[ Art Of Jazz Saxophone (Series)]]>
</value>
</value>
<value instanceof="12">
<value instanceof="11">
<![CDATA[ Art Of The Ballad (Series)]]>
</value>
</value>
<value instanceof="12">
<value instanceof="11">
<![CDATA[ Art Of...(Series)]]>
</value>
</value>
<value instanceof="12">
<value instanceof="11">
<![CDATA[ Art Tatum (Tribute)]]>
</value>
</value>
<value instanceof="12">
<value instanceof="11">
<![CDATA[ Artesians]]>
</value>
</value>
<value instanceof="12">
<value instanceof="11">
<![CDATA[ Artie Shaw]]>
</value>
</value>
<value instanceof="12">
<value instanceof="11">
<![CDATA[ Artie Shaw & His Orchestra]]>
</value>
</value>
<value instanceof="12">
<value instanceof="11">
<![CDATA[ Artisans Workshop]]>
</value>
</value>
<value instanceof="12">
<value instanceof="11">
<![CDATA[ Aschera]]>
</value>
</value>
<value instanceof="12">
<value instanceof="11">
<![CDATA[ Ashby, Dorothy]]>
</value>
</value>
<value instanceof="12">
<value instanceof="11">
<![CDATA[ Ashby, Harold]]>
</value>
</value>
<value instanceof="12">
<value instanceof="11">
<![CDATA[ Asher, Fran]]>
</value>
</value>
<value instanceof="12">
<value instanceof="11">
<![CDATA[ Ashley, Dwight]]>
</value>
</value>
<value instanceof="12">
<value instanceof="11">
<![CDATA[ Ashley, Shane]]>
</value>
</value>
<value instanceof="12">
<value instanceof="11">
<![CDATA[ Asmussen, Svend]]>
</value>
</value>
<value instanceof="12">
<value instanceof="11">
<![CDATA[ Assad, Badi]]>
</value>
</value>
<value instanceof="12">
<value instanceof="11">
<![CDATA[ Assassin]]>
</value>
</value>
<value instanceof="12">
<value instanceof="11">
<![CDATA[ Assumpcao, Itamar]]>
</value>
</value>
<value instanceof="12">
<value instanceof="11">
<![CDATA[ Astaire, Fred]]>
</value>
</value>
<value instanceof="12">
<value instanceof="11">
<![CDATA[ Astral Project]]>
</value>
</value>
<value instanceof="12">
<value instanceof="11">
<![CDATA[ Aswani, Prashant]]>
</value>
</value>
<value instanceof="12">
<value instanceof="11">
<![CDATA[ At the Beginning]]>
</value>
</value>
<value instanceof="12">
<value instanceof="11">
<![CDATA[ Atcheson, Randall]]>
</value>
</value>
<value instanceof="12">
<value instanceof="11">
<![CDATA[ Atharwan]]>
</value>
</value>
<value instanceof="12">
<value instanceof="11">
<![CDATA[ Atkins, Chet]]>
</value>
</value>
<value instanceof="12">
<value instanceof="11">
<![CDATA[ Atkinson, Ned]]>
</value>
</value>
<value instanceof="12">
<value instanceof="11">
<![CDATA[ Atlantic Jazz (Series)]]>
</value>
</value>
<value instanceof="12">
<value instanceof="11">
<![CDATA[ Atmasphere]]>
</value>
</value>
<value instanceof="12">
<value instanceof="11">
<![CDATA[ Atomic Fireballs]]>
</value>
</value>
<value instanceof="12">
<value instanceof="11">
<![CDATA[ Atwood, Eden]]>
</value>
</value>
<value instanceof="12">
<value instanceof="11">
<![CDATA[ Auger & Trinity, Brian]]>
</value>
</value>
<value instanceof="12">
<value instanceof="11">
<![CDATA[ Augustine, Joe]]>
</value>
</value>
<value instanceof="12">
<value instanceof="11">
<![CDATA[ Auld, George]]>
</value>
</value>
<value instanceof="12">
<value instanceof="11">
<![CDATA[ Auldridge, Mike]]>
</value>
</value>
<value instanceof="12">
<value instanceof="11">
<![CDATA[ Austin, Claire]]>
</value>
</value>
<value instanceof="12">
<value instanceof="11">
<![CDATA[ Austin, Lovie]]>
</value>
</value>
<value instanceof="12">
<value instanceof="11">
<![CDATA[ Austin, Sil]]>
</value>
</value>
<value instanceof="12">
<value instanceof="11">
<![CDATA[ Australian Jazz Quintet, The]]>
</value>
</value>
<value instanceof="12">
<value instanceof="11">
<![CDATA[ Automator]]>
</value>
</value>
<value instanceof="12">
<value instanceof="11">
<![CDATA[ Autopsia]]>
</value>
</value>
<value instanceof="12">
<value instanceof="11">
<![CDATA[ Avenue Blue]]>
</value>
</value>
<value instanceof="12">
<value instanceof="11">
<![CDATA[ Avinger, Erich]]>
</value>
</value>
<value instanceof="12">
<value instanceof="11">
<![CDATA[ Axel Fischbacher Group]]>
</value>
</value>
<value instanceof="12">
<value instanceof="11">
<![CDATA[ Axen, Bent]]>
</value>
</value>
<value instanceof="12">
<value instanceof="11">
<![CDATA[ Ayers, Roy]]>
</value>
</value>
<value instanceof="12">
<value instanceof="11">
<![CDATA[ Ayler, Albert]]>
</value>
</value>
<value instanceof="12">
<value instanceof="11">
<![CDATA[ Ayres, Michael]]>
</value>
</value>
<value instanceof="12">
<value instanceof="11">
<![CDATA[ Azarian, David]]>
</value>
</value>
<value instanceof="12">
<value instanceof="11">
<![CDATA[ Azymuth]]>
</value>
</value>
<value instanceof="12">
<value instanceof="11">
<![CDATA[ Azzola/Galliano/Salis]]>
</value>
</value>
</value>
</value>

