<value instanceof="14">
<value instanceof="3">
<value instanceof="0">
</value>
</value>
<value instanceof="4">
<![CDATA[ D]]>
</value>
<value instanceof="9">
<value instanceof="8">
</value>
</value>
<value instanceof="10">
<![CDATA[ D]]>
</value>
<value instanceof="13">
<value instanceof="12">
<value instanceof="11">
<![CDATA[ D Generation]]>
</value>
</value>
<value instanceof="12">
<value instanceof="11">
<![CDATA[ D.G.F.]]>
</value>
</value>
<value instanceof="12">
<value instanceof="11">
<![CDATA[ D.I.Y. Series]]>
</value>
</value>
<value instanceof="12">
<value instanceof="11">
<![CDATA[ D.O.A.]]>
</value>
</value>
<value instanceof="12">
<value instanceof="11">
<![CDATA[ D.R.I.]]>
</value>
</value>
<value instanceof="12">
<value instanceof="11">
<![CDATA[ D.f.l.]]>
</value>
</value>
<value instanceof="12">
<value instanceof="11">
<![CDATA[ D.i.]]>
</value>
</value>
<value instanceof="12">
<value instanceof="11">
<![CDATA[ D.y.s.]]>
</value>
</value>
<value instanceof="12">
<value instanceof="11">
<![CDATA[ DEADFOOD]]>
</value>
</value>
<value instanceof="12">
<value instanceof="11">
<![CDATA[ DJ Shadow]]>
</value>
</value>
<value instanceof="12">
<value instanceof="11">
<![CDATA[ DJ Spooky]]>
</value>
</value>
<value instanceof="12">
<value instanceof="11">
<![CDATA[ Daddy Longhead]]>
</value>
</value>
<value instanceof="12">
<value instanceof="11">
<![CDATA[ Daedalus, Leo]]>
</value>
</value>
<value instanceof="12">
<value instanceof="11">
<![CDATA[ Daeva, Aesma]]>
</value>
</value>
<value instanceof="12">
<value instanceof="11">
<![CDATA[ Dag Nasty]]>
</value>
</value>
<value instanceof="12">
<value instanceof="11">
<![CDATA[ Dagger]]>
</value>
</value>
<value instanceof="12">
<value instanceof="11">
<![CDATA[ Dahl, Jeff]]>
</value>
</value>
<value instanceof="12">
<value instanceof="11">
<![CDATA[ Daisycutter]]>
</value>
</value>
<value instanceof="12">
<value instanceof="11">
<![CDATA[ Dali, Salvador]]>
</value>
</value>
<value instanceof="12">
<value instanceof="11">
<![CDATA[ Dalis Car]]>
</value>
</value>
<value instanceof="12">
<value instanceof="11">
<![CDATA[ Daltrey, Roger]]>
</value>
</value>
<value instanceof="12">
<value instanceof="11">
<![CDATA[ Daly, Neil]]>
</value>
</value>
<value instanceof="12">
<value instanceof="11">
<![CDATA[ Damaged]]>
</value>
</value>
<value instanceof="12">
<value instanceof="11">
<![CDATA[ Dambuilders]]>
</value>
</value>
<value instanceof="12">
<value instanceof="11">
<![CDATA[ Damnation]]>
</value>
</value>
<value instanceof="12">
<value instanceof="11">
<![CDATA[ Damned]]>
</value>
</value>
<value instanceof="12">
<value instanceof="11">
<![CDATA[ Dance Hall Crashers]]>
</value>
</value>
<value instanceof="12">
<value instanceof="11">
<![CDATA[ Dancing French Liberals Of '48]]>
</value>
</value>
<value instanceof="12">
<value instanceof="11">
<![CDATA[ Dandy Warhols]]>
</value>
</value>
<value instanceof="12">
<value instanceof="11">
<![CDATA[ Dangerhouse (Series)]]>
</value>
</value>
<value instanceof="12">
<value instanceof="11">
<![CDATA[ Danna, Mychael]]>
</value>
</value>
<value instanceof="12">
<value instanceof="11">
<![CDATA[ Danny & Dusty]]>
</value>
</value>
<value instanceof="12">
<value instanceof="11">
<![CDATA[ Daou, Vanessa]]>
</value>
</value>
<value instanceof="12">
<value instanceof="11">
<![CDATA[ Daredevils]]>
</value>
</value>
<value instanceof="12">
<value instanceof="11">
<![CDATA[ Dark Illumination]]>
</value>
</value>
<value instanceof="12">
<value instanceof="11">
<![CDATA[ Darling Violetta]]>
</value>
</value>
<value instanceof="12">
<value instanceof="11">
<![CDATA[ Darlington]]>
</value>
</value>
<value instanceof="12">
<value instanceof="11">
<![CDATA[ Das Klown]]>
</value>
</value>
<value instanceof="12">
<value instanceof="11">
<![CDATA[ Date With Dizzy]]>
</value>
</value>
<value instanceof="12">
<value instanceof="11">
<![CDATA[ Daucus Karota]]>
</value>
</value>
<value instanceof="12">
<value instanceof="11">
<![CDATA[ Daughter, Buffalo]]>
</value>
</value>
<value instanceof="12">
<value instanceof="11">
<![CDATA[ Dave Matthews Band]]>
</value>
</value>
<value instanceof="12">
<value instanceof="11">
<![CDATA[ Dave's Big Deluxe]]>
</value>
</value>
<value instanceof="12">
<value instanceof="11">
<![CDATA[ David Bowie (Tribute)]]>
</value>
</value>
<value instanceof="12">
<value instanceof="11">
<![CDATA[ David J]]>
</value>
</value>
<value instanceof="12">
<value instanceof="11">
<![CDATA[ David, Mark]]>
</value>
</value>
<value instanceof="12">
<value instanceof="11">
<![CDATA[ Davies, Iva]]>
</value>
</value>
<value instanceof="12">
<value instanceof="11">
<![CDATA[ Davis (Pop), John]]>
</value>
</value>
<value instanceof="12">
<value instanceof="11">
<![CDATA[ Dax, Danielle]]>
</value>
</value>
<value instanceof="12">
<value instanceof="11">
<![CDATA[ Day One]]>
</value>
</value>
<value instanceof="12">
<value instanceof="11">
<![CDATA[ Day One]]>
</value>
</value>
<value instanceof="12">
<value instanceof="11">
<![CDATA[ Day, Green]]>
</value>
</value>
<value instanceof="12">
<value instanceof="11">
<![CDATA[ Daycare Swindlers]]>
</value>
</value>
<value instanceof="12">
<value instanceof="11">
<![CDATA[ Dayglo Abortions]]>
</value>
</value>
<value instanceof="12">
<value instanceof="11">
<![CDATA[ Dayne]]>
</value>
</value>
<value instanceof="12">
<value instanceof="11">
<![CDATA[ Days Of The New]]>
</value>
</value>
<value instanceof="12">
<value instanceof="11">
<![CDATA[ Dazzling Killmen]]>
</value>
</value>
<value instanceof="12">
<value instanceof="11">
<![CDATA[ Dazzlingkillmen]]>
</value>
</value>
<value instanceof="12">
<value instanceof="11">
<![CDATA[ Dead & Gone]]>
</value>
</value>
<value instanceof="12">
<value instanceof="11">
<![CDATA[ Dead Boys]]>
</value>
</value>
<value instanceof="12">
<value instanceof="11">
<![CDATA[ Dead Can Dance]]>
</value>
</value>
<value instanceof="12">
<value instanceof="11">
<![CDATA[ Dead Can Dance (Tribute)]]>
</value>
</value>
<value instanceof="12">
<value instanceof="11">
<![CDATA[ Dead Kennedys]]>
</value>
</value>
<value instanceof="12">
<value instanceof="11">
<![CDATA[ Dead Milkmen]]>
</value>
</value>
<value instanceof="12">
<value instanceof="11">
<![CDATA[ Dead Moon]]>
</value>
</value>
<value instanceof="12">
<value instanceof="11">
<![CDATA[ Dead Or Alive]]>
</value>
</value>
<value instanceof="12">
<value instanceof="11">
<![CDATA[ Deadclownpile]]>
</value>
</value>
<value instanceof="12">
<value instanceof="11">
<![CDATA[ Deadguy]]>
</value>
</value>
<value instanceof="12">
<value instanceof="11">
<![CDATA[ Deadguy/Murphy's Law/Devildog]]>
</value>
</value>
<value instanceof="12">
<value instanceof="11">
<![CDATA[ Deadsy]]>
</value>
</value>
<value instanceof="12">
<value instanceof="11">
<![CDATA[ Deals Gone Bad]]>
</value>
</value>
<value instanceof="12">
<value instanceof="11">
<![CDATA[ Death & Horror Inc.]]>
</value>
</value>
<value instanceof="12">
<value instanceof="11">
<![CDATA[ Death By Stereo]]>
</value>
</value>
<value instanceof="12">
<value instanceof="11">
<![CDATA[ Death Cab For Cutie]]>
</value>
</value>
<value instanceof="12">
<value instanceof="11">
<![CDATA[ Death Cult]]>
</value>
</value>
<value instanceof="12">
<value instanceof="11">
<![CDATA[ Death In Vegas]]>
</value>
</value>
<value instanceof="12">
<value instanceof="11">
<![CDATA[ Death Ride 69]]>
</value>
</value>
<value instanceof="12">
<value instanceof="11">
<![CDATA[ Death, Napalm]]>
</value>
</value>
<value instanceof="12">
<value instanceof="11">
<![CDATA[ Deathline International]]>
</value>
</value>
<value instanceof="12">
<value instanceof="11">
<![CDATA[ Decepticonz]]>
</value>
</value>
<value instanceof="12">
<value instanceof="11">
<![CDATA[ Decoded Feedback]]>
</value>
</value>
<value instanceof="12">
<value instanceof="11">
<![CDATA[ Decoded Feedback]]>
</value>
</value>
<value instanceof="12">
<value instanceof="11">
<![CDATA[ Decry]]>
</value>
</value>
<value instanceof="12">
<value instanceof="11">
<![CDATA[ Dee, Johnny]]>
</value>
</value>
<value instanceof="12">
<value instanceof="11">
<![CDATA[ Deep Dish]]>
</value>
</value>
<value instanceof="12">
<value instanceof="11">
<![CDATA[ Deep Lust]]>
</value>
</value>
<value instanceof="12">
<value instanceof="11">
<![CDATA[ Deep Red]]>
</value>
</value>
<value instanceof="12">
<value instanceof="11">
<![CDATA[ Deerhoof]]>
</value>
</value>
<value instanceof="12">
<value instanceof="11">
<![CDATA[ Deftones]]>
</value>
</value>
<value instanceof="12">
<value instanceof="11">
<![CDATA[ Dekker, Desmond]]>
</value>
</value>
<value instanceof="12">
<value instanceof="11">
<![CDATA[ Del Amitri]]>
</value>
</value>
<value instanceof="12">
<value instanceof="11">
<![CDATA[ Delay Tactics]]>
</value>
</value>
<value instanceof="12">
<value instanceof="11">
<![CDATA[ Delerium]]>
</value>
</value>
<value instanceof="12">
<value instanceof="11">
<![CDATA[ Delgados]]>
</value>
</value>
<value instanceof="12">
<value instanceof="11">
<![CDATA[ Dem Brooklyn Bums/Unsteady]]>
</value>
</value>
<value instanceof="12">
<value instanceof="11">
<![CDATA[ Demented Are Go!]]>
</value>
</value>
<value instanceof="12">
<value instanceof="11">
<![CDATA[ Demolition Hammer]]>
</value>
</value>
<value instanceof="12">
<value instanceof="11">
<![CDATA[ Demone, Gitane]]>
</value>
</value>
<value instanceof="12">
<value instanceof="11">
<![CDATA[ Demonics]]>
</value>
</value>
<value instanceof="12">
<value instanceof="11">
<![CDATA[ Denean]]>
</value>
</value>
<value instanceof="12">
<value instanceof="11">
<![CDATA[ Denio, Amy]]>
</value>
</value>
<value instanceof="12">
<value instanceof="11">
<![CDATA[ Dent]]>
</value>
</value>
<value instanceof="12">
<value instanceof="11">
<![CDATA[ Depeche Mode]]>
</value>
</value>
<value instanceof="12">
<value instanceof="11">
<![CDATA[ Depeche Mode (Tribute)]]>
</value>
</value>
<value instanceof="12">
<value instanceof="11">
<![CDATA[ Derelicts]]>
</value>
</value>
<value instanceof="12">
<value instanceof="11">
<![CDATA[ Deridian, Tristan Kromer - vocals & guitar]]>
</value>
</value>
<value instanceof="12">
<value instanceof="11">
<![CDATA[ Descendents]]>
</value>
</value>
<value instanceof="12">
<value instanceof="11">
<![CDATA[ Descendents (Tribute)]]>
</value>
</value>
<value instanceof="12">
<value instanceof="11">
<![CDATA[ Despair]]>
</value>
</value>
<value instanceof="12">
<value instanceof="11">
<![CDATA[ Destination Zero]]>
</value>
</value>
<value instanceof="12">
<value instanceof="11">
<![CDATA[ Deviants]]>
</value>
</value>
<value instanceof="12">
<value instanceof="11">
<![CDATA[ Deviates]]>
</value>
</value>
<value instanceof="12">
<value instanceof="11">
<![CDATA[ Devil Dogs]]>
</value>
</value>
<value instanceof="12">
<value instanceof="11">
<![CDATA[ Devin Powers Cats: Choir]]>
</value>
</value>
<value instanceof="12">
<value instanceof="11">
<![CDATA[ Devo]]>
</value>
</value>
<value instanceof="12">
<value instanceof="11">
<![CDATA[ Devo (Tribute)]]>
</value>
</value>
<value instanceof="12">
<value instanceof="11">
<![CDATA[ Devotions, The]]>
</value>
</value>
<value instanceof="12">
<value instanceof="11">
<![CDATA[ Dewar's Bagpipe Festival]]>
</value>
</value>
<value instanceof="12">
<value instanceof="11">
<![CDATA[ Dewato]]>
</value>
</value>
<value instanceof="12">
<value instanceof="11">
<![CDATA[ Dewey, Lisa]]>
</value>
</value>
<value instanceof="12">
<value instanceof="11">
<![CDATA[ Dexy's Midnight Runners]]>
</value>
</value>
<value instanceof="12">
<value instanceof="11">
<![CDATA[ Di Micele, Alice]]>
</value>
</value>
<value instanceof="12">
<value instanceof="11">
<![CDATA[ DiFranco, Ani]]>
</value>
</value>
<value instanceof="12">
<value instanceof="11">
<![CDATA[ Diablotones]]>
</value>
</value>
<value instanceof="12">
<value instanceof="11">
<![CDATA[ Diamond Fist Werny]]>
</value>
</value>
<value instanceof="12">
<value instanceof="11">
<![CDATA[ Diary Of Dreams]]>
</value>
</value>
<value instanceof="12">
<value instanceof="11">
<![CDATA[ Diatonis]]>
</value>
</value>
<value instanceof="12">
<value instanceof="11">
<![CDATA[ Diatribe]]>
</value>
</value>
<value instanceof="12">
<value instanceof="11">
<![CDATA[ Dickies, The]]>
</value>
</value>
<value instanceof="12">
<value instanceof="11">
<![CDATA[ Dicks]]>
</value>
</value>
<value instanceof="12">
<value instanceof="11">
<![CDATA[ Dictators]]>
</value>
</value>
<value instanceof="12">
<value instanceof="11">
<![CDATA[ Didjits]]>
</value>
</value>
<value instanceof="12">
<value instanceof="11">
<![CDATA[ Die Form]]>
</value>
</value>
<value instanceof="12">
<value instanceof="11">
<![CDATA[ Die Haut]]>
</value>
</value>
<value instanceof="12">
<value instanceof="11">
<![CDATA[ Die Kreuzen]]>
</value>
</value>
<value instanceof="12">
<value instanceof="11">
<![CDATA[ Die Krupps]]>
</value>
</value>
<value instanceof="12">
<value instanceof="11">
<![CDATA[ Die Monster Die]]>
</value>
</value>
<value instanceof="12">
<value instanceof="11">
<![CDATA[ Die Symphony]]>
</value>
</value>
<value instanceof="12">
<value instanceof="11">
<![CDATA[ Die Toten Hosen]]>
</value>
</value>
<value instanceof="12">
<value instanceof="11">
<![CDATA[ Die Warzau]]>
</value>
</value>
<value instanceof="12">
<value instanceof="11">
<![CDATA[ Diesel Boy]]>
</value>
</value>
<value instanceof="12">
<value instanceof="11">
<![CDATA[ Diesel Park West]]>
</value>
</value>
<value instanceof="12">
<value instanceof="11">
<![CDATA[ Dig]]>
</value>
</value>
<value instanceof="12">
<value instanceof="11">
<![CDATA[ Dig Dug]]>
</value>
</value>
<value instanceof="12">
<value instanceof="11">
<![CDATA[ Digger]]>
</value>
</value>
<value instanceof="12">
<value instanceof="11">
<![CDATA[ Diggle, Steve]]>
</value>
</value>
<value instanceof="12">
<value instanceof="11">
<![CDATA[ Digital Cricket]]>
</value>
</value>
<value instanceof="12">
<value instanceof="11">
<![CDATA[ Digital Factor]]>
</value>
</value>
<value instanceof="12">
<value instanceof="11">
<![CDATA[ Digital Space Between (Series)]]>
</value>
</value>
<value instanceof="12">
<value instanceof="11">
<![CDATA[ The Dillenger Escape Plan]]>
</value>
</value>
<value instanceof="12">
<value instanceof="11">
<![CDATA[ Dils]]>
</value>
</value>
<value instanceof="12">
<value instanceof="11">
<![CDATA[ Din Fiv]]>
</value>
</value>
<value instanceof="12">
<value instanceof="11">
<![CDATA[ Dingees]]>
</value>
</value>
<value instanceof="12">
<value instanceof="11">
<![CDATA[ The Dingees]]>
</value>
</value>
<value instanceof="12">
<value instanceof="11">
<![CDATA[ Dinosaur Jr.]]>
</value>
</value>
<value instanceof="12">
<value instanceof="11">
<![CDATA[ Diodes]]>
</value>
</value>
<value instanceof="12">
<value instanceof="11">
<![CDATA[ Dirt]]>
</value>
</value>
<value instanceof="12">
<value instanceof="11">
<![CDATA[ Dirtball]]>
</value>
</value>
<value instanceof="12">
<value instanceof="11">
<![CDATA[ Dirtclodfight]]>
</value>
</value>
<value instanceof="12">
<value instanceof="11">
<![CDATA[ Dirty Three]]>
</value>
</value>
<value instanceof="12">
<value instanceof="11">
<![CDATA[ Dis]]>
</value>
</value>
<value instanceof="12">
<value instanceof="11">
<![CDATA[ Discharge]]>
</value>
</value>
<value instanceof="12">
<value instanceof="11">
<![CDATA[ Discharged]]>
</value>
</value>
<value instanceof="12">
<value instanceof="11">
<![CDATA[ Dischord]]>
</value>
</value>
<value instanceof="12">
<value instanceof="11">
<![CDATA[ Dischord, Chaotic]]>
</value>
</value>
<value instanceof="12">
<value instanceof="11">
<![CDATA[ Discount]]>
</value>
</value>
<value instanceof="12">
<value instanceof="11">
<![CDATA[ Dismemberment Plan]]>
</value>
</value>
<value instanceof="12">
<value instanceof="11">
<![CDATA[ Disorder]]>
</value>
</value>
<value instanceof="12">
<value instanceof="11">
<![CDATA[ Dissecting Table]]>
</value>
</value>
<value instanceof="12">
<value instanceof="11">
<![CDATA[ Distillers]]>
</value>
</value>
<value instanceof="12">
<value instanceof="11">
<![CDATA[ District, The Burned Over]]>
</value>
</value>
<value instanceof="12">
<value instanceof="11">
<![CDATA[ Disturbed]]>
</value>
</value>
<value instanceof="12">
<value instanceof="11">
<![CDATA[ Dive]]>
</value>
</value>
<value instanceof="12">
<value instanceof="11">
<![CDATA[ Divine Comedy, The]]>
</value>
</value>
<value instanceof="12">
<value instanceof="11">
<![CDATA[ Divinyls]]>
</value>
</value>
<value instanceof="12">
<value instanceof="11">
<![CDATA[ Division No. Nine]]>
</value>
</value>
<value instanceof="12">
<value instanceof="11">
<![CDATA[ Do'se, Tsa'ne]]>
</value>
</value>
<value instanceof="12">
<value instanceof="11">
<![CDATA[ Doc Hopper]]>
</value>
</value>
<value instanceof="12">
<value instanceof="11">
<![CDATA[ Doctor Manette]]>
</value>
</value>
<value instanceof="12">
<value instanceof="11">
<![CDATA[ Dodgy]]>
</value>
</value>
<value instanceof="12">
<value instanceof="11">
<![CDATA[ Doe, John]]>
</value>
</value>
<value instanceof="12">
<value instanceof="11">
<![CDATA[ Does Not]]>
</value>
</value>
<value instanceof="12">
<value instanceof="11">
<![CDATA[ Does not apply]]>
</value>
</value>
<value instanceof="12">
<value instanceof="11">
<![CDATA[ Dog Faced Hermans]]>
</value>
</value>
<value instanceof="12">
<value instanceof="11">
<![CDATA[ Dogdrill, Groop]]>
</value>
</value>
<value instanceof="12">
<value instanceof="11">
<![CDATA[ Dogleg]]>
</value>
</value>
<value instanceof="12">
<value instanceof="11">
<![CDATA[ Dogmatics]]>
</value>
</value>
<value instanceof="12">
<value instanceof="11">
<![CDATA[ Dogs]]>
</value>
</value>
<value instanceof="12">
<value instanceof="11">
<![CDATA[ Dogwood]]>
</value>
</value>
<value instanceof="12">
<value instanceof="11">
<![CDATA[ Doiron, Julie]]>
</value>
</value>
<value instanceof="12">
<value instanceof="11">
<![CDATA[ Dolby, Thomas]]>
</value>
</value>
<value instanceof="12">
<value instanceof="11">
<![CDATA[ Dominion]]>
</value>
</value>
<value instanceof="12">
<value instanceof="11">
<![CDATA[ Donastorg, Adlah]]>
</value>
</value>
<value instanceof="12">
<value instanceof="11">
<![CDATA[ Donelly, Tanya]]>
</value>
</value>
<value instanceof="12">
<value instanceof="11">
<![CDATA[ Donnas]]>
</value>
</value>
<value instanceof="12">
<value instanceof="11">
<![CDATA[ Donut, Daddy's Soul]]>
</value>
</value>
<value instanceof="12">
<value instanceof="11">
<![CDATA[ Doom]]>
</value>
</value>
<value instanceof="12">
<value instanceof="11">
<![CDATA[ Doors (Tribute)]]>
</value>
</value>
<value instanceof="12">
<value instanceof="11">
<![CDATA[ Dos]]>
</value>
</value>
<value instanceof="12">
<value instanceof="11">
<![CDATA[ Dosage]]>
</value>
</value>
<value instanceof="12">
<value instanceof="11">
<![CDATA[ Doubting Thomas]]>
</value>
</value>
<value instanceof="12">
<value instanceof="11">
<![CDATA[ Doughboys]]>
</value>
</value>
<value instanceof="12">
<value instanceof="11">
<![CDATA[ Doughnuts]]>
</value>
</value>
<value instanceof="12">
<value instanceof="11">
<![CDATA[ Dove, Chipper]]>
</value>
</value>
<value instanceof="12">
<value instanceof="11">
<![CDATA[ Dovetail Joint]]>
</value>
</value>
<value instanceof="12">
<value instanceof="11">
<![CDATA[ Down By Law]]>
</value>
</value>
<value instanceof="12">
<value instanceof="11">
<![CDATA[ Downface]]>
</value>
</value>
<value instanceof="12">
<value instanceof="11">
<![CDATA[ Download]]>
</value>
</value>
<value instanceof="12">
<value instanceof="11">
<![CDATA[ Downset]]>
</value>
</value>
<value instanceof="12">
<value instanceof="11">
<![CDATA[ Dr. Frank]]>
</value>
</value>
<value instanceof="12">
<value instanceof="11">
<![CDATA[ Dr. Yo]]>
</value>
</value>
<value instanceof="12">
<value instanceof="11">
<![CDATA[ Dragbody]]>
</value>
</value>
<value instanceof="12">
<value instanceof="11">
<![CDATA[ Dragonfly]]>
</value>
</value>
<value instanceof="12">
<value instanceof="11">
<![CDATA[ The Dragons]]>
</value>
</value>
<value instanceof="12">
<value instanceof="11">
<![CDATA[ Drags]]>
</value>
</value>
<value instanceof="12">
<value instanceof="11">
<![CDATA[ Dragstrip]]>
</value>
</value>
<value instanceof="12">
<value instanceof="11">
<![CDATA[ Dream Syndicate]]>
</value>
</value>
<value instanceof="12">
<value instanceof="11">
<![CDATA[ Drewes, Billy]]>
</value>
</value>
<value instanceof="12">
<value instanceof="11">
<![CDATA[ Dripping Goss]]>
</value>
</value>
<value instanceof="12">
<value instanceof="11">
<![CDATA[ Dripping Lips]]>
</value>
</value>
<value instanceof="12">
<value instanceof="11">
<![CDATA[ Drive Like Jehu]]>
</value>
</value>
<value instanceof="12">
<value instanceof="11">
<![CDATA[ Drones]]>
</value>
</value>
<value instanceof="12">
<value instanceof="11">
<![CDATA[ Drooler]]>
</value>
</value>
<value instanceof="12">
<value instanceof="11">
<![CDATA[ Drop Acid]]>
</value>
</value>
<value instanceof="12">
<value instanceof="11">
<![CDATA[ Drop Band]]>
</value>
</value>
<value instanceof="12">
<value instanceof="11">
<![CDATA[ Drop Dead]]>
</value>
</value>
<value instanceof="12">
<value instanceof="11">
<![CDATA[ Dropkick Murphys]]>
</value>
</value>
<value instanceof="12">
<value instanceof="11">
<![CDATA[ Drown]]>
</value>
</value>
<value instanceof="12">
<value instanceof="11">
<![CDATA[ Drowningman]]>
</value>
</value>
<value instanceof="12">
<value instanceof="11">
<![CDATA[ Drug Test (Series)]]>
</value>
</value>
<value instanceof="12">
<value instanceof="11">
<![CDATA[ Drugstore]]>
</value>
</value>
<value instanceof="12">
<value instanceof="11">
<![CDATA[ Drummond,Don]]>
</value>
</value>
<value instanceof="12">
<value instanceof="11">
<![CDATA[ Drunk In Public]]>
</value>
</value>
<value instanceof="12">
<value instanceof="11">
<![CDATA[ Dryve]]>
</value>
</value>
<value instanceof="12">
<value instanceof="11">
<![CDATA[ Dub Narcotic Sound System]]>
</value>
</value>
<value instanceof="12">
<value instanceof="11">
<![CDATA[ Dubstar]]>
</value>
</value>
<value instanceof="12">
<value instanceof="11">
<![CDATA[ The Ducky Boys]]>
</value>
</value>
<value instanceof="12">
<value instanceof="11">
<![CDATA[ Duffy, Stephen]]>
</value>
</value>
<value instanceof="12">
<value instanceof="11">
<![CDATA[ Duffy, Stephen]]>
</value>
</value>
<value instanceof="12">
<value instanceof="11">
<![CDATA[ Duh]]>
</value>
</value>
<value instanceof="12">
<value instanceof="11">
<![CDATA[ Dump]]>
</value>
</value>
<value instanceof="12">
<value instanceof="11">
<![CDATA[ Dunbar, Janet]]>
</value>
</value>
<value instanceof="12">
<value instanceof="11">
<![CDATA[ Dune (Related Recordings)]]>
</value>
</value>
<value instanceof="12">
<value instanceof="11">
<![CDATA[ Duran Duran]]>
</value>
</value>
<value instanceof="12">
<value instanceof="11">
<![CDATA[ Duran Duran (Tribute)]]>
</value>
</value>
<value instanceof="12">
<value instanceof="11">
<![CDATA[ Durian]]>
</value>
</value>
<value instanceof="12">
<value instanceof="11">
<![CDATA[ Durutti Column]]>
</value>
</value>
<value instanceof="12">
<value instanceof="11">
<![CDATA[ Dury & The Blockheads, Ian]]>
</value>
</value>
<value instanceof="12">
<value instanceof="11">
<![CDATA[ Dust Brothers, The]]>
</value>
</value>
<value instanceof="12">
<value instanceof="11">
<![CDATA[ Duster]]>
</value>
</value>
<value instanceof="12">
<value instanceof="11">
<![CDATA[ The Dusters]]>
</value>
</value>
<value instanceof="12">
<value instanceof="11">
<![CDATA[ Duties, Special]]>
</value>
</value>
<value instanceof="12">
<value instanceof="11">
<![CDATA[ Dwarves]]>
</value>
</value>
<value instanceof="12">
<value instanceof="11">
<![CDATA[ Dylans]]>
</value>
</value>
<value instanceof="12">
<value instanceof="11">
<![CDATA[ Dynamite Boy]]>
</value>
</value>
<value instanceof="12">
<value instanceof="11">
<![CDATA[ Dynamite Ska (Series)]]>
</value>
</value>
</value>
</value>

