<value instanceof="14">
<value instanceof="3">
<value instanceof="1">
</value>
</value>
<value instanceof="4">
<![CDATA[ Y]]>
</value>
<value instanceof="9">
<value instanceof="6">
</value>
</value>
<value instanceof="10">
<![CDATA[ Y]]>
</value>
<value instanceof="13">
<value instanceof="12">
<value instanceof="11">
<![CDATA[ Yada, Yada]]>
</value>
</value>
<value instanceof="12">
<value instanceof="11">
<![CDATA[ Yagi, Michiyo]]>
</value>
</value>
<value instanceof="12">
<value instanceof="11">
<![CDATA[ Yahel, Sam]]>
</value>
</value>
<value instanceof="12">
<value instanceof="11">
<![CDATA[ Yamada, Joh]]>
</value>
</value>
<value instanceof="12">
<value instanceof="11">
<![CDATA[ Yamagata]]>
</value>
</value>
<value instanceof="12">
<value instanceof="11">
<![CDATA[ Yamash'ta, Stomu]]>
</value>
</value>
<value instanceof="12">
<value instanceof="11">
<![CDATA[ Yamashita, Yosuke]]>
</value>
</value>
<value instanceof="12">
<value instanceof="11">
<![CDATA[ Yamashta, Stomu]]>
</value>
</value>
<value instanceof="12">
<value instanceof="11">
<![CDATA[ Yancey, Jimmy]]>
</value>
</value>
<value instanceof="12">
<value instanceof="11">
<![CDATA[ Yancey, Mama Estella]]>
</value>
</value>
<value instanceof="12">
<value instanceof="11">
<![CDATA[ Yandall, Patrick]]>
</value>
</value>
<value instanceof="12">
<value instanceof="11">
<![CDATA[ Yankee, Al Jazztet]]>
</value>
</value>
<value instanceof="12">
<value instanceof="11">
<![CDATA[ Yankee, Al Trio]]>
</value>
</value>
<value instanceof="12">
<value instanceof="11">
<![CDATA[ Yanni]]>
</value>
</value>
<value instanceof="12">
<value instanceof="11">
<![CDATA[ Yano, Akiko]]>
</value>
</value>
<value instanceof="12">
<value instanceof="11">
<![CDATA[ Yas-Kaz]]>
</value>
</value>
<value instanceof="12">
<value instanceof="11">
<![CDATA[ Yates, Deon]]>
</value>
</value>
<value instanceof="12">
<value instanceof="11">
<![CDATA[ Yawn,Jesse]]>
</value>
</value>
<value instanceof="12">
<value instanceof="11">
<![CDATA[ Yellow Jackets]]>
</value>
</value>
<value instanceof="12">
<value instanceof="11">
<![CDATA[ Yenneh]]>
</value>
</value>
<value instanceof="12">
<value instanceof="11">
<![CDATA[ Yochk'o Seffer]]>
</value>
</value>
<value instanceof="12">
<value instanceof="11">
<![CDATA[ Yockamo All-Stars]]>
</value>
</value>
<value instanceof="12">
<value instanceof="11">
<![CDATA[ Yokoyama, Katsuya]]>
</value>
</value>
<value instanceof="12">
<value instanceof="11">
<![CDATA[ York, Libby]]>
</value>
</value>
<value instanceof="12">
<value instanceof="11">
<![CDATA[ York, Nora]]>
</value>
</value>
<value instanceof="12">
<value instanceof="11">
<![CDATA[ Yoruba Andabo]]>
</value>
</value>
<value instanceof="12">
<value instanceof="11">
<![CDATA[ Yost, Kevin]]>
</value>
</value>
<value instanceof="12">
<value instanceof="11">
<![CDATA[ The Young Olympians]]>
</value>
</value>
<value instanceof="12">
<value instanceof="11">
<![CDATA[ Young, George]]>
</value>
</value>
<value instanceof="12">
<value instanceof="11">
<![CDATA[ Young, John]]>
</value>
</value>
<value instanceof="12">
<value instanceof="11">
<![CDATA[ Young, Lester]]>
</value>
</value>
<value instanceof="12">
<value instanceof="11">
<![CDATA[ Young, Noah]]>
</value>
</value>
<value instanceof="12">
<value instanceof="11">
<![CDATA[ Young, Snooky]]>
</value>
</value>
<value instanceof="12">
<value instanceof="11">
<![CDATA[ Young, Webster]]>
</value>
</value>
<value instanceof="12">
<value instanceof="11">
<![CDATA[ Young/Wilson]]>
</value>
</value>
<value instanceof="12">
<value instanceof="11">
<![CDATA[ Young; Tyner; Hutcherson; Dolphy]]>
</value>
</value>
<value instanceof="12">
<value instanceof="11">
<![CDATA[ Youth Jazz Orche, National]]>
</value>
</value>
</value>
</value>

