<value instanceof="14">
<value instanceof="3">
<value instanceof="2">
</value>
</value>
<value instanceof="4">
<![CDATA[ W]]>
</value>
<value instanceof="9">
<value instanceof="7">
</value>
</value>
<value instanceof="10">
<![CDATA[ W]]>
</value>
<value instanceof="13">
<value instanceof="12">
<value instanceof="11">
<![CDATA[ W.C. Handy]]>
</value>
</value>
<value instanceof="12">
<value instanceof="11">
<![CDATA[ Wailin' Walker Band]]>
</value>
</value>
<value instanceof="12">
<value instanceof="11">
<![CDATA[ Walker, Jimmy]]>
</value>
</value>
<value instanceof="12">
<value instanceof="11">
<![CDATA[ Walker, Joe Louis]]>
</value>
</value>
<value instanceof="12">
<value instanceof="11">
<![CDATA[ Walker, Johnny 'big Moose']]>
</value>
</value>
<value instanceof="12">
<value instanceof="11">
<![CDATA[ Walker, Lawrence]]>
</value>
</value>
<value instanceof="12">
<value instanceof="11">
<![CDATA[ Walker, Phillip]]>
</value>
</value>
<value instanceof="12">
<value instanceof="11">
<![CDATA[ Walker, Robert "Bilbo"]]>
</value>
</value>
<value instanceof="12">
<value instanceof="11">
<![CDATA[ Walker, T-Bone]]>
</value>
</value>
<value instanceof="12">
<value instanceof="11">
<![CDATA[ Wallace, Sippie]]>
</value>
</value>
<value instanceof="12">
<value instanceof="11">
<![CDATA[ Walsh, Bob]]>
</value>
</value>
<value instanceof="12">
<value instanceof="11">
<![CDATA[ Walton, William]]>
</value>
</value>
<value instanceof="12">
<value instanceof="11">
<![CDATA[ Ward, Bill]]>
</value>
</value>
<value instanceof="12">
<value instanceof="11">
<![CDATA[ Ward, Robert]]>
</value>
</value>
<value instanceof="12">
<value instanceof="11">
<![CDATA[ Ware, Bill & Club Bird All-Star]]>
</value>
</value>
<value instanceof="12">
<value instanceof="11">
<![CDATA[ Washboard Rhythm Kings]]>
</value>
</value>
<value instanceof="12">
<value instanceof="11">
<![CDATA[ Washboard Sam]]>
</value>
</value>
<value instanceof="12">
<value instanceof="11">
<![CDATA[ Washington, Albert]]>
</value>
</value>
<value instanceof="12">
<value instanceof="11">
<![CDATA[ Washington, Denzel]]>
</value>
</value>
<value instanceof="12">
<value instanceof="11">
<![CDATA[ Washington, Dinah]]>
</value>
</value>
<value instanceof="12">
<value instanceof="11">
<![CDATA[ Washington, Sister Ernestine]]>
</value>
</value>
<value instanceof="12">
<value instanceof="11">
<![CDATA[ Washington, Toni Lynn]]>
</value>
</value>
<value instanceof="12">
<value instanceof="11">
<![CDATA[ Washington, Tuts]]>
</value>
</value>
<value instanceof="12">
<value instanceof="11">
<![CDATA[ Washington, Walter "Wolfman"]]>
</value>
</value>
<value instanceof="12">
<value instanceof="11">
<![CDATA[ Water Street Blues Band]]>
</value>
</value>
<value instanceof="12">
<value instanceof="11">
<![CDATA[ Waters, Ethel]]>
</value>
</value>
<value instanceof="12">
<value instanceof="11">
<![CDATA[ Watkins, Beverly "Guitar"]]>
</value>
</value>
<value instanceof="12">
<value instanceof="11">
<![CDATA[ Watkins, J.T.]]>
</value>
</value>
<value instanceof="12">
<value instanceof="11">
<![CDATA[ Watson, Johnny "Guitar"]]>
</value>
</value>
<value instanceof="12">
<value instanceof="11">
<![CDATA[ Watson, Junior]]>
</value>
</value>
<value instanceof="12">
<value instanceof="11">
<![CDATA[ Watson, Nigel]]>
</value>
</value>
<value instanceof="12">
<value instanceof="11">
<![CDATA[ Watson, Paula]]>
</value>
</value>
<value instanceof="12">
<value instanceof="11">
<![CDATA[ Watts, Charlie]]>
</value>
</value>
<value instanceof="12">
<value instanceof="11">
<![CDATA[ Wayne, Kenny]]>
</value>
</value>
<value instanceof="12">
<value instanceof="11">
<![CDATA[ Weathersby, Carl]]>
</value>
</value>
<value instanceof="12">
<value instanceof="11">
<![CDATA[ Weaver, Curley]]>
</value>
</value>
<value instanceof="12">
<value instanceof="11">
<![CDATA[ Weaver, Sylvester]]>
</value>
</value>
<value instanceof="12">
<value instanceof="11">
<![CDATA[ Webb, Boogie Bill]]>
</value>
</value>
<value instanceof="12">
<value instanceof="11">
<![CDATA[ Webb, Jimmy]]>
</value>
</value>
<value instanceof="12">
<value instanceof="11">
<![CDATA[ Webber, Garth]]>
</value>
</value>
<value instanceof="12">
<value instanceof="11">
<![CDATA[ Webster, Katie]]>
</value>
</value>
<value instanceof="12">
<value instanceof="11">
<![CDATA[ Weepin' Willie Robinson]]>
</value>
</value>
<value instanceof="12">
<value instanceof="11">
<![CDATA[ Weiss, Chuck E.]]>
</value>
</value>
<value instanceof="12">
<value instanceof="11">
<![CDATA[ Welch, Mike]]>
</value>
</value>
<value instanceof="12">
<value instanceof="11">
<![CDATA[ Weld, Dave]]>
</value>
</value>
<value instanceof="12">
<value instanceof="11">
<![CDATA[ Weldon, Casey Bill]]>
</value>
</value>
<value instanceof="12">
<value instanceof="11">
<![CDATA[ Weldon/Bill]]>
</value>
</value>
<value instanceof="12">
<value instanceof="11">
<![CDATA[ Wells, Junior]]>
</value>
</value>
<value instanceof="12">
<value instanceof="11">
<![CDATA[ Wells, Lightinin']]>
</value>
</value>
<value instanceof="12">
<value instanceof="11">
<![CDATA[ West Coast Playboys]]>
</value>
</value>
<value instanceof="12">
<value instanceof="11">
<![CDATA[ West, Stan]]>
</value>
</value>
<value instanceof="12">
<value instanceof="11">
<![CDATA[ Weston, Arthur]]>
</value>
</value>
<value instanceof="12">
<value instanceof="11">
<![CDATA[ Weston, John]]>
</value>
</value>
<value instanceof="12">
<value instanceof="11">
<![CDATA[ Weston, John 'so Blue']]>
</value>
</value>
<value instanceof="12">
<value instanceof="11">
<![CDATA[ Weston, Randy]]>
</value>
</value>
<value instanceof="12">
<value instanceof="11">
<![CDATA[ Wheatstraw, Peetie]]>
</value>
</value>
<value instanceof="12">
<value instanceof="11">
<![CDATA[ Wheatstraw, Petey]]>
</value>
</value>
<value instanceof="12">
<value instanceof="11">
<![CDATA[ Wheeler,James]]>
</value>
</value>
<value instanceof="12">
<value instanceof="11">
<![CDATA[ Whellans, Mike]]>
</value>
</value>
<value instanceof="12">
<value instanceof="11">
<![CDATA[ White Boy Blues (Series)]]>
</value>
</value>
<value instanceof="12">
<value instanceof="11">
<![CDATA[ White, Artie 'blues Boy']]>
</value>
</value>
<value instanceof="12">
<value instanceof="11">
<![CDATA[ White, Bukka]]>
</value>
</value>
<value instanceof="12">
<value instanceof="11">
<![CDATA[ White, Georgia]]>
</value>
</value>
<value instanceof="12">
<value instanceof="11">
<![CDATA[ White, Josh]]>
</value>
</value>
<value instanceof="12">
<value instanceof="11">
<![CDATA[ White, Lavelle]]>
</value>
</value>
<value instanceof="12">
<value instanceof="11">
<![CDATA[ White, Lynn]]>
</value>
</value>
<value instanceof="12">
<value instanceof="11">
<![CDATA[ White, Steve (Blues)]]>
</value>
</value>
<value instanceof="12">
<value instanceof="11">
<![CDATA[ White,Charles Band]]>
</value>
</value>
<value instanceof="12">
<value instanceof="11">
<![CDATA[ Whitehall, Johnny]]>
</value>
</value>
<value instanceof="12">
<value instanceof="11">
<![CDATA[ The Whiteley Brothers]]>
</value>
</value>
<value instanceof="12">
<value instanceof="11">
<![CDATA[ Whiteley, Ken]]>
</value>
</value>
<value instanceof="12">
<value instanceof="11">
<![CDATA[ Whynaught, Chris]]>
</value>
</value>
<value instanceof="12">
<value instanceof="11">
<![CDATA[ Wiggins, Phil]]>
</value>
</value>
<value instanceof="12">
<value instanceof="11">
<![CDATA[ Wilcoxson, Sheila]]>
</value>
</value>
<value instanceof="12">
<value instanceof="11">
<![CDATA[ The Wild Magnolias]]>
</value>
</value>
<value instanceof="12">
<value instanceof="11">
<![CDATA[ Wild Tchoupitoulas]]>
</value>
</value>
<value instanceof="12">
<value instanceof="11">
<![CDATA[ Wilde, Lily]]>
</value>
</value>
<value instanceof="12">
<value instanceof="11">
<![CDATA[ Wilkins, Rev. Robert]]>
</value>
</value>
<value instanceof="12">
<value instanceof="11">
<![CDATA[ Wilkins, Robert]]>
</value>
</value>
<value instanceof="12">
<value instanceof="11">
<![CDATA[ Wilks, Van]]>
</value>
</value>
<value instanceof="12">
<value instanceof="11">
<![CDATA[ Williams, Alanda]]>
</value>
</value>
<value instanceof="12">
<value instanceof="11">
<![CDATA[ Williams, Andre]]>
</value>
</value>
<value instanceof="12">
<value instanceof="11">
<![CDATA[ Williams, Blind Connie]]>
</value>
</value>
<value instanceof="12">
<value instanceof="11">
<![CDATA[ Williams, Clarence & The Blues]]>
</value>
</value>
<value instanceof="12">
<value instanceof="11">
<![CDATA[ Williams, Dicky]]>
</value>
</value>
<value instanceof="12">
<value instanceof="11">
<![CDATA[ Williams, Joe]]>
</value>
</value>
<value instanceof="12">
<value instanceof="11">
<![CDATA[ Williams, Juanita]]>
</value>
</value>
<value instanceof="12">
<value instanceof="11">
<![CDATA[ Williams, Larry]]>
</value>
</value>
<value instanceof="12">
<value instanceof="11">
<![CDATA[ Williams, Lee 'shot']]>
</value>
</value>
<value instanceof="12">
<value instanceof="11">
<![CDATA[ Williams, Lester]]>
</value>
</value>
<value instanceof="12">
<value instanceof="11">
<![CDATA[ Williams, Paul]]>
</value>
</value>
<value instanceof="12">
<value instanceof="11">
<![CDATA[ Williams, Robert Pete]]>
</value>
</value>
<value instanceof="12">
<value instanceof="11">
<![CDATA[ Williams, Robin]]>
</value>
</value>
<value instanceof="12">
<value instanceof="11">
<![CDATA[ Williams, Sonny Boy]]>
</value>
</value>
<value instanceof="12">
<value instanceof="11">
<![CDATA[ Williams, Sylvia Kuumba]]>
</value>
</value>
<value instanceof="12">
<value instanceof="11">
<![CDATA[ Williams, Willie]]>
</value>
</value>
<value instanceof="12">
<value instanceof="11">
<![CDATA[ Williams/Brown]]>
</value>
</value>
<value instanceof="12">
<value instanceof="11">
<![CDATA[ Williams/Watson]]>
</value>
</value>
<value instanceof="12">
<value instanceof="11">
<![CDATA[ Williams/Winston]]>
</value>
</value>
<value instanceof="12">
<value instanceof="11">
<![CDATA[ Williamson, John Lee]]>
</value>
</value>
<value instanceof="12">
<value instanceof="11">
<![CDATA[ Williamson, Sonny Boy]]>
</value>
</value>
<value instanceof="12">
<value instanceof="11">
<![CDATA[ Willie & Lobo]]>
</value>
</value>
<value instanceof="12">
<value instanceof="11">
<![CDATA[ Willie Dixon (Tribute)]]>
</value>
</value>
<value instanceof="12">
<value instanceof="11">
<![CDATA[ Willie Johnson, Blind]]>
</value>
</value>
<value instanceof="12">
<value instanceof="11">
<![CDATA[ Willie King & The Liberators]]>
</value>
</value>
<value instanceof="12">
<value instanceof="11">
<![CDATA[ Willie Willis]]>
</value>
</value>
<value instanceof="12">
<value instanceof="11">
<![CDATA[ Willis, Chick]]>
</value>
</value>
<value instanceof="12">
<value instanceof="11">
<![CDATA[ Willis, Ralph]]>
</value>
</value>
<value instanceof="12">
<value instanceof="11">
<![CDATA[ Willis, Willie]]>
</value>
</value>
<value instanceof="12">
<value instanceof="11">
<![CDATA[ Willoughby, Bob]]>
</value>
</value>
<value instanceof="12">
<value instanceof="11">
<![CDATA[ Willson, Michelle]]>
</value>
</value>
<value instanceof="12">
<value instanceof="11">
<![CDATA[ Wilson, Charles]]>
</value>
</value>
<value instanceof="12">
<value instanceof="11">
<![CDATA[ Wilson, Edith]]>
</value>
</value>
<value instanceof="12">
<value instanceof="11">
<![CDATA[ Wilson, Edith & Lena]]>
</value>
</value>
<value instanceof="12">
<value instanceof="11">
<![CDATA[ Wilson, Hop]]>
</value>
</value>
<value instanceof="12">
<value instanceof="11">
<![CDATA[ Wilson, Justin]]>
</value>
</value>
<value instanceof="12">
<value instanceof="11">
<![CDATA[ Wilson, Kid]]>
</value>
</value>
<value instanceof="12">
<value instanceof="11">
<![CDATA[ Wilson, Kim]]>
</value>
</value>
<value instanceof="12">
<value instanceof="11">
<![CDATA[ Wilson, Lena]]>
</value>
</value>
<value instanceof="12">
<value instanceof="11">
<![CDATA[ Wilson, Roger 'Hurricane']]>
</value>
</value>
<value instanceof="12">
<value instanceof="11">
<![CDATA[ Wilson, Smokey]]>
</value>
</value>
<value instanceof="12">
<value instanceof="11">
<![CDATA[ Wilson, U.P.]]>
</value>
</value>
<value instanceof="12">
<value instanceof="11">
<![CDATA[ Wine, Wine, Wine]]>
</value>
</value>
<value instanceof="12">
<value instanceof="11">
<![CDATA[ Winger, Debra]]>
</value>
</value>
<value instanceof="12">
<value instanceof="11">
<![CDATA[ Winter, Johnny]]>
</value>
</value>
<value instanceof="12">
<value instanceof="11">
<![CDATA[ Wirtz, Rev. Billy C.]]>
</value>
</value>
<value instanceof="12">
<value instanceof="11">
<![CDATA[ Wise, Larry]]>
</value>
</value>
<value instanceof="12">
<value instanceof="11">
<![CDATA[ Witherspoon, Jimmy]]>
</value>
</value>
<value instanceof="12">
<value instanceof="11">
<![CDATA[ The Wizard Of Oz (Related Recordings)]]>
</value>
</value>
<value instanceof="12">
<value instanceof="11">
<![CDATA[ Wood's Famous Blind Jubilee...]]>
</value>
</value>
<value instanceof="12">
<value instanceof="11">
<![CDATA[ Wood, Vishnu Bill]]>
</value>
</value>
<value instanceof="12">
<value instanceof="11">
<![CDATA[ Woods, Buddy]]>
</value>
</value>
<value instanceof="12">
<value instanceof="11">
<![CDATA[ Woods, Ike]]>
</value>
</value>
<value instanceof="12">
<value instanceof="11">
<![CDATA[ Woods, Mitch]]>
</value>
</value>
<value instanceof="12">
<value instanceof="11">
<![CDATA[ Woods, Mitch & Rocket 88's]]>
</value>
</value>
<value instanceof="12">
<value instanceof="11">
<![CDATA[ Woods, Val]]>
</value>
</value>
<value instanceof="12">
<value instanceof="11">
<![CDATA[ World Library Of Folk & Primitive Music (Series)]]>
</value>
</value>
<value instanceof="12">
<value instanceof="11">
<![CDATA[ Wrencher, Big John]]>
</value>
</value>
<value instanceof="12">
<value instanceof="11">
<![CDATA[ Wright, Marva]]>
</value>
</value>
<value instanceof="12">
<value instanceof="11">
<![CDATA[ Wullenjohn, Rob]]>
</value>
</value>
<value instanceof="12">
<value instanceof="11">
<![CDATA[ Wurzbacher, Rick]]>
</value>
</value>
<value instanceof="12">
<value instanceof="11">
<![CDATA[ Wyman, Bill]]>
</value>
</value>
<value instanceof="12">
<value instanceof="11">
<![CDATA[ Wynters, Gail]]>
</value>
</value>
</value>
</value>

