<template schema="13">
<start-string context="0">
<![CDATA[ 
<html>
<head>
<meta http equiv ="Content-Type" content ="text/html; charset=iso-8859-1">
 
<meta name ="GENERATOR" content ="Microsoft FrontPage 2.0">
 
<title>
UEFA
-
Teams
&amp;
Clubs&nbsp;Teams
</title>
</head>
<body bgcolor ="#ffffff" link ="#000000" vlink ="#000000" alink ="#000000">
<table width ="600" cellpadding ="0" cellspacing ="0" border ="0">
<tr>
<td align ="right">
<img src ="../../images/Titles/Teams.jpg" width ="368" height ="58">
 
</td>
</tr>
<tr>
<td>
&nbsp;
</td>
</tr>
</table>
<br>
 
<table width ="600" border ="0" cellpadding ="0" cellspacing ="0">
<tr>
<td bgcolor ="#000000">
<img src ="/images/clear.gif" width ="1" height ="1">
 
</td>
</tr>
<tr>
<td bgcolor ="#FFFFFF">
<img src ="/images/clear.gif" width ="1" height ="1">
 
</td>
</tr>
</table>
<table width ="600" border ="0" cellspacing ="0" cellpadding ="2">
<tr>
<td width ="400" bgcolor ="#000066">
<strong>
&nbsp;
<a href ="../TeamDetail.asp?Team=2">
<font face ="Arial,Helvetica" size ="3" color ="#FFFFFF">
<span style ="color:#FFFFFF">
]]>
</start-string>
<start-string context="11">
<![CDATA[</span>
</font>
<img src ="../../images/buttons/backarrowsmall.gif" align ="absmiddle" border ="0" vspace ="0" hspace ="10" width ="18" height ="15">
 
</a>
</strong>
</td>
<td width ="200" bgcolor ="#DCEAFF" align ="center">
<font face ="Arial,Helvetia" color ="#000066" size ="2">
<b>
Senior
Squad
</b>
</font>
</td>
</tr>
</table>
<table width ="600" border ="0" cellpadding ="0" cellspacing ="0">
<tr>
<td bgcolor ="#FFFFFF">
<img src ="/images/clear.gif" width ="1" height ="1">
 
</td>
</tr>
<tr>
<td bgcolor ="#000000">
<img src ="/images/clear.gif" width ="1" height ="1">
 
</td>
</tr>
<tr>
<td bgcolor ="#FFFFFF">
<img src ="/images/clear.gif" width ="1" height ="10">
 
</td>
</tr>
<tr>
<td bgcolor ="#000000">
<img src ="/images/clear.gif" width ="1" height ="1">
 
</td>
</tr>
</table>
<table width ="600" border ="0" cellspacing ="1" cellpadding ="3">
]]>
</start-string>
<end-string context="11">
<![CDATA[</table>
<table width ="600" border ="0" cellpadding ="0" cellspacing ="0">
<tr>
<td bgcolor ="#000000">
<img src ="/images/clear.gif" width ="1" height ="1">
 
</td>
</tr>
<tr>
<td bgcolor ="#FFFFFF">
<img src ="/images/clear.gif" width ="1" height ="10">
 
</td>
</tr>
<tr>
<td bgcolor ="#000000">
<img src ="/images/clear.gif" width ="1" height ="1">
 
</td>
</tr>
<tr>
<td bgcolor ="#FFFFFF">
<img src ="/images/clear.gif" width ="1" height ="1">
 
</td>
</tr>
</table>
<table border ="0" width ="600" cellspacing ="0" cellpadding ="2" bgcolor ="#000066">
<tr>
<td align ="center" valign ="top">
<a href ="../../Teams/Communications.asp?Team=2&amp;TeamName=Albania&amp;Layout=">
<font face ="Arial,Helvetica" size ="1">
<span style ="color:#FFFFFF">
COMMUNICATIONS
</span>
</font>
</a>
</td>
<td align ="center" valign ="top">
<a href ="../../Teams/Honours.asp?Team=2&amp;TeamName=Albania&amp;Layout=">
<font face ="Arial,Helvetica" size ="1">
<span style ="color:#FFFFFF">
HONOURS/RECORDS
</span>
</font>
</a>
</td>
<td align ="center" valign ="top">
<a href ="../../Teams/RecordInEurope.asp?Team=2&amp;TeamName=Albania&amp;Layout=">
<font face ="Arial,Helvetica" size ="1">
<span style ="color:#FFFFFF">
EUROPEAN
RECORD
</span>
</font>
</a>
</td>
<td align ="center" valign ="top">
<a href ="../../Teams/ClubsCode.asp?Team=2&amp;TeamName=Albania&amp;Layout=">
<font face ="Arial,Helvetica" size ="1">
<span style ="color:#FFFFFF">
THE
CLUBS
</span>
</font>
</a>
</td>
<td align ="center" valign ="top">
<a href ="../../Teams/SquadList/index.asp?Team=2&amp;TeamName=Albania&amp;Layout=">
<font face ="Arial,Helvetica" size ="1">
<span style ="color:#FFFFFF">
SENIOR
SQUAD
</span>
</font>
</a>
</td>
</tr>
</table>
<table width ="600" border ="0" cellpadding ="0" cellspacing ="0">
<tr>
<td bgcolor ="#FFFFFF">
<img src ="/images/clear.gif" width ="1" height ="1">
 
</td>
</tr>
<tr>
<td bgcolor ="#000000">
<img src ="/images/clear.gif" width ="1" height ="1">
 
</td>
</tr>
</table>
<p>
<font face ="Arial, Helvetica" size ="1">
All
rights
reserved.
&copy;
UEFA
1998-2000.
<br>
 
<a href ="/UEFA/legal.asp" onclick ="window.open('/UEFA/legal.html','Legal','width=400,height=350');return false">
Read
the
complete
UEFA
Legal
Notice
</a>
</font>
</p>
</body>
</html>
]]>
</end-string>
<start-string context="1">
<![CDATA[<tr>
<td bgcolor ="#DCEAFF" align ="center" width ="33%">
<font face ="Arial,Helvetia" size ="2">
<a target =Contents href ="/Teams&Clubs/Teams/SquadList/PlayerDetail.asp?Player=47288&Layout=&TCode=2&TName=Albania">
<font face =Arial>
]]>
</start-string>
<start-string context="5">
<![CDATA[</font>
</a>
</font>
</td>
<td bgcolor ="#DCEAFF" align ="center" width ="33%">
]]>
</start-string>
<start-string context="2">
<![CDATA[<font face ="Arial,Helvetia" size ="2">
<a target =Contents href ="/Teams&Clubs/Teams/SquadList/PlayerDetail.asp?Player=46264&Layout=&TCode=2&TName=Albania">
<font face =Arial>
]]>
</start-string>
<end-string context="2">
<![CDATA[</font>
</a>
</font>
]]>
</end-string>
<start-string context="4">
<![CDATA[<img>
</img>
]]>
</start-string>
<start-string context="9">
<![CDATA[</td>
<td bgcolor ="#DCEAFF" align ="center" width ="33%">
]]>
</start-string>
<end-string context="9">
<![CDATA[</td>
</tr>
]]>
</end-string>
<start-string context="6">
<![CDATA[<font face ="Arial,Helvetia" size ="2">
<a target =Contents href ="/Teams&Clubs/Teams/SquadList/PlayerDetail.asp?Player=24326&Layout=&TCode=2&TName=Albania">
<font face =Arial>
]]>
</start-string>
<end-string context="6">
<![CDATA[</font>
</a>
</font>
]]>
</end-string>
<start-string context="8">
<![CDATA[<img>
</img>
]]>
</start-string>
</template>

