<value instanceof="68">
<value instanceof="17">
<![CDATA[ The Terminator]]>
</value>
<value instanceof="18">
<![CDATA[ (1984)]]>
</value>
<value instanceof="19">
<![CDATA[ <br>  ]]>
</value>
<value instanceof="20">
<![CDATA[ English (Dolby Digital Mono)]]>
</value>
<value instanceof="22">
</value>
<value instanceof="23">
<![CDATA[ <a href ='http://www.netflix.com/RoleDisplay?personid=83402'> Arnold Schwarzenegger </a> , <a href ='http://www.netflix.com/RoleDisplay?personid=8114'> Michael Biehn </a> , <a href ='/MovieDisplay?movieid=1032625&trkid=4368#cast'> More </a>]]>
</value>
<value instanceof="24">
<![CDATA[ <a href ='http://www.netflix.com/RoleDisplay?personid=13724'> James Cameron </a>]]>
</value>
<value instanceof="25">
<![CDATA[ 107 minutes]]>
</value>
<value instanceof="26">
<![CDATA[ R]]>
</value>
<value instanceof="27">
<![CDATA[ Sci-Fi & Fantasy]]>
</value>
<value instanceof="28">
<![CDATA[ Widescreen]]>
</value>
<value instanceof="29">
<![CDATA[ None]]>
</value>
<value instanceof="30">
<![CDATA[ 4.0]]>
</value>
<value instanceof="31">
<![CDATA[ (151,627]]>
</value>
<value instanceof="32">
<![CDATA[ Not Available]]>
</value>
<value instanceof="33">
<value instanceof="16">
</value>
</value>
<value instanceof="35">
<![CDATA[ <br> </br> <a> <img> </img> </a> <a> Netflix Review </a> <br> </br> <a> <img> </img> </a> <a> Awards </a> <br> </br> <a> <img> </img> </a> <a> Mr. DVD Recommends </a> <br> </br>]]>
</value>
<value instanceof="44">
<![CDATA[ <p> <hr> </hr> <a> </a> <font> <b> Synopsis </b> </font> </p> The Terminator was the breakthrough film for both star Arnold Schwarzenegger and co-writer/director James Cameron, telling the ingenious tale of an invincible robot from the year 2029, transported through time to 1984 Los Angeles on a mission of death. <p>   See movie reviews below. <p>   <b> About the DVD: </b> A relatively simple disc, in the original widescreen. There's chapters, and the original trailer and a note that the film is presented in its original mono. <p>  ]]>
</value>
<value instanceof="45">
<![CDATA[ <a href ='http://www.netflix.com/RoleDisplay?personid=83402'> Arnold Schwarzenegger </a> , <a href ='http://www.netflix.com/RoleDisplay?personid=8114'> Michael Biehn </a> , <a href ='http://www.netflix.com/RoleDisplay?personid=38771'> Linda Hamilton </a> , <a href ='http://www.netflix.com/RoleDisplay?personid=100117'> Paul Winfield </a> <p>  ]]>
</value>
<value instanceof="46">
<![CDATA[ Terminator 2: Judgment Day]]>
</value>
<value instanceof="47">
<![CDATA[ He said he'd be back! His mission is to protect the boy destined to lead the freedom fighters of the future. Astounding special effects and stunts, built around a touching and emotional human story.]]>
</value>
<value instanceof="48">
<![CDATA[ R]]>
</value>
<value instanceof="49">
<![CDATA[ (1991)]]>
</value>
<value instanceof="50">
<![CDATA[ True Lies]]>
</value>
<value instanceof="51">
<![CDATA[ A top spy in the secret Omega Sector appears to be just a boring salesman to his wife. When his two lives unexpectedly collide, both he and his wife find themselves in the clutches of international terrorists fighting to save their lives.]]>
</value>
<value instanceof="52">
<![CDATA[ R]]>
</value>
<value instanceof="53">
<![CDATA[ (1994)]]>
</value>
<value instanceof="54">
<![CDATA[ Jurassic Park]]>
</value>
<value instanceof="55">
<![CDATA[ Multimillionaire John Hammond (Richard Attenborough) has a plan for a new theme park: a secluded island where visitors can observe dinosaurs, cloned using advanced DNA technology. But when an employee tampers with the security system, the dinosaurs escape, forcing the visitors to fight for their survival. Jeff Goldblum and Laura Dern star, as their computer-generated co-stars chew the scenery in this action-packed thriller.]]>
</value>
<value instanceof="56">
<![CDATA[ PG-13]]>
</value>
<value instanceof="57">
<![CDATA[ (1993)]]>
</value>
<value instanceof="58">
<![CDATA[ The Thing]]>
</value>
<value instanceof="59">
<![CDATA[ A team of scientists doing research in remote Antarctica discovers an alien who's been frozen in the snow for thousands of years. The alien thaws, comes to life, and the terror begins. Includes a featurette and more.]]>
</value>
<value instanceof="60">
<![CDATA[ R]]>
</value>
<value instanceof="61">
<![CDATA[ (1982)]]>
</value>
<value instanceof="65">
<value instanceof="64">
<value instanceof="62">
<![CDATA[ James Rocchi]]>
</value>
<value instanceof="63">
<![CDATA[ The film that put James Cameron on the map and made Arnold Schwarzenegger an international star, The Terminator is a high-potency distillation of a bunch of sci-fi concepts (intelligent machines, the final war, time travel and so on) into one package. In the tomorrow of 2029, as the ... <a> Complete Review </a>]]>
</value>
</value>
</value>
<value instanceof="66">
<![CDATA[ 38]]>
</value>
<value instanceof="67">
<value instanceof="12">
<value instanceof="11">
<![CDATA[ <p>   <a> </a> <table> <tr> <td> </td> <td> <font> <i> Thomas Collins Jr </i> </font> </td> <td> &nbsp; <font> <b> 9 </b> out of <b> 10 </b> people found this review helpful. </font> </td> </tr> </table> <font> Just as I remember it from the theater. It's action still holds up to any movie from the 90's or 2000. I wish the DVD soundtrack was a bit better though. </font> <table> <tr> <td> </td> </tr> </table> I found this review &nbsp; <p>   <a> </a> <table> <tr> <td> </td> <td> <font> <i> JA from NV </i> <font> <br> </br> ( <a> Read more about me ... </a> ) </font> </font> </td> <td> &nbsp; <font> <b> 9 </b> out of <b> 11 </b> people found this review helpful. </font> </td> </tr> </table> <font> Classic! The first "Terminator" was very good, although "Terminator 2" is one of the few examples of a sequel actually being an improvement of the original. Very good for what it is, and when it was made. Frankly, I don't know where all the controversy surrounding the movie regarding the ... <a> Complete Review </a> </font> <table> <tr> <td> </td> </tr> </table> I found this review &nbsp; <p>   <a> </a> <table> <tr> <td> </td> <td> <font> <i> JD from AR </i> <font> <br> </br> ( <a> Read more about me ... </a> ) </font> </font> </td> <td> &nbsp; <font> <b> 7 </b> out of <b> 7 </b> people found this review helpful. </font> </td> </tr> </table> <font> I saw this in it's release which had a scene that was cut when it was released on vhs/laserdisc versions I understand that it and additional cut scenes have been added to the DVD. Movie was incomplete without the scene with Sarah Conner on stretcher overhearing 2 suits talking about ... <a> Complete Review </a> </font> <table> <tr> <td> </td> </tr> </table> I found this review &nbsp; <p>   &nbsp;]]>
</value>
</value>
<value instanceof="14">
</value>
<value instanceof="12">
<value instanceof="11">
<![CDATA[ <p>   <a> </a> <table> <tr> <td> </td> <td> <font> <i> LK from PA 3 </i> <font> <br> </br> ( <a> Read more about me ... </a> ) </font> </font> </td> <td> </td> </tr> </table> <font> Done with the Swartz as a robot making his many resurections at least plausable, as opposed to today's flics where he's fatally wounded only to be running arroung "just fine thank you" a scene later. Good entertainment. </font> <table> <tr> <td> </td> </tr> </table> I found this review &nbsp; <p>   <a> </a> <table> <tr> <td> </td> <td> <font> <i> JG from CA 35 </i> <font> <br> </br> ( <a> Read more about me ... </a> ) </font> </font> </td> <td> &nbsp; <font> <b> 1 </b> out of <b> 2 </b> people found this review helpful. </font> </td> </tr> </table> <font> Wow - what a difference 20 years can make. I really liked this film when it first came out. However, the 'special effects' are anything but. The futuristic scenes are beyond lame and detract from the believability in a big way. Too bad, as the underlying story is excellent. Also, they didn't ... <a> Complete Review </a> </font> <table> <tr> <td> </td> </tr> </table> I found this review &nbsp; <p>   <a> </a> <table> <tr> <td> </td> <td> <font> <i> Bobby Moore </i> </font> </td> <td> &nbsp; <font> <b> 3 </b> out of <b> 3 </b> people found this review helpful. </font> </td> </tr> </table> <font> Classic Si-Fi movie. Uses one of this genres favorite themes - Time travel and how it affects the present. Arnold does some of his best acting - none and Linda Hamilton is HOT! Must See for anyone! </font> <table> <tr> <td> </td> </tr> </table> I found this review &nbsp; <p>   <table> <tr> <td> <a> <font> <b> See All Customer Reviews </b> </font> </a> </td> </tr> </table>]]>
</value>
</value>
</value>
</value>

