<value instanceof="68">
<value instanceof="17">
<![CDATA[ The Thing]]>
</value>
<value instanceof="18">
<![CDATA[ (1982)]]>
</value>
<value instanceof="19">
<![CDATA[ <br>  ]]>
</value>
<value instanceof="20">
<![CDATA[ English (Dolby Digital 5.1), French (Dolby Digital 2.0 Surround)]]>
</value>
<value instanceof="22">
</value>
<value instanceof="23">
<![CDATA[ <a href ='http://www.netflix.com/RoleDisplay?personid=20000391'> Kurt Russell </a> , <a href ='http://www.netflix.com/RoleDisplay?personid=26744'> Richard Dysart </a> , <a href ='/MovieDisplay?movieid=1038926&trkid=2069#cast'> More </a>]]>
</value>
<value instanceof="24">
<![CDATA[ <a href ='http://www.netflix.com/RoleDisplay?personid=14639'> John Carpenter </a>]]>
</value>
<value instanceof="25">
<![CDATA[ 108 minutes]]>
</value>
<value instanceof="26">
<![CDATA[ R]]>
</value>
<value instanceof="27">
<![CDATA[ Sci-Fi & Fantasy]]>
</value>
<value instanceof="28">
<![CDATA[ Widescreen]]>
</value>
<value instanceof="29">
<![CDATA[ Spanish]]>
</value>
<value instanceof="30">
<![CDATA[ 3.5]]>
</value>
<value instanceof="31">
<![CDATA[ (34,177]]>
</value>
<value instanceof="32">
<![CDATA[ Commentary with Kurt Russell and director John Carpenter; a making-of documentary with stop-motion photography that didn't make the final cut; the theatrical trailer; outtakes; a photo album; storyboards and concept art; and a production archive.]]>
</value>
<value instanceof="33">
</value>
<value instanceof="35">
<![CDATA[ <br> </br> <a> <img> </img> </a> <a> Netflix Review </a> <br> </br> <a> <img> </img> </a> <a> Mr. DVD Recommends </a> <br> </br>]]>
</value>
<value instanceof="44">
<![CDATA[ <p> <hr> </hr> <a> </a> <font> <b> Synopsis </b> </font> </p> Horror-meister John Carpenter ( <i> Halloween, Escape From New York </i> ) combines Kurt Russell's outstanding performance with incredible visuals to build this chilling version of the classic <i> The Thing </i> . <p>   In winter 1982, a 12-man research team at a remote Antarctic research station discovers an alien who's been buried in the snow for more than 100,000 years. Soon unfrozen, the form-changing alien wreaks havoc, creates terror and becomes one of them. <p>   See movie reviews below. <p>   <b> About the DVD: </b> The Thing Collector's Edition takes it place as one of the finest DVDs on the market. Universal has included everything of possible interest here: a fascinating commentary by Kurt Russell and the film's director John Carpenter; an extensive (80 minutes!) documentary on the film's making that includes stop-motion photography not used in the film; the theatrical trailer; outtakes; a photo album, storyboards and "Thing" concept art and a production archive (extensive notes of the film's production history). <p>   Ultimately, The Thing is given the same outstanding collector's edition treatment that Universal has given Psycho and Vertigo. Universal is getting better with each collector's edition. The documentaries are more extensive and the collections more fascinating. And, The Thing benefits from the higher picture quality inherit with DVD. This new transfer looks exceptional. The sound has been re-recorded into Dolby Digital 5.1-which adds tremendously to the film's overall nightmarish effect. <p>   This DVD is an exceptional opportunity to see the film in the best format possible for home viewing - and for fans of the film (and who couldn't be after seeing it?) a day's worth of extras to view and study. Few DVDs deserve the 10-star rating - but The Thing has earned every star. <p>  ]]>
</value>
<value instanceof="45">
<![CDATA[ <a href ='http://www.netflix.com/RoleDisplay?personid=20000391'> Kurt Russell </a> , <a href ='http://www.netflix.com/RoleDisplay?personid=26744'> Richard Dysart </a> , <a href ='http://www.netflix.com/RoleDisplay?personid=60364'> Richard Masur </a> , <a href ='http://www.netflix.com/RoleDisplay?personid=11260'> Wilford Brimley </a> <p>  ]]>
</value>
<value instanceof="46">
<![CDATA[ Night of the Living Dead]]>
</value>
<value instanceof="47">
<![CDATA[ Dead bodies are returning to life and eating human flesh! A group of survivors seeks refuge in a farmhouse, hoping to protect themselves from the hordes of advancing zombies.]]>
</value>
<value instanceof="48">
<![CDATA[ NR]]>
</value>
<value instanceof="49">
<![CDATA[ (1968)]]>
</value>
<value instanceof="50">
<![CDATA[ Eaten Alive]]>
</value>
<value instanceof="51">
<![CDATA[ Judd (Neville Brand) is the owner of a dilapidated motel buried deep in the bayou that caters to strangers passing through. Unfortunately, for the guests, he also caters to his pet alligator's voracious appetite.]]>
</value>
<value instanceof="52">
<![CDATA[ R]]>
</value>
<value instanceof="53">
<![CDATA[ (1976)]]>
</value>
<value instanceof="54">
<![CDATA[ Fright Night Horror Classics #1: Night of the Living Dead]]>
</value>
<value instanceof="55">
<![CDATA[ Still today "Night of the Living Dead" is one of the most gruesome and terrifying films ever made. Guaranteed to frighten you out of your wits!]]>
</value>
<value instanceof="56">
<![CDATA[ NR]]>
</value>
<value instanceof="57">
<![CDATA[ (1968)]]>
</value>
<value instanceof="58">
<![CDATA[ The Twilight Zone #1]]>
</value>
<value instanceof="59">
<![CDATA[ Includes "The Invaders," "Night of the Meek," with Art Carney as a department store Santa and Robert Redford in "Nothing in the Dark."]]>
</value>
<value instanceof="60">
<![CDATA[ NR]]>
</value>
<value instanceof="61">
<![CDATA[ (1962)]]>
</value>
<value instanceof="65">
<value instanceof="64">
<value instanceof="62">
<![CDATA[ Dan Auiler]]>
</value>
<value instanceof="63">
<![CDATA[ John Carpenter's The Thing showcases the director's finest work -- horror or otherwise. Based on the classic '50s film of the same title, an Antartic expedition encounters an alien long buried in the centuries-old ice. The Thing has the ability to take other forms, and it invades the expedition ... <a> Complete Review </a>]]>
</value>
</value>
</value>
<value instanceof="66">
<![CDATA[ 62]]>
</value>
<value instanceof="67">
<value instanceof="12">
<value instanceof="11">
<![CDATA[]]>
</value>
</value>
<value instanceof="14">
</value>
<value instanceof="12">
<value instanceof="11">
<![CDATA[ <p>   <a> </a> <table> <tr> <td> </td> <td> <font> <i> Osmooms </i> </font> </td> <td> </td> </tr> </table> <font> When this movie first appeared at the boxoffice, critics panned it almost universallly, for relying too much on special effects and not being true to the original and for not being particularly "scary". I went and saw it, and saw it again and was blown away by this movie. The critics I had read ... <a> Complete Review </a> </font> <table> <tr> <td> </td> </tr> </table> I found this review &nbsp; <p>   <a> </a> <table> <tr> <td> </td> <td> <font> <i> Q Master General </i> <font> <br> </br> ( <a> Read more about me ... </a> ) </font> </font> </td> <td> </td> </tr> </table> <font> "The Thing" is one of the best films of the 80s in my humble opinion...The atmosphere and effects, and acting is killer, straight up no-nonsense...The tension is awesome...Saw this on cable but DVD really makes it happen...Cool commentary from Carpenter and Russell, a very-detailed documentary, ... <a> Complete Review </a> </font> <table> <tr> <td> </td> </tr> </table> I found this review &nbsp; <p>   <a> </a> <table> <tr> <td> </td> <td> <font> <i> Eric_FXST </i> <font> <br> </br> ( <a> Read more about me ... </a> ) </font> </font> </td> <td> </td> </tr> </table> <font> This movie is FANTASTIC! I have for so long, been disappointed with movies that have added intense amounts of gore in order to 'scare' the viewer. This movie combines its share of gore with just fantastic 'scare tactics'. This movie has a soundtrack combined with tons of dark, shadowy, ... <a> Complete Review </a> </font> <table> <tr> <td> </td> </tr> </table> I found this review &nbsp; <p>   <table> <tr> <td> <a> <font> <b> See All Customer Reviews </b> </font> </a> </td> </tr> </table>]]>
</value>
</value>
</value>
</value>

