<value instanceof="68">
<value instanceof="17">
<![CDATA[ Apollo 13]]>
</value>
<value instanceof="18">
<![CDATA[ (1995)]]>
</value>
<value instanceof="19">
<![CDATA[ <br>  ]]>
</value>
<value instanceof="20">
<![CDATA[ English (Dolby Digital 2.0 Surround)]]>
</value>
<value instanceof="22">
<value instanceof="21">
</value>
</value>
<value instanceof="23">
<![CDATA[ <a href ='http://www.netflix.com/RoleDisplay?personid=39020'> Tom Hanks </a> , <a href ='http://www.netflix.com/RoleDisplay?personid=86175'> Gary Sinise </a> , <a href ='/MovieDisplay?movieid=262866&trkid=4368#cast'> More </a>]]>
</value>
<value instanceof="24">
<![CDATA[ <a href ='http://www.netflix.com/RoleDisplay?personid=43453'> Ron Howard </a>]]>
</value>
<value instanceof="25">
<![CDATA[ 140 minutes]]>
</value>
<value instanceof="26">
<![CDATA[ PG]]>
</value>
<value instanceof="27">
<![CDATA[ Drama]]>
</value>
<value instanceof="28">
<![CDATA[ Widescreen Anamorphic]]>
</value>
<value instanceof="29">
<![CDATA[ None]]>
</value>
<value instanceof="30">
<![CDATA[ 4.0]]>
</value>
<value instanceof="31">
<![CDATA[ (237,803]]>
</value>
<value instanceof="32">
<![CDATA[ Color; interactive menus]]>
</value>
<value instanceof="33">
<value instanceof="16">
</value>
</value>
<value instanceof="35">
<![CDATA[ <br> </br> <a> <img> </img> </a> <a> Netflix Review </a> <br> </br> <a> <img> </img> </a> <a> Awards </a> <br> </br>]]>
</value>
<value instanceof="44">
<![CDATA[ <p> <hr> </hr> <a> </a> <font> <b> Synopsis </b> </font> </p> It had been less than a year since man first walked on the moon. As far as the American public was concerned, Apollo 13 was just another "routine" space flight -- until these words pierced the immense void of space: "Houston, we have a problem." <p>   Stranded 205,000 miles from Earth in a crippled spacecraft, astronauts Jim Lovell, Fred Haise and Jack Swigert fight a desperate battle to survive. Meanwhile, at Mission Control, astronaut Ken Mattingly, flight director Gene Kranz and a heroic ground crew race against time -- and the odds -- to bring them home. <p>   It's a breathtaking adventure that's all about courage, faith and ingenuity -- all the more remarkable because it's a true story! <p>   See movie reviews below. <p>   <b> About the DVD: </b> A gorgeous 2.35:1 anamorphic widescreen picture, with 5.1 sound.. <p>  ]]>
</value>
<value instanceof="45">
<![CDATA[ <a href ='http://www.netflix.com/RoleDisplay?personid=39020'> Tom Hanks </a> , <a href ='http://www.netflix.com/RoleDisplay?personid=86175'> Gary Sinise </a> , <a href ='http://www.netflix.com/RoleDisplay?personid=4206'> Kevin Bacon </a> , <a href ='http://www.netflix.com/RoleDisplay?personid=75621'> Kathleen Quinlan </a> , <a href ='http://www.netflix.com/RoleDisplay?personid=72044'> Bill Paxton </a> , <a href ='http://www.netflix.com/RoleDisplay?personid=39559'> Ed Harris </a> <p>  ]]>
</value>
<value instanceof="46">
<![CDATA[ Saving Private Ryan]]>
</value>
<value instanceof="47">
<![CDATA[ Steven Spielberg's World War II epic about rescue and redemption captures not only war's horrors, but also the necessity of battle. Starring Tom Hanks, Saving Private Ryan includes some of the most intense combat scenes ever filmed.]]>
</value>
<value instanceof="48">
<![CDATA[ R]]>
</value>
<value instanceof="49">
<![CDATA[ (1998)]]>
</value>
<value instanceof="50">
<![CDATA[ October Sky]]>
</value>
<value instanceof="51">
<![CDATA[ When the Soviet satellite Sputnik flies over Coaltown, W.Va., in 1957, teen Homer Hickam's dreams and destiny change forever in this incredible and inspirational true story about determination and triumph.]]>
</value>
<value instanceof="52">
<![CDATA[ PG]]>
</value>
<value instanceof="53">
<![CDATA[ (1999)]]>
</value>
<value instanceof="54">
<![CDATA[ The Green Mile]]>
</value>
<value instanceof="55">
<![CDATA[ Set on death row in a Southern prison, The Green Mile chronicles the story of the cell block's head guard (Tom Hanks), who develops a poignant relationship with an inmate (Michael Clarke Duncan) who possesses a miraculous gift.]]>
</value>
<value instanceof="56">
<![CDATA[ R]]>
</value>
<value instanceof="57">
<![CDATA[ (1999)]]>
</value>
<value instanceof="58">
<![CDATA[ Big]]>
</value>
<value instanceof="59">
<![CDATA[ A 13 year old boy makes a wish at a carnival to be "big." When he wakes up the next morning he finds that he suddenly won't fit into his clothes, he must learn to live in the adult world--until he finds a cure.]]>
</value>
<value instanceof="60">
<![CDATA[ PG]]>
</value>
<value instanceof="61">
<![CDATA[ (1988)]]>
</value>
<value instanceof="65">
<value instanceof="64">
<value instanceof="62">
<![CDATA[ Dan Auiler]]>
</value>
<value instanceof="63">
<![CDATA[ "Houston, we have a problem." <p> </p> Ron Howard has become a major force in American cinema, and Apollo 13 is his greatest achievement. Based on the true story of the nearly fatal flight of the 13th Apollo mission, this film is riveting. In addition to being a well told tale, Apollo 13 is by far the ... <a> Complete Review </a>]]>
</value>
</value>
</value>
<value instanceof="66">
<![CDATA[ 97]]>
</value>
<value instanceof="67">
<value instanceof="12">
<value instanceof="11">
<![CDATA[ <p>   <a> </a> <table> <tr> <td> </td> <td> <font> <i> ___tariq___ </i> <font> <br> </br> ( <a> Read more about me ... </a> ) </font> </font> </td> <td> &nbsp; <font> <b> 58 </b> out of <b> 61 </b> people found this review helpful. </font> </td> </tr> </table> <font> When I was a kid, all I really wanted to be was an astronaut. And I'll admit this film is in some ways as close as I'll ever get to the inside of a real spacecraft. This film is beautifully made -- the set looks like the Johnson Space Center, like Cape Canaveral, and as much like the inside ... <a> Complete Review </a> </font> <table> <tr> <td> </td> </tr> </table> I found this review &nbsp; <p>   <a> </a> <table> <tr> <td> </td> <td> <font> <i> Indicat </i> </font> </td> <td> &nbsp; <font> <b> 5 </b> out of <b> 9 </b> people found this review helpful. </font> </td> </tr> </table> <font> This was a whole lot more interesting the first time. i.e. watching it happen on the news as a kid. As a movie it was a real dud. </font> <table> <tr> <td> </td> </tr> </table> I found this review &nbsp; <p>   <a> </a> <table> <tr> <td> </td> <td> <font> <i> Teresa Murray </i> </font> </td> <td> &nbsp; <font> <b> 4 </b> out of <b> 7 </b> people found this review helpful. </font> </td> </tr> </table> <font> These days good family movies which hold the attention and entertain all ages rarely exist. It was a wonderful, emotional, realistic movie that my 13yr old son even found facinating. So take time, with your family, to enjoy this film. </font> <table> <tr> <td> </td> </tr> </table> I found this review &nbsp; <p>   &nbsp;]]>
</value>
</value>
<value instanceof="14">
</value>
<value instanceof="12">
<value instanceof="11">
<![CDATA[ <p>   <a> </a> <table> <tr> <td> </td> <td> <font> <i> Steven Castellano </i> </font> </td> <td> </td> </tr> </table> <font> I could watch this movie a thousand times and never get tired of it. The launch sequence is absolutely stunning. And I always get a lump in my throat at splashdown. These guys just wanted to get home, after all. </font> <table> <tr> <td> </td> </tr> </table> I found this review &nbsp; <p>   <a> </a> <table> <tr> <td> </td> <td> <font> <i> TA from NY 3 </i> <font> <br> </br> ( <a> Read more about me ... </a> ) </font> </font> </td> <td> &nbsp; <font> <b> 2 </b> out of <b> 4 </b> people found this review helpful. </font> </td> </tr> </table> <font> Although some of us have wondered how we can send a man into space and still allow children to starve - we can't help admire the intelligence, dedication and heroism of those involved. This movie honors them and shows the humanity they posses. </font> <table> <tr> <td> </td> </tr> </table> I found this review &nbsp; <p>   <a> </a> <table> <tr> <td> </td> <td> <font> <i> MV from MO 2 </i> <font> <br> </br> ( <a> Read more about me ... </a> ) </font> </font> </td> <td> </td> </tr> </table> <font> I did not like this film because some of the scenes were just too long. John Lovell (Tom Hanks) did not have a very well developed character. Jim Swaggert (Kevin Bacon) did not have a character, at all. The movie was just plain boring. </font> <table> <tr> <td> </td> </tr> </table> I found this review &nbsp; <p>   <table> <tr> <td> <a> <font> <b> See All Customer Reviews </b> </font> </a> </td> </tr> </table>]]>
</value>
</value>
</value>
</value>

