<value instanceof="68">
<value instanceof="17">
<![CDATA[ Butch Cassidy and the Sundance Kid]]>
</value>
<value instanceof="18">
<![CDATA[ (1969)]]>
</value>
<value instanceof="19">
<![CDATA[ <br>  ]]>
</value>
<value instanceof="20">
<![CDATA[ English (Dolby Digital Mono)]]>
</value>
<value instanceof="22">
<value instanceof="21">
</value>
</value>
<value instanceof="23">
<![CDATA[ <a href ='http://www.netflix.com/RoleDisplay?personid=68009'> Paul Newman </a> , <a href ='http://www.netflix.com/RoleDisplay?personid=76851'> Robert Redford </a> , <a href ='/MovieDisplay?movieid=26308213&trkid=4368#cast'> More </a>]]>
</value>
<value instanceof="24">
<![CDATA[ <a href ='http://www.netflix.com/RoleDisplay?personid=41833'> George Roy Hill </a>]]>
</value>
<value instanceof="25">
<![CDATA[ 110 minutes]]>
</value>
<value instanceof="26">
<![CDATA[ PG]]>
</value>
<value instanceof="27">
<![CDATA[ Action & Adventure]]>
</value>
<value instanceof="28">
<![CDATA[ Widescreen Anamorphic]]>
</value>
<value instanceof="29">
<![CDATA[ English, Spanish]]>
</value>
<value instanceof="30">
<![CDATA[ 4.0]]>
</value>
<value instanceof="31">
<![CDATA[ (40,589]]>
</value>
<value instanceof="32">
<![CDATA[ Color; region 1 encoding; interactive menus; scene access; commentary with director George Roy Hill; making-of documentary; interviews with Paul Newman, Robert Redford, Katharine Ross and more; theatrical trailer; DVD-ROM content; enhanced for 16x9 TVs]]>
</value>
<value instanceof="33">
<value instanceof="16">
</value>
</value>
<value instanceof="35">
<![CDATA[ <br> </br> <a> <img> </img> </a> <a> Netflix Review </a> <br> </br> <a> <img> </img> </a> <a> Awards </a> <br> </br> <a> <img> </img> </a> <a> Leonard Maltin Recommends </a> <br> </br>]]>
</value>
<value instanceof="44">
<![CDATA[ <p> <hr> </hr> <a> </a> <font> <b> Synopsis </b> </font> </p> One of the most popular screen Westerns ever made, this Academy Award-winning classic blends adventure, romance and comedy to tell the true story of the West's most likeable outlaws. No one is quicker than Butch Cassidy when it comes to get-rich-quick schemes, and his sidekick Sundance is a wizard with a gun. When these two bungling train robbers tire of running from the law, they set out for Bolivia with Sundance's girlfriend. Though they can barely speak enough Spanish to communicate "This is a stick-up," that's only a minor detail to the two nicest bad guys who ever rode in the West. <p>   See movie reviews below. <p>   <b> About the DVD: </b> The disc is loaded with nice extras. There's a commentary by Hill, lyricist Hal David, Hall and dialogue coach Robert Crawford; a making-of documentary; and 1994 interviews with Goldman, Redford, Newman, Ross and songwriter Burt Bacharach. There are also extensive trailers, documentation about the film's genesis and production notes. The image is in a beautiful 2.35:1 anamorphic widescreen, and the sound is in Dolby Digital 5.1 and 2.0. <p>  ]]>
</value>
<value instanceof="45">
<![CDATA[ <a href ='http://www.netflix.com/RoleDisplay?personid=68009'> Paul Newman </a> , <a href ='http://www.netflix.com/RoleDisplay?personid=76851'> Robert Redford </a> , <a href ='http://www.netflix.com/RoleDisplay?personid=80044'> Katharine Ross </a> , <a href ='http://www.netflix.com/RoleDisplay?personid=59943'> Strother Martin </a> , <a href ='http://www.netflix.com/RoleDisplay?personid=46850'> Henry Jones </a> , <a href ='http://www.netflix.com/RoleDisplay?personid=20015024'> Jeff Corey </a> , <a href ='http://www.netflix.com/RoleDisplay?personid=20000737'> George Furth </a> , <a href ='http://www.netflix.com/RoleDisplay?personid=53608'> Cloris Leachman </a> , <a href ='http://www.netflix.com/RoleDisplay?personid=20004686'> Ted Cassidy </a> , <a href ='http://www.netflix.com/RoleDisplay?personid=20004141'> Kenneth Mars </a> , <a href ='http://www.netflix.com/RoleDisplay?personid=20012015'> Donnelly Rhodes </a> <p>  ]]>
</value>
<value instanceof="46">
<![CDATA[ Comes a Horseman]]>
</value>
<value instanceof="47">
<![CDATA[ A ruthless cattle baron (Jason Robards, Jr.) stops at nothing to acquire the land bordering his property. A woman rancher (Jane Fonda) reluctantly joins forces with an ex-soldier (James Caan) to resist the land-greedy baron.]]>
</value>
<value instanceof="48">
<![CDATA[ PG]]>
</value>
<value instanceof="49">
<![CDATA[ (1978)]]>
</value>
<value instanceof="50">
<![CDATA[ The John Wayne Collection #2: Riders of Destiny/The Star Packer]]>
</value>
<value instanceof="51">
<![CDATA[ In "Riders of Destiny," the Duke plays a government agent who must secure water rights for ranchers and in "The Star Packer," he must straighten out a gang of criminals while still finding time for romance.]]>
</value>
<value instanceof="52">
<![CDATA[ NR]]>
</value>
<value instanceof="53">
<![CDATA[ (1934)]]>
</value>
<value instanceof="54">
<![CDATA[ Cat Ballou]]>
</value>
<value instanceof="55">
<![CDATA[ A tongue-in-cheek parody that's become a classic Western in its own right. Lee Marvin, in the dual role of gunslinger Tim Strawn and boozehound Kid Shelleen, has rarely been better. Jane Fonda plays the titular Cat, a schoolmarm-cum-outlaw who teams with Shelleen to keep her father's ranch from the clutches of a robber baron. Nat King Cole and Stubby Kaye warble the title tune.]]>
</value>
<value instanceof="56">
<![CDATA[ NR]]>
</value>
<value instanceof="57">
<![CDATA[ (1965)]]>
</value>
<value instanceof="58">
<![CDATA[ North by Northwest]]>
</value>
<value instanceof="59">
<![CDATA[ Cary Grant plays Roger O. Thornhill, an advertising executive mistaken for U.S. undercover agent George Kaplan. Hunted by enemy spies, Thornhill decides to flee and prove his identity before it's too late.]]>
</value>
<value instanceof="60">
<![CDATA[ NR]]>
</value>
<value instanceof="61">
<![CDATA[ (1959)]]>
</value>
<value instanceof="65">
<value instanceof="64">
<value instanceof="62">
<![CDATA[ James Rocchi]]>
</value>
<value instanceof="63">
<![CDATA[ While we easily recall the comedy and romance of Butch Cassidy and the Sundance Kid, at the same time -- like as ever-present posse that pursues the pair -- we can conjure the sadness and pervasive sense of doom that fills the film. Similar to It's a Wonderful Life, we may remember Butch Cassidy ... <a> Complete Review </a>]]>
</value>
</value>
</value>
<value instanceof="66">
<![CDATA[ 32]]>
</value>
<value instanceof="67">
<value instanceof="12">
<value instanceof="11">
<![CDATA[ <p>   <a> </a> <table> <tr> <td> </td> <td> <font> <i> RM from AL 2 </i> <font> <br> </br> ( <a> Read more about me ... </a> ) </font> </font> </td> <td> &nbsp; <font> <b> 5 </b> out of <b> 5 </b> people found this review helpful. </font> </td> </tr> </table> <font> Excellent story, great acting! We really liked the "making of the movie" portion of the DVD which told more of the background of the real story. Recommend watching the movie, then watch the details of behind the scenes. </font> <table> <tr> <td> </td> </tr> </table> I found this review &nbsp; <p>   <a> </a> <table> <tr> <td> </td> <td> <font> <i> RS from CA 31 </i> <font> <br> </br> ( <a> Read more about me ... </a> ) </font> </font> </td> <td> &nbsp; <font> <b> 3 </b> out of <b> 3 </b> people found this review helpful. </font> </td> </tr> </table> <font> This is one of the best westerns I have ever seen. It is a classic example of humor and action that should be held up as a comparison for all other western films. Paul Newman and Rob Redford are in their prime and completely hysterical. "Who are those guys anyway?" </font> <table> <tr> <td> </td> </tr> </table> I found this review &nbsp; <p>   <a> </a> <table> <tr> <td> </td> <td> <font> <i> KW from CA 4 </i> <font> <br> </br> ( <a> Read more about me ... </a> ) </font> </font> </td> <td> &nbsp; <font> <b> 3 </b> out of <b> 3 </b> people found this review helpful. </font> </td> </tr> </table> <font> A timeless classic based on a true story, Butch Cassidy & The Sundance Kid pairs the incredible talents of Newman and Redford at their best. The DVD quality of both picture and soundtrack are very good, considering this film is almost 30 years old. If you haven't seen Butch and Sundance, you must. </font> <table> <tr> <td> </td> </tr> </table> I found this review &nbsp; <p>   &nbsp;]]>
</value>
</value>
<value instanceof="14">
</value>
<value instanceof="12">
<value instanceof="11">
<![CDATA[ <p>   <a> </a> <table> <tr> <td> </td> <td> <font> <i> John Corley </i> </font> </td> <td> </td> </tr> </table> <font> The two are great alone, togeather they are better than the sum of the parts. We have watched it many times. Who are those guys? </font> <table> <tr> <td> </td> </tr> </table> I found this review &nbsp; <p>   <a> </a> <table> <tr> <td> </td> <td> <font> <i> Christopher Condon </i> </font> </td> <td> </td> </tr> </table> <font> Absolutely fantastic! This is one of those movies like Rocky, or Raiders of the Lost Arc that get overlooked because seemingly they are about boxing, or, in this case, cowboys. However, pay attention to the critics on this one. It is an amazing movie, hysterically funny, and well-done from ... <a> Complete Review </a> </font> <table> <tr> <td> </td> </tr> </table> I found this review &nbsp; <p>   <a> </a> <table> <tr> <td> </td> <td> <font> <i> Gustavo - CA </i> <font> <br> </br> ( <a> Read more about me ... </a> ) </font> </font> </td> <td> </td> </tr> </table> <font> The first time I watched this movie, I was a teen. And I watched it not because of Newman or Redford but because of the music of Burt Bacharach and David. But this movie "caught" me and I watched it several times since then. And I'll do it again and again. A "MUST SEE" for the whole family. </font> <table> <tr> <td> </td> </tr> </table> I found this review &nbsp; <p>   <table> <tr> <td> <a> <font> <b> See All Customer Reviews </b> </font> </a> </td> </tr> </table>]]>
</value>
</value>
</value>
</value>

