<value instanceof="68">
<value instanceof="17">
<![CDATA[ Army of Darkness]]>
</value>
<value instanceof="18">
<![CDATA[ (1993)]]>
</value>
<value instanceof="19">
<![CDATA[ <br>  ]]>
</value>
<value instanceof="20">
<![CDATA[ English (Dolby Digital 2.0 Surround), French (Dolby Digital 2.0 Surround)]]>
</value>
<value instanceof="22">
</value>
<value instanceof="23">
<![CDATA[ <a href ='http://www.netflix.com/RoleDisplay?personid=13822'> Bruce Campbell </a> , <a href ='http://www.netflix.com/RoleDisplay?personid=22150'> Embeth Davidtz </a>]]>
</value>
<value instanceof="24">
<![CDATA[ <a href ='http://www.netflix.com/RoleDisplay?personid=75958'> Sam Raimi </a>]]>
</value>
<value instanceof="25">
<![CDATA[ 81 minutes]]>
</value>
<value instanceof="26">
<![CDATA[ R]]>
</value>
<value instanceof="27">
<![CDATA[ Horror]]>
</value>
<value instanceof="28">
<![CDATA[ Widescreen]]>
</value>
<value instanceof="29">
<![CDATA[ Spanish]]>
</value>
<value instanceof="30">
<![CDATA[ 3.4]]>
</value>
<value instanceof="31">
<![CDATA[ (41,847]]>
</value>
<value instanceof="32">
<![CDATA[ Not Available]]>
</value>
<value instanceof="33">
<value instanceof="16">
</value>
</value>
<value instanceof="35">
<![CDATA[ <br> </br> <a> <img> </img> </a> <a> Netflix Review </a> <br> </br>]]>
</value>
<value instanceof="44">
<![CDATA[ <p> <hr> </hr> <a> </a> <font> <b> Synopsis </b> </font> </p> Bound in human flesh, inked in blood - and amazingly hard to pronounce - the ancient ""Necronomicon"" (Book of the Dead) unleashes unspeakable evil upon mankind in director Sam Raimi's (Darkman) outrageously hilarious sword-and-sorcery epic. <p>   Back to do battle with the hideous ""Deadites,"" Bruce Campbell reprises his role from the Evil Dead series as Ash, the handsome, shotgun-toting, chainsaw-armed department store clerk from S-Mart's housewares division. Demonic forces time warp him - and his '73 Oldsmobile - into England's Dark Ages, where he romances a beauty (Embeth Davidtz) and faces legions of undead beasts, including a ghastly army of skeletons. Can Ash save the living from the evil dead, rescue his girlfriend, and get back to his own time? <p>   Overflowing with spectacular special effects, Army of Darkness will make you scream with fear and laughter. In the words of The Washington Post, it's ""drop-dead fun!"" <p>   See movie reviews below. <p>   <b> About the DVD: </b> This is a great looking and sounding DVD - in fact, this is the best looking version available of the film. Why Universal would not release this as Special Edition when they do so with such minor achievements like Street Fighter is beyond my understanding. This is a fascinating, complicated film that was put together with lots of spit, glue, and tape, and all of it looks great. The production story is present in a limited way in the production notes, but the film deserves a commentary and a documentary. The film also deserves the alternate scenes, especially the different endings for which it is famous. Instead, we have this straight-high quality-transfer with the trailer and the cast and production notes. We wait for a Special Edition. <p>  ]]>
</value>
<value instanceof="45">
<![CDATA[ <a href ='http://www.netflix.com/RoleDisplay?personid=13822'> Bruce Campbell </a> , <a href ='http://www.netflix.com/RoleDisplay?personid=22150'> Embeth Davidtz </a> <p>  ]]>
</value>
<value instanceof="46">
<![CDATA[ Mallrats]]>
</value>
<value instanceof="47">
<![CDATA[ Suburban auteur Kevin Smith forgoes the convenience-store environs of Clerks for the mall in this hilarious look at love and loss between the escalators. Brodie (Jason Lee) and T.S. (Jeremy London) lose their girlfriends on the same day, so they take to the mall in search of solace. Cameos by Stan Lee and Jay and Silent Bob are the icing on the cake in this offbeat treat.]]>
</value>
<value instanceof="48">
<![CDATA[ R]]>
</value>
<value instanceof="49">
<![CDATA[ (1995)]]>
</value>
<value instanceof="50">
<![CDATA[ The Thing]]>
</value>
<value instanceof="51">
<![CDATA[ A team of scientists doing research in remote Antarctica discovers an alien who's been frozen in the snow for thousands of years. The alien thaws, comes to life, and the terror begins. Includes a featurette and more.]]>
</value>
<value instanceof="52">
<![CDATA[ R]]>
</value>
<value instanceof="53">
<![CDATA[ (1982)]]>
</value>
<value instanceof="54">
<![CDATA[ Clerks]]>
</value>
<value instanceof="55">
<![CDATA[ It's one wild day in the life of a pair of overworked counter jockeys whose razor-sharp wit and on-the-job antics give a whole new meaning to customer service!]]>
</value>
<value instanceof="56">
<![CDATA[ R]]>
</value>
<value instanceof="57">
<![CDATA[ (1994)]]>
</value>
<value instanceof="58">
<![CDATA[ South Park: Bigger, Longer and Uncut]]>
</value>
<value instanceof="59">
<![CDATA[ Stan, Kyle, Kenny and Cartman sneak into an R-rated film and emerge so foul-mouthed that indignant parents and politicos declare war on the film's country of origin: Canada. Soon, our young heroes are America's last hope to stop Armageddon.]]>
</value>
<value instanceof="60">
<![CDATA[ R]]>
</value>
<value instanceof="61">
<![CDATA[ (1999)]]>
</value>
<value instanceof="65">
<value instanceof="64">
<value instanceof="62">
<![CDATA[ Dan Auiler]]>
</value>
<value instanceof="63">
<![CDATA[ Intended as an elaborate edition in the cult hit series Evil Dead, Sam Raimi's Army of Darkness continues in a big way his exploration of the evil dead with his fantastic mix of humor and gore. Darkness is not parody, but it's not straight either. The actor's attitude to the material is in the ... <a> Complete Review </a>]]>
</value>
</value>
</value>
<value instanceof="66">
<![CDATA[ 43]]>
</value>
<value instanceof="67">
<value instanceof="12">
<value instanceof="11">
<![CDATA[ <p>   <a> </a> <table> <tr> <td> </td> <td> <font> <i> JH from CA 15 </i> <font> <br> </br> ( <a> Read more about me ... </a> ) </font> </font> </td> <td> &nbsp; <font> <b> 14 </b> out of <b> 15 </b> people found this review helpful. </font> </td> </tr> </table> <font> If I had 12 bucks and a camera, this is the movie I would make, the quintessential guy movie. Warning: ANY MOVIE STARRING BRUCE CAMPBELL IS NOT SUITABLE FOR A FIRST DATE. While you are rolling on the floor, stuffing your guts back in from laughing so hard, your date will be inching steadily AWAY ... <a> Complete Review </a> </font> <table> <tr> <td> </td> </tr> </table> I found this review &nbsp; <p>   <a> </a> <table> <tr> <td> </td> <td> <font> <i> Meredith Pierson </i> </font> </td> <td> &nbsp; <font> <b> 14 </b> out of <b> 15 </b> people found this review helpful. </font> </td> </tr> </table> <font> This movie is absolutely one of the best tongue-in-cheek horror films out there! I started laughing within the first few mintues and didn't stop till the end. Bruce outdid himself with this masterpiece! MUST SEE!!!!!! </font> <table> <tr> <td> </td> </tr> </table> I found this review &nbsp; <p>   <a> </a> <table> <tr> <td> </td> <td> <font> <i> TRB, aka Foglifter </i> </font> </td> <td> &nbsp; <font> <b> 11 </b> out of <b> 12 </b> people found this review helpful. </font> </td> </tr> </table> <font> Army of Darkness is the best of the three in the series. I suggest this one first, Evil Dead II second, and skip the first one entirely. This movie is filled with great lines: "When things are at their darkest, pal, it takes a brave man to kick back and party." "All right you primitive ... <a> Complete Review </a> </font> <table> <tr> <td> </td> </tr> </table> I found this review &nbsp; <p>   &nbsp;]]>
</value>
</value>
<value instanceof="14">
</value>
<value instanceof="12">
<value instanceof="11">
<![CDATA[ <p>   <a> </a> <table> <tr> <td> </td> <td> <font> <i> Charles Russell </i> </font> </td> <td> </td> </tr> </table> <font> If Adam Corrola and Jimmy Kimmel were in charge of the Oscars, Army of Darkness would have made a clean sweep of all Awards. This is quite possibly one of the greatest movies of all time. Now don't get me wrong, I'm not comparing this movie to such greats as The Godfather I&II or Full Metal ... <a> Complete Review </a> </font> <table> <tr> <td> </td> </tr> </table> I found this review &nbsp; <p>   <a> </a> <table> <tr> <td> </td> <td> <font> <i> Walter Lake </i> </font> </td> <td> </td> </tr> </table> <font> lame, might as well have been a cartoon. Plot was bad and not even remotely realistic. </font> <table> <tr> <td> </td> </tr> </table> I found this review &nbsp; <p>   <a> </a> <table> <tr> <td> </td> <td> <font> <i> BryanP from CT </i> <font> <br> </br> ( <a> Read more about me ... </a> ) </font> </font> </td> <td> </td> </tr> </table> <font> I hadn't seen this movie in many, many years. I fiqured I'd give it a try again since it had received fairly good marks on DD 5.1 SS. Well it was redone fairly well, decent low end @ times, dialog had a good tonal balance. With that being said, this is a teen movie with all the macho man jokes ... <a> Complete Review </a> </font> <table> <tr> <td> </td> </tr> </table> I found this review &nbsp; <p>   <table> <tr> <td> <a> <font> <b> See All Customer Reviews </b> </font> </a> </td> </tr> </table>]]>
</value>
</value>
</value>
</value>

