<value instanceof="68">
<value instanceof="17">
<![CDATA[ Galaxy Quest]]>
</value>
<value instanceof="18">
<![CDATA[ (1999)]]>
</value>
<value instanceof="19">
<![CDATA[ <br>  ]]>
</value>
<value instanceof="20">
<![CDATA[ English (Dolby Digital 2.0 Surround), English (Dolby Digital 5.1)]]>
</value>
<value instanceof="22">
<value instanceof="21">
</value>
</value>
<value instanceof="23">
<![CDATA[ <a href ='http://www.netflix.com/RoleDisplay?personid=159864'> Tim Allen </a> , <a href ='http://www.netflix.com/RoleDisplay?personid=97834'> Sigourney Weaver </a> , <a href ='/MovieDisplay?movieid=28369403&trkid=2069#cast'> More </a>]]>
</value>
<value instanceof="24">
<![CDATA[ <a href ='http://www.netflix.com/RoleDisplay?personid=71338'> Dean Parisot </a>]]>
</value>
<value instanceof="25">
<![CDATA[ 102 minutes]]>
</value>
<value instanceof="26">
<![CDATA[ PG]]>
</value>
<value instanceof="27">
<![CDATA[ Comedy]]>
</value>
<value instanceof="28">
<![CDATA[ Widescreen Anamorphic]]>
</value>
<value instanceof="29">
<![CDATA[ None]]>
</value>
<value instanceof="30">
<![CDATA[ 3.5]]>
</value>
<value instanceof="31">
<![CDATA[ (99,637]]>
</value>
<value instanceof="32">
<![CDATA[ Color; region 1; interactive menus; scene access; enhanced for 16x9 TVs; production notes; trailer(s); cast/crew information ; deleted scenes; featurette; behind the scenes "Mockumentary;" Thermian alien language track; parental lock]]>
</value>
<value instanceof="33">
<value instanceof="16">
</value>
</value>
<value instanceof="35">
<![CDATA[ <br> </br> <a> <img> </img> </a> <a> Netflix Review </a> <br> </br> <a> <img> </img> </a> <a> Mr. DVD Recommends </a> <br> </br> <a> <img> </img> </a> <a> Leonard Maltin Recommends </a> <br> </br> <a> <img> </img> </a> <a> Official Movie Site </a> <br> </br>]]>
</value>
<value instanceof="44">
<![CDATA[ <p> <hr> </hr> <a> </a> <font> <b> Synopsis </b> </font> </p> "Never give up, never surrender!" <p>   For four years, the crew of the NSEA Protector donned their uniforms and set off on thrilling and often dangerous missions in space--then their series was canceled. Twenty years later, the five stars of the classic '70s TV series Galaxy Quest are still in costume, making appearances at science fiction conventions for their legions of die-hard fans. But some of those fans are a little more far out than the actors could ever have imagined. <p>   A group of aliens who have mistaken intercepted television transmissions for "historical documents" arrive at a convention and whisk "Commander Peter Quincy Taggart" (Tim Allen) and his crew into space to help them in their all-too-real war against a deadly adversary. With no script, no director, and no clue about real interstellar travel, the make-believe crew of the Protector has to turn in the performances of their lives to become the heroes the aliens believe them to be. <p>   See movie reviews below. <p>   <b> About the DVD: </b> A nice presentation in 2.35:1 anamorphic widescreen, with deleted scenes, a featurette, production notes, cast and crew bios, the theatrical trailer and three soundtracks: English in Dolby Digital 5.1 and 2.0, and a "Thermian 2.0" track. The "Thermian" audio track features the entire film dubbed in the aliens' howling, hooting language -- a cute idea that quickly wears thin. <p>  ]]>
</value>
<value instanceof="45">
<![CDATA[ <a href ='http://www.netflix.com/RoleDisplay?personid=159864'> Tim Allen </a> , <a href ='http://www.netflix.com/RoleDisplay?personid=97834'> Sigourney Weaver </a> , <a href ='http://www.netflix.com/RoleDisplay?personid=78114'> Alan Rickman </a> , <a href ='http://www.netflix.com/RoleDisplay?personid=20013831'> James Marshall Wolchok </a> , <a href ='http://www.netflix.com/RoleDisplay?personid=84462'> Tony Shalhoub </a> , <a href ='http://www.netflix.com/RoleDisplay?personid=79108'> Sam Rockwell </a> , <a href ='http://www.netflix.com/RoleDisplay?personid=20004988'> Daryl Mitchell </a> , <a href ='http://www.netflix.com/RoleDisplay?personid=20013833'> Enrico Colantoni </a> , <a href ='http://www.netflix.com/RoleDisplay?personid=20013834'> Robin Sachs </a> , <a href ='http://www.netflix.com/RoleDisplay?personid=20013835'> Patrick Breen </a> , <a href ='http://www.netflix.com/RoleDisplay?personid=20013836'> Missi Pyle </a> , <a href ='http://www.netflix.com/RoleDisplay?personid=20013837'> Jed Rees </a> , <a href ='http://www.netflix.com/RoleDisplay?personid=20013838'> Justin Long </a> , <a href ='http://www.netflix.com/RoleDisplay?personid=20013839'> Jeremy Howard </a> , <a href ='http://www.netflix.com/RoleDisplay?personid=20013840'> Kaitlin Cullum </a> , <a href ='http://www.netflix.com/RoleDisplay?personid=20013841'> Jonathan Feyer </a> <p>  ]]>
</value>
<value instanceof="46">
<![CDATA[ Mystery Men]]>
</value>
<value instanceof="47">
<![CDATA[ This comedy spoof follows a team of far-from-super heroes as they try to overcome their shortcomings and earn respect. Mr. Furious (Ben Stiller), the Shoveler (William H. Macy), the Blue Raja (Hank Azaria) and the Bowler (Janeane Garofalo) get a shot at the big time, but if they screw up, Champion City will be doomed! Mystery Men makes barbed mockery of cinematic superheroics.]]>
</value>
<value instanceof="48">
<![CDATA[ PG-13]]>
</value>
<value instanceof="49">
<![CDATA[ (1999)]]>
</value>
<value instanceof="50">
<![CDATA[ Men in Black]]>
</value>
<value instanceof="51">
<![CDATA[ Working for a highly-funded yet unofficial government agency, K and J are the Men in Black, providers of immigration services and regulators of all things alien on earth.]]>
</value>
<value instanceof="52">
<![CDATA[ PG-13]]>
</value>
<value instanceof="53">
<![CDATA[ (1997)]]>
</value>
<value instanceof="54">
<![CDATA[ Bowfinger]]>
</value>
<value instanceof="55">
<![CDATA[ Lame producer Bobby Bowfinger (Steve Martin) has a script that's brimming with possibilities. The catch? To get seed money to produce the film, it must feature Hollywood's leading box-office star, Kit Ramsey (Eddie Murphy). Aided and abetted by a cast and crew of misfits, Martin makes one last stab at overnight success. Hilarity is the result.]]>
</value>
<value instanceof="56">
<![CDATA[ PG-13]]>
</value>
<value instanceof="57">
<![CDATA[ (1999)]]>
</value>
<value instanceof="58">
<![CDATA[ The Last Starfighter]]>
</value>
<value instanceof="59">
<![CDATA[ Millions of light years ago, a great frontier was constructed in the universe to protect the Star League of Planets from its enemy, the evil Ko-Dan. Now a defector has given the key to Ko-Dan!]]>
</value>
<value instanceof="60">
<![CDATA[ PG]]>
</value>
<value instanceof="61">
<![CDATA[ (1984)]]>
</value>
<value instanceof="65">
<value instanceof="64">
<value instanceof="62">
<![CDATA[ James Rocchi]]>
</value>
<value instanceof="63">
<![CDATA[ Great satires such as Blazing Saddles, Airplane and Young Frankenstein affectionately mock film genres that have withstood the test of time and the fickleness of fashion. Those movies fire scathing gibes at the universal -- and instantly recognizable -- trademarks that define Westerns, disaster ... <a> Complete Review </a>]]>
</value>
</value>
</value>
<value instanceof="66">
<![CDATA[ 245]]>
</value>
<value instanceof="67">
<value instanceof="12">
<value instanceof="11">
<![CDATA[ <p>   <a> </a> <table> <tr> <td> </td> <td> <font> <i> J. Primo </i> </font> </td> <td> &nbsp; <font> <b> 18 </b> out of <b> 22 </b> people found this review helpful. </font> </td> </tr> </table> <font> This movie is hysterical. Unlike much of the so called family fare the studios shove down our throats this actually is a movie for the whole family. Esp. if the family is full of sci-fi fans. I'm hard core trek/B5 fan and even I loved it. This movie spoofs the trek phenom, as well as TV's ... <a> Complete Review </a> </font> <table> <tr> <td> </td> </tr> </table> I found this review &nbsp; <p>   <a> </a> <table> <tr> <td> </td> <td> <font> <i> LB from CA 4 </i> <font> <br> </br> ( <a> Read more about me ... </a> ) </font> </font> </td> <td> &nbsp; <font> <b> 16 </b> out of <b> 20 </b> people found this review helpful. </font> </td> </tr> </table> <font> Galaxy Quest is one of the funniest movies ever! Tim Allen is at his best as the heroic captain. This movie is part Sci-Fi and part comedy. The parodies to some of the most famous Sci-Fi movies (and TV shows) will leave you in stitches. You don't even have to be a Sci-Fi fan to enjoy this ... <a> Complete Review </a> </font> <table> <tr> <td> </td> </tr> </table> I found this review &nbsp; <p>   <a> </a> <table> <tr> <td> </td> <td> <font> <i> Voland0 </i> <font> <br> </br> ( <a> Read more about me ... </a> ) </font> </font> </td> <td> &nbsp; <font> <b> 12 </b> out of <b> 16 </b> people found this review helpful. </font> </td> </tr> </table> <font> As a recovering Trekaholic, I found this parody-within-a-spoof just delightful. The mostly clueless actors finding their way to defending their True-est Fans (the Thermians), the Questies who need to get real lives but whose fantastical absorbtion save the day, the technologically advanced -but ... <a> Complete Review </a> </font> <table> <tr> <td> </td> </tr> </table> I found this review &nbsp; <p>   &nbsp;]]>
</value>
</value>
<value instanceof="14">
</value>
<value instanceof="12">
<value instanceof="11">
<![CDATA[ <p>   <a> </a> <table> <tr> <td> </td> <td> <font> <i> Phil Voy </i> </font> </td> <td> </td> </tr> </table> <font> The old Star Trek gang must be laughing it up or doing some serious self reflection about now. This has got to be the funniest, most entertaining new-twist movie to come out in years. Excellent dialog for the subject matter and great casting. The special effects are used just right so as to not ... <a> Complete Review </a> </font> <table> <tr> <td> </td> </tr> </table> I found this review &nbsp; <p>   <a> </a> <table> <tr> <td> </td> <td> <font> <i> Mr. Hockey </i> </font> </td> <td> </td> </tr> </table> <font> This is an intelligent spoof on everything Star Trek. From transporter disasters to alien love. A good cast does a great job -- and I can't believe I'm saying that about Tim Allen. Up there with Blazing Saddles and Monty Python on my list of comedies. </font> <table> <tr> <td> </td> </tr> </table> I found this review &nbsp; <p>   <a> </a> <table> <tr> <td> </td> <td> <font> <i> Ken McClenithan </i> </font> </td> <td> </td> </tr> </table> <font> Sigourney Weaver has NEVER looked so good. Tim Allen as always is his funny self. Alan Rickman reminds me of Rodney Dangerfield, no respect.... Great Movie. Wish it would happen to me :) </font> <table> <tr> <td> </td> </tr> </table> I found this review &nbsp; <p>   <table> <tr> <td> <a> <font> <b> See All Customer Reviews </b> </font> </a> </td> </tr> </table>]]>
</value>
</value>
</value>
</value>

