<value instanceof="68">
<value instanceof="17">
<![CDATA[ Armageddon]]>
</value>
<value instanceof="18">
<![CDATA[ (1998)]]>
</value>
<value instanceof="19">
<![CDATA[ <br>  ]]>
</value>
<value instanceof="20">
<![CDATA[ English (Dolby Digital 5.1), French (Dolby Digital 2.0 Stereo)]]>
</value>
<value instanceof="22">
<value instanceof="21">
</value>
</value>
<value instanceof="23">
<![CDATA[ <a href ='http://www.netflix.com/RoleDisplay?personid=99786'> Bruce Willis </a> , <a href ='http://www.netflix.com/RoleDisplay?personid=20000016'> Ben Affleck </a> , <a href ='/MovieDisplay?movieid=5670317&trkid=2069#cast'> More </a>]]>
</value>
<value instanceof="24">
<![CDATA[ <a href ='http://www.netflix.com/RoleDisplay?personid=168103'> Michael Bay </a>]]>
</value>
<value instanceof="25">
<![CDATA[ 151 minutes]]>
</value>
<value instanceof="26">
<![CDATA[ PG-13]]>
</value>
<value instanceof="27">
<![CDATA[ Action & Adventure]]>
</value>
<value instanceof="28">
<![CDATA[ Widescreen]]>
</value>
<value instanceof="29">
<![CDATA[ None]]>
</value>
<value instanceof="30">
<![CDATA[ 3.5]]>
</value>
<value instanceof="31">
<![CDATA[ (306,653]]>
</value>
<value instanceof="32">
<![CDATA[ Color; region 1 encoding; interactive menus; scene access; music video "I Don't Want To Miss A Thing" by Aerosmith; trailer]]>
</value>
<value instanceof="33">
</value>
<value instanceof="35">
<![CDATA[ <br> </br> <a> <img> </img> </a> <a> Netflix Review </a> <br> </br> <a> <img> </img> </a> <a> Awards </a> <br> </br>]]>
</value>
<value instanceof="44">
<![CDATA[ <p> <hr> </hr> <a> </a> <font> <b> Synopsis </b> </font> </p> When NASA's executive director, Dan Truman (Thornton), realizes the Earth has 18 days before it's obliterated by a meteor the size of Texas, he has only one option - land a ragtag team of roughneck oil drillers on the asteroid and drop a nuclear warhead into its core. Spectacular special effects, laugh-out-loud humor, great characters, riveting storytelling and heartfelt emotion make Armageddon an exhilarating thrill ride you'll want to experience like there's no tomorrow. <p>   From the blockbuster-making team who produced and directed The Rock comes the biggest movie of 1998 - Armageddon! Starring the explosive talents of Bruce Willis, Academy Award winners Ben Affleck and Billy Bob Thornton, Liv Tyler, Steve Buscemi and Will Patton, Armageddon is a meteor storm of action-adventure moviemaking that has you on the edge of your seat forgetting to breathe! <p>   See movie reviews below. <p>   <b> About the DVD: </b> Great DVD with all the appropriate noise. <p>  ]]>
</value>
<value instanceof="45">
<![CDATA[ <a href ='http://www.netflix.com/RoleDisplay?personid=99786'> Bruce Willis </a> , <a href ='http://www.netflix.com/RoleDisplay?personid=20000016'> Ben Affleck </a> , <a href ='http://www.netflix.com/RoleDisplay?personid=162745'> Liv Tyler </a> , <a href ='http://www.netflix.com/RoleDisplay?personid=89457'> Peter Stormare </a> , <a href ='http://www.netflix.com/RoleDisplay?personid=13020'> Steve Buscemi </a> , <a href ='http://www.netflix.com/RoleDisplay?personid=20000303'> Billy Bob Thornton </a> , <a href ='http://www.netflix.com/RoleDisplay?personid=22090'> Keith David </a> , <a href ='http://www.netflix.com/RoleDisplay?personid=71899'> Will Patton </a> <p>  ]]>
</value>
<value instanceof="46">
<![CDATA[ Con Air]]>
</value>
<value instanceof="47">
<![CDATA[ When the government puts all its rotten criminal eggs in one airborne basket, it's asking for trouble. Before you can say, "Pass the barf bag," the crooks control the plane, led by creepy Cyrus "The Virus" Grissom (John Malkovich). Watching his every move is the just-released Nicolas Cage, who'd rather reunite with his family. The action climaxes with an incredible crash sequence in Las Vegas.]]>
</value>
<value instanceof="48">
<![CDATA[ R]]>
</value>
<value instanceof="49">
<![CDATA[ (1997)]]>
</value>
<value instanceof="50">
<![CDATA[ Broken Arrow]]>
</value>
<value instanceof="51">
<![CDATA[ Prepare to go ballistic! John Travolta stars as stealth-fighter pilot Vic Deakins. When he deliberately drops off the radar while on maneuvers, the Air Force ends up with a "broken arrow" (a stolen nuclear warhead) and only one hope for getting it back. Deakins' co-pilot, Riley Hale (Christian Slater), teams with park ranger Samantha Mathis to put Travolta back in his box.]]>
</value>
<value instanceof="52">
<![CDATA[ R]]>
</value>
<value instanceof="53">
<![CDATA[ (1996)]]>
</value>
<value instanceof="54">
<![CDATA[ Deep Impact]]>
</value>
<value instanceof="55">
<![CDATA[ When 14 year old Leo Beiderman joins his high school astronomy club he makes an earth shattering discovery. Through a small telescope, he discovers a comet that scientists believe is about to collide with earth.]]>
</value>
<value instanceof="56">
<![CDATA[ PG-13]]>
</value>
<value instanceof="57">
<![CDATA[ (1998)]]>
</value>
<value instanceof="58">
<![CDATA[ Entrapment]]>
</value>
<value instanceof="59">
<![CDATA[ It's easy to get immersed in this intoxicating thriller that features more high-tech gizmos than you'd probably find in Bill Gates' attic. Sean Connery stars as a retired master thief implicated in a major art burglary. Catherine Zeta-Jones is the investigator sent to track him down. They join forces for a millennial heist that'll have you clutching your recliner's arms.]]>
</value>
<value instanceof="60">
<![CDATA[ PG-13]]>
</value>
<value instanceof="61">
<![CDATA[ (1999)]]>
</value>
<value instanceof="65">
<value instanceof="64">
<value instanceof="62">
<![CDATA[ Dan Auiler]]>
</value>
<value instanceof="63">
<![CDATA[ Maybe I had just seen one too many comet/asteroid striking the earth movies, but this one never worked for me. I found the music annoyingly like all the other films and the action slower than, well, slower than a comet hitchhiking its way to earth. And the long pauses for thespian-like moments ... <a> Complete Review </a>]]>
</value>
</value>
</value>
<value instanceof="66">
<![CDATA[ 282]]>
</value>
<value instanceof="67">
<value instanceof="12">
<value instanceof="11">
<![CDATA[ <p>   <a> </a> <table> <tr> <td> </td> <td> <font> <i> CoreyKiller </i> <font> <br> </br> ( <a> Read more about me ... </a> ) </font> </font> </td> <td> &nbsp; <font> <b> 22 </b> out of <b> 35 </b> people found this review helpful. </font> </td> </tr> </table> <font> I think Roger Ebert said it best when he called "Armageddon" the first 120-minute trailer. Thats all this movie is! Michael Bay is king of the slo-mo cheesy shots! Dumb and incredibly unbelievable, "Armageddon" makes "Deep Impact" look like a Best Picture Oscar winner. Maybe if the asteroid had ... <a> Complete Review </a> </font> <table> <tr> <td> </td> </tr> </table> I found this review &nbsp; <p>   <a> </a> <table> <tr> <td> </td> <td> <font> <i> Jarrett Warner </i> </font> </td> <td> &nbsp; <font> <b> 10 </b> out of <b> 13 </b> people found this review helpful. </font> </td> </tr> </table> <font> Fun movie, not necessarily a technically accurate film but the mix of action,comedy and heart tugging scences make it a keeper for anybody. No nudity that I recall, but there was a scantily clad dancer. Otherwise, with the exception of a bit of cussing the movie was fine overall for the family ... <a> Complete Review </a> </font> <table> <tr> <td> </td> </tr> </table> I found this review &nbsp; <p>   <a> </a> <table> <tr> <td> </td> <td> <font> <i> Jim Melgar </i> </font> </td> <td> &nbsp; <font> <b> 7 </b> out of <b> 8 </b> people found this review helpful. </font> </td> </tr> </table> <font> Okay, like all sci-fi's this movie might be a little far fetched. However, the action is great and the movie gets right into the action. I definitely recommend this movie, which I will wind up buying, for those with digital 5.1 hometheater systems. If you are into show-off DVD's with surround ... <a> Complete Review </a> </font> <table> <tr> <td> </td> </tr> </table> I found this review &nbsp; <p>   &nbsp;]]>
</value>
</value>
<value instanceof="14">
</value>
<value instanceof="12">
<value instanceof="11">
<![CDATA[ <p>   <a> </a> <table> <tr> <td> </td> <td> <font> <i> Heidi Eberhard </i> </font> </td> <td> </td> </tr> </table> <font> This was a great movie! There is something for everyone...humor...action (lost of stuff blowing up!!) and finally ... tears </font> <table> <tr> <td> </td> </tr> </table> I found this review &nbsp; <p>   <a> </a> <table> <tr> <td> </td> <td> <font> <i> Garry Gray </i> </font> </td> <td> </td> </tr> </table> <font> A must see movie! Goes from laughing to crying, outrageous to serious. All emotions are involved in this movie. </font> <table> <tr> <td> </td> </tr> </table> I found this review &nbsp; <p>   <a> </a> <table> <tr> <td> </td> <td> <font> <i> Kathy M. </i> </font> </td> <td> </td> </tr> </table> <font> The movie was pretty good, but seemed kind of long and dragged out. Overall was a good movie. </font> <table> <tr> <td> </td> </tr> </table> I found this review &nbsp; <p>   <table> <tr> <td> <a> <font> <b> See All Customer Reviews </b> </font> </a> </td> </tr> </table>]]>
</value>
</value>
</value>
</value>

