<value instanceof="68">
<value instanceof="17">
<![CDATA[ The Mask of Zorro]]>
</value>
<value instanceof="18">
<![CDATA[ (1998)]]>
</value>
<value instanceof="19">
<![CDATA[ <br>  ]]>
</value>
<value instanceof="20">
<![CDATA[ English (Dolby Digital 2.0 Stereo), English (Dolby Digital 5.1)]]>
</value>
<value instanceof="22">
</value>
<value instanceof="23">
<![CDATA[ <a href ='http://www.netflix.com/RoleDisplay?personid=20000011'> Antonio Banderas </a> , <a href ='http://www.netflix.com/RoleDisplay?personid=43014'> Anthony Hopkins </a> , <a href ='/MovieDisplay?movieid=5670479&trkid=2069#cast'> More </a>]]>
</value>
<value instanceof="24">
<![CDATA[ <a href ='http://www.netflix.com/RoleDisplay?personid=13889'> Martin Campbell </a>]]>
</value>
<value instanceof="25">
<![CDATA[ 137 minutes]]>
</value>
<value instanceof="26">
<![CDATA[ PG-13]]>
</value>
<value instanceof="27">
<![CDATA[ Action & Adventure]]>
</value>
<value instanceof="28">
<![CDATA[ Widescreen Anamorphic]]>
</value>
<value instanceof="29">
<![CDATA[ English]]>
</value>
<value instanceof="30">
<![CDATA[ 3.5]]>
</value>
<value instanceof="31">
<![CDATA[ (100,036]]>
</value>
<value instanceof="32">
<![CDATA[ Not Available]]>
</value>
<value instanceof="33">
<value instanceof="16">
</value>
</value>
<value instanceof="35">
<![CDATA[ <br> </br> <a> <img> </img> </a> <a> Netflix Review </a> <br> </br> <a> <img> </img> </a> <a> Awards </a> <br> </br> <a> <img> </img> </a> <a> Mr. DVD Recommends </a> <br> </br>]]>
</value>
<value instanceof="44">
<![CDATA[ <p> <hr> </hr> <a> </a> <font> <b> Synopsis </b> </font> </p> The story of an aging blade (Anthony Hopkins) passing along his wisdom and his edge to an angry young thief (Antonio Banderas). The young Zorro learns about politics, love, and war, at the feet of his teacher. His quest for personal revenge gives fire to his role as Colonial Mexico's most swashbuckling activist, one who must fight for his country and his woman (the ravishing newcomer Catherine Zeta-Jones, also quite handy with a sword). <p>   'A gift from the movie gods!' --Joe Morgenstern, Wall Street Journal. <br>   'This is one crowd-pleaser that actually pleases!' --David Ansen, Newsweek. <p>   See movie reviews below. <p>   <b> About the DVD: </b> The 2.35:1 widescreen transfer is anamorphic. Ironically, for a movie set in Mexico, the only soundtrack option is English (either Dolby Digital 5.1 or 2.0 Surround). English subtitles are the only caption option. Extras include a making-of featurette and a photo gallery. <p>  ]]>
</value>
<value instanceof="45">
<![CDATA[ <a href ='http://www.netflix.com/RoleDisplay?personid=20000011'> Antonio Banderas </a> , <a href ='http://www.netflix.com/RoleDisplay?personid=43014'> Anthony Hopkins </a> , <a href ='http://www.netflix.com/RoleDisplay?personid=20001757'> Catherine Zeta-Jones </a> , <a href ='http://www.netflix.com/RoleDisplay?personid=20001296'> Stuart Wilson </a> <p>  ]]>
</value>
<value instanceof="46">
<![CDATA[ Entrapment]]>
</value>
<value instanceof="47">
<![CDATA[ It's easy to get immersed in this intoxicating thriller that features more high-tech gizmos than you'd probably find in Bill Gates' attic. Sean Connery stars as a retired master thief implicated in a major art burglary. Catherine Zeta-Jones is the investigator sent to track him down. They join forces for a millennial heist that'll have you clutching your recliner's arms.]]>
</value>
<value instanceof="48">
<![CDATA[ PG-13]]>
</value>
<value instanceof="49">
<![CDATA[ (1999)]]>
</value>
<value instanceof="50">
<![CDATA[ Dragonheart]]>
</value>
<value instanceof="51">
<![CDATA[ A knight dedicated to the Old Code vows to avenge the poisoning of his student's soul by destroying all dragons in this heroic adventure that combines fantasy, humor and amazing special effects.]]>
</value>
<value instanceof="52">
<![CDATA[ PG-13]]>
</value>
<value instanceof="53">
<![CDATA[ (1996)]]>
</value>
<value instanceof="54">
<![CDATA[ Dante's Peak]]>
</value>
<value instanceof="55">
<![CDATA[ The serenely beautiful town of Dante's Peak lays adjacent to the dormant volcano of the same name, but the sleeping giant is about to awaken. Includes an original documentary, Audio Commentary, isolated music score and more.]]>
</value>
<value instanceof="56">
<![CDATA[ PG-13]]>
</value>
<value instanceof="57">
<![CDATA[ (1997)]]>
</value>
<value instanceof="58">
<![CDATA[ The World Is Not Enough]]>
</value>
<value instanceof="59">
<![CDATA[ Greed, revenge, world dominance, high-tech terrorism -- it's all in a day's work for James Bond, who races to defuse an international power struggle that has the world's oil supply hanging in the balance.]]>
</value>
<value instanceof="60">
<![CDATA[ PG-13]]>
</value>
<value instanceof="61">
<![CDATA[ (1999)]]>
</value>
<value instanceof="65">
<value instanceof="64">
<value instanceof="62">
<![CDATA[ James Bullbrook]]>
</value>
<value instanceof="63">
<![CDATA[ It's easy to mistake The Mask of Zorro for a studio-system swashbuckler from the 1940s: The movie features a hero with a secret identity, a lovely damsel in distress and a ruthless villain who causes great suffering with offhanded indifference. Although the film takes an unfortunate modern turn ... <a> Complete Review </a>]]>
</value>
</value>
</value>
<value instanceof="66">
<![CDATA[ 50]]>
</value>
<value instanceof="67">
<value instanceof="12">
<value instanceof="11">
<![CDATA[ <p>   <a> </a> <table> <tr> <td> </td> <td> <font> <i> Carter </i> </font> </td> <td> &nbsp; <font> <b> 12 </b> out of <b> 12 </b> people found this review helpful. </font> </td> </tr> </table> <font> One of the best movies I have seen for years! Lots of action, humor and romance. It is the traditional Zorro story, but with excellent actors and storyline. I would highly recommend it. An added bonus is there is not one curse word in it, so you won't be wasting your money to sit and listen to ... <a> Complete Review </a> </font> <table> <tr> <td> </td> </tr> </table> I found this review &nbsp; <p>   <a> </a> <table> <tr> <td> </td> <td> <font> <i> SS from MN </i> <font> <br> </br> ( <a> Read more about me ... </a> ) </font> </font> </td> <td> &nbsp; <font> <b> 8 </b> out of <b> 8 </b> people found this review helpful. </font> </td> </tr> </table> <font> This movie was surprisingly good. I'm not a big fan of Antonio Banderas, but the wonderful Anthony Hopkins and the gorgeous Catherine Zeta-Jones more than make up for him. The action scenes were good and the story simple. Thumbs up. </font> <table> <tr> <td> </td> </tr> </table> I found this review &nbsp; <p>   <a> </a> <table> <tr> <td> </td> <td> <font> <i> Fred from Florida </i> <font> <br> </br> ( <a> Read more about me ... </a> ) </font> </font> </td> <td> &nbsp; <font> <b> 8 </b> out of <b> 8 </b> people found this review helpful. </font> </td> </tr> </table> <font> Great story, great cast, great everything. An absolutely must see, and even a must own. Two heros (Zorros') and a stunning Zeta-Jones. </font> <table> <tr> <td> </td> </tr> </table> I found this review &nbsp; <p>   &nbsp;]]>
</value>
</value>
<value instanceof="14">
</value>
<value instanceof="12">
<value instanceof="11">
<![CDATA[ <p>   <a> </a> <table> <tr> <td> </td> <td> <font> <i> ByteWitch </i> <font> <br> </br> ( <a> Read more about me ... </a> ) </font> </font> </td> <td> </td> </tr> </table> <font> Banderas and Hopkins made this an excellent movie. Lots of action, humor, and some mystery. I didn't want to watch this movie at first, but thoroughly enjoyed it and have seen it multiple times since. </font> <table> <tr> <td> </td> </tr> </table> I found this review &nbsp; <p>   <a> </a> <table> <tr> <td> </td> <td> <font> <i> DF from FL 3 </i> <font> <br> </br> ( <a> Read more about me ... </a> ) </font> </font> </td> <td> </td> </tr> </table> <font> I loved it, I loved it, I loved it. The story was good, the action was good. The characters were exciting to watch. The only thing that could have made it better would be to make it longer. If you like action movies that are not constant shoot 'em up, you will like this. Very little gore or ... <a> Complete Review </a> </font> <table> <tr> <td> </td> </tr> </table> I found this review &nbsp; <p>   <a> </a> <table> <tr> <td> </td> <td> <font> <i> Robert Wojciechowski </i> </font> </td> <td> </td> </tr> </table> <font> Not being an Banderas fan to begin with, found his performance along with Hopkins and Zeta-Jones to be top notch and actually fun to watch. The movie surprised my wife and I for being entertaining without any dropouts--in otherwords, it fit together well. </font> <table> <tr> <td> </td> </tr> </table> I found this review &nbsp; <p>   <table> <tr> <td> <a> <font> <b> See All Customer Reviews </b> </font> </a> </td> </tr> </table>]]>
</value>
</value>
</value>
</value>

