<value instanceof="68">
<value instanceof="17">
<![CDATA[ Running Out of Time]]>
</value>
<value instanceof="18">
<![CDATA[ (1999)]]>
</value>
<value instanceof="19">
<![CDATA[ <br>   <font face ="arial, sans-serif" size =-1> An zhan </font> <br>  ]]>
</value>
<value instanceof="20">
<![CDATA[ Cantonese (Dolby Digital 5.1), Mandarin (Dolby Digital 5.1)]]>
</value>
<value instanceof="22">
</value>
<value instanceof="23">
<![CDATA[ <a href ='http://www.netflix.com/RoleDisplay?personid=103718'> Andy Lau </a> , <a href ='http://www.netflix.com/RoleDisplay?personid=20000627'> Lau Ching Wan </a> , <a href ='/MovieDisplay?movieid=60000150&trkid=2069#cast'> More </a>]]>
</value>
<value instanceof="24">
<![CDATA[ <a href ='http://www.netflix.com/RoleDisplay?personid=103158'> Johnny To </a>]]>
</value>
<value instanceof="25">
<![CDATA[ 89 minutes]]>
</value>
<value instanceof="26">
<![CDATA[ NR]]>
</value>
<value instanceof="27">
<![CDATA[ Foreign]]>
</value>
<value instanceof="28">
<![CDATA[ Full Screen]]>
</value>
<value instanceof="29">
<![CDATA[ Chinese, English, Thai]]>
</value>
<value instanceof="30">
<![CDATA[ 3.4]]>
</value>
<value instanceof="31">
<![CDATA[ (1,025]]>
</value>
<value instanceof="32">
<![CDATA[ Color; region 1 encoding; interactive menus; scene access; theatrical trailer.]]>
</value>
<value instanceof="33">
<value instanceof="16">
</value>
</value>
<value instanceof="35">
<![CDATA[ <br> </br>]]>
</value>
<value instanceof="44">
<![CDATA[]]>
</value>
<value instanceof="45">
<![CDATA[ <a href ='http://www.netflix.com/RoleDisplay?personid=103718'> Andy Lau </a> , <a href ='http://www.netflix.com/RoleDisplay?personid=20000627'> Lau Ching Wan </a> , <a href ='http://www.netflix.com/RoleDisplay?personid=182238'> Waise Lee </a> , <a href ='http://www.netflix.com/RoleDisplay?personid=20006009'> Yoyo Mung </a> <p>  ]]>
</value>
<value instanceof="46">
<![CDATA[ Lifeline]]>
</value>
<value instanceof="47">
<![CDATA[ This Hong Kong take on Backdraft follows a crew of hard-luck firefighters and rescue workers. Lifeline begins with a mix of action and soap-opera drama but culminates in one of Hong Kong cinema's most breathtaking sequences. The 45-minute finale, as our heroes try to escape a raging inferno, abounds with stunts and knockout suspense that will leave you breathless.]]>
</value>
<value instanceof="48">
<![CDATA[ NR]]>
</value>
<value instanceof="49">
<![CDATA[ (1997)]]>
</value>
<value instanceof="50">
<![CDATA[ Goodbye Mr. Cool]]>
</value>
<value instanceof="51">
<![CDATA[ Dragon has served his time for his gangster way, and is well content for a simpler life as a waiter at Kowloon Cafe, a blue-collar diner. But Dragon's ex-lover Helen, now queen of the Underworld, is disappointed by Dragon's new demeanor and wants him to return to his former glory. As yet another violent war erupts, Dragon must once again tread back to his gangster roots.]]>
</value>
<value instanceof="52">
<![CDATA[ NR]]>
</value>
<value instanceof="53">
<![CDATA[ (2001)]]>
</value>
<value instanceof="54">
<![CDATA[ Pom Pom & Hot Hot]]>
</value>
<value instanceof="55">
<![CDATA[ This buddy cop action film features spectacular gun tricks with twirl guns and kick clips!]]>
</value>
<value instanceof="56">
<![CDATA[ NR]]>
</value>
<value instanceof="57">
<![CDATA[ (1992)]]>
</value>
<value instanceof="58">
<![CDATA[ Jiang Hu: The Triad Zone]]>
</value>
<value instanceof="59">
<![CDATA[ Word is out on the street that someone will assassinate underworld kingpin Jimmy Yam within the next 24 hours. Tired of fleeing for his life, Yam wages war on all of his rivals. What he gets instead is a chance to see who the people around him really are.]]>
</value>
<value instanceof="60">
<![CDATA[ NR]]>
</value>
<value instanceof="61">
<![CDATA[ (2000)]]>
</value>
<value instanceof="65">
</value>
<value instanceof="66">
<![CDATA[ 16]]>
</value>
<value instanceof="67">
<value instanceof="12">
<value instanceof="11">
<![CDATA[ <p>   <a> </a> <table> <tr> <td> </td> <td> <font> <i> Aflex </i> <font> <br> </br> ( <a> Read more about me ... </a> ) </font> </font> </td> <td> &nbsp; <font> <b> 3 </b> out of <b> 3 </b> people found this review helpful. </font> </td> </tr> </table> <font> Only the second Johnnie To film I've seen (the other being Heroic Trio) and I'm definitely gonna check out some more of his films. I'm also gonna check out some more of Milky Way's Films (Johnny To and his buddies production company), The audio and video quality were top notch, good soundtrack and ... <a> Complete Review </a> </font> <table> <tr> <td> </td> </tr> </table> I found this review &nbsp; <p>   <a> </a> <table> <tr> <td> </td> <td> <font> <i> DebraA </i> </font> </td> <td> &nbsp; <font> <b> 2 </b> out of <b> 2 </b> people found this review helpful. </font> </td> </tr> </table> <font> Not really into the typical HK action films. This film has a great story, script and acting. More than just an action story, its about a cat and mouse game between the thief and the cop and how the line between them can fade when the circumstances change. </font> <table> <tr> <td> </td> </tr> </table> I found this review &nbsp; <p>   <a> </a> <table> <tr> <td> </td> <td> <font> <i> WW from NY </i> <font> <br> </br> ( <a> Read more about me ... </a> ) </font> </font> </td> <td> &nbsp; <font> <b> 2 </b> out of <b> 2 </b> people found this review helpful. </font> </td> </tr> </table> <font> Superb movie. Great story with characters one can care about. A few twists keeps the tension alive. Could have been longer but keeping it short makes this a must see movie. </font> <table> <tr> <td> </td> </tr> </table> I found this review &nbsp; <p>   &nbsp;]]>
</value>
</value>
<value instanceof="14">
</value>
<value instanceof="12">
<value instanceof="11">
<![CDATA[ <p>   <a> </a> <table> <tr> <td> </td> <td> <font> <i> Patrick White </i> </font> </td> <td> &nbsp; <font> <b> 1 </b> out of <b> 1 </b> people found this review helpful. </font> </td> </tr> </table> <font> There was a lot of action, good plot, good acting, and even though there were sub'titles I enjoyed the movie. </font> <table> <tr> <td> </td> </tr> </table> I found this review &nbsp; <p>   <a> </a> <table> <tr> <td> </td> <td> <font> <i> HD from TX 2 </i> <font> <br> </br> ( <a> Read more about me ... </a> ) </font> </font> </td> <td> &nbsp; <font> <b> 1 </b> out of <b> 4 </b> people found this review helpful. </font> </td> </tr> </table> <font> I must have watched the wrong movie from all the people who gave good reviews. This is not a good movie to rent. The dramatic sounds coming out of my subwoofer is so loud that you couldn't even hear the dialogs for most of the movie. It is very annoying and if you have a good speaker system ... <a> Complete Review </a> </font> <table> <tr> <td> </td> </tr> </table> I found this review &nbsp; <p>   <a> </a> <table> <tr> <td> </td> <td> <font> <i> James Horne </i> <font> <br> </br> ( <a> Read more about me ... </a> ) </font> </font> </td> <td> </td> </tr> </table> <font> One of those Chineese films you can barely remember a day later. The plot is a bit confused but better than average. </font> <table> <tr> <td> </td> </tr> </table> I found this review &nbsp; <p>   <table> <tr> <td> <a> <font> <b> See All Customer Reviews </b> </font> </a> </td> </tr> </table>]]>
</value>
</value>
</value>
</value>

