<value instanceof="68">
<value instanceof="17">
<![CDATA[ Braveheart]]>
</value>
<value instanceof="18">
<![CDATA[ (1995)]]>
</value>
<value instanceof="19">
<![CDATA[ <br>  ]]>
</value>
<value instanceof="20">
<![CDATA[ English (Dolby Digital 2.0 Surround), English (Dolby Digital 5.1), French (Dolby Digital 2.0 Surround)]]>
</value>
<value instanceof="22">
<value instanceof="21">
</value>
</value>
<value instanceof="23">
<![CDATA[ <a href ='http://www.netflix.com/RoleDisplay?personid=34396'> Mel Gibson </a> , <a href ='http://www.netflix.com/RoleDisplay?personid=20003208'> Sophie Marceau </a> , <a href ='/MovieDisplay?movieid=60000540&trkid=4368#cast'> More </a>]]>
</value>
<value instanceof="24">
<![CDATA[ <a href ='http://www.netflix.com/RoleDisplay?personid=34396'> Mel Gibson </a>]]>
</value>
<value instanceof="25">
<![CDATA[ 179 minutes]]>
</value>
<value instanceof="26">
<![CDATA[ R]]>
</value>
<value instanceof="27">
<![CDATA[ Action & Adventure]]>
</value>
<value instanceof="28">
<![CDATA[ Widescreen Anamorphic]]>
</value>
<value instanceof="29">
<![CDATA[ None]]>
</value>
<value instanceof="30">
<![CDATA[ 4.3]]>
</value>
<value instanceof="31">
<![CDATA[ (114,892]]>
</value>
<value instanceof="32">
<![CDATA[ Color; region 1 encoded; interactive menus; scene access; audio commentary; making-of featurette; trailer(s)]]>
</value>
<value instanceof="33">
<value instanceof="16">
</value>
</value>
<value instanceof="35">
<![CDATA[ <br> </br> <a> <img> </img> </a> <a> Netflix Review </a> <br> </br> <a> <img> </img> </a> <a> Awards </a> <br> </br> <a> <img> </img> </a> <a> Mr. DVD Recommends </a> <br> </br> <a> <img> </img> </a> <a> Leonard Maltin Recommends </a> <br> </br>]]>
</value>
<value instanceof="44">
<![CDATA[ <p> <hr> </hr> <a> </a> <font> <b> Synopsis </b> </font> </p> Based on historical events, this epic tells the story of legendary Scotsman William Wallace, a courageous and noble young man who fights for his country's freedom in the midst of 13th century British oppression. <p>   Newly wedded to the village beauty, all Wallace wants is peace in his homeland. Like others in his country, he is weary of the British ravaging villages and abducting wives. After one particularly devastating pillage, Wallace rallies his countrymen and starts the battle cry for freedom. Knowing full well what they're up against, Wallace leads his people in one of history's most gut-wrenching quests for liberation. Full of ripe detail, this adventurous saga will linger in your memory. <p>   See movie reviews below. <p> <b> About the DVD: </b> A good DVD package. Director Gibson offers scene-specific commentary, and there's a behind-the-scenes documentary about the making of the film. The picture is in 2.35:1 anamorphic widescreen; audio is in Dolby Digital 5.1 Surround Sound. </p> <p>  ]]>
</value>
<value instanceof="45">
<![CDATA[ <a href ='http://www.netflix.com/RoleDisplay?personid=34396'> Mel Gibson </a> , <a href ='http://www.netflix.com/RoleDisplay?personid=20003208'> Sophie Marceau </a> , <a href ='http://www.netflix.com/RoleDisplay?personid=61745'> Patrick McGoohan </a> , <a href ='http://www.netflix.com/RoleDisplay?personid=161648'> Catherine McCormack </a> , <a href ='http://www.netflix.com/RoleDisplay?personid=57503'> Angus MacFadyen </a> , <a href ='http://www.netflix.com/RoleDisplay?personid=35009'> Brendan Gleeson </a> , <a href ='http://www.netflix.com/RoleDisplay?personid=69311'> David O'Hara </a> , <a href ='http://www.netflix.com/RoleDisplay?personid=4938'> Ian Bannen </a> , <a href ='http://www.netflix.com/RoleDisplay?personid=20001419'> James Robinson </a> , <a href ='http://www.netflix.com/RoleDisplay?personid=106323'> James Cosmo </a> , <a href ='http://www.netflix.com/RoleDisplay?personid=61714'> Sean McGinley </a> , <a href ='http://www.netflix.com/RoleDisplay?personid=20023'> Brian Cox </a> <p>  ]]>
</value>
<value instanceof="46">
<![CDATA[ Gladiator]]>
</value>
<value instanceof="47">
<![CDATA[ Upon the death of Roman emperor Marcus Aurelius, his trusted and successful general Maximus is unlawfully imprisoned and condemned to the gladiator games by Marcus' twisted son Commodus.]]>
</value>
<value instanceof="48">
<![CDATA[ R]]>
</value>
<value instanceof="49">
<![CDATA[ (2000)]]>
</value>
<value instanceof="50">
<![CDATA[ The Patriot]]>
</value>
<value instanceof="51">
<![CDATA[ Benjamin Martin (Mel Gibson) is reluctantly swept into the American Revolution when the war reaches his farm and the British endanger what he cherishes most.]]>
</value>
<value instanceof="52">
<![CDATA[ R]]>
</value>
<value instanceof="53">
<![CDATA[ (2000)]]>
</value>
<value instanceof="54">
<![CDATA[ The Last of the Mohicans]]>
</value>
<value instanceof="55">
<![CDATA[ An epic adventure and passionate romance unfold against the panorama of a frontier wilderness ravaged by war. Daniel Day-Lewis stars as Hawkeye, a frontiersman and adopted son of the Mohicans.]]>
</value>
<value instanceof="56">
<![CDATA[ R]]>
</value>
<value instanceof="57">
<![CDATA[ (1992)]]>
</value>
<value instanceof="58">
<![CDATA[ Saving Private Ryan]]>
</value>
<value instanceof="59">
<![CDATA[ Steven Spielberg's World War II epic about rescue and redemption captures not only war's horrors, but also the necessity of battle. Starring Tom Hanks, Saving Private Ryan includes some of the most intense combat scenes ever filmed.]]>
</value>
<value instanceof="60">
<![CDATA[ R]]>
</value>
<value instanceof="61">
<![CDATA[ (1998)]]>
</value>
<value instanceof="65">
<value instanceof="64">
<value instanceof="62">
<![CDATA[ James Bullbrook]]>
</value>
<value instanceof="63">
<![CDATA[ Rarely does a film have its reputation diminished by winning the Academy Award for Best Picture, but Braveheart is one such movie. Many dismissed it as no more worthy of that honor than forgotten victors such as Ordinary People. Its recent release on DVD is a chance to see the film with the ... <a> Complete Review </a>]]>
</value>
</value>
</value>
<value instanceof="66">
<![CDATA[ 207]]>
</value>
<value instanceof="67">
<value instanceof="12">
<value instanceof="11">
<![CDATA[ <p>   <a> </a> <table> <tr> <td> </td> <td> <font> <i> WH from AZ </i> <font> <br> </br> ( <a> Read more about me ... </a> ) </font> </font> </td> <td> &nbsp; <font> <b> 22 </b> out of <b> 25 </b> people found this review helpful. </font> </td> </tr> </table> <font> This is the second time I have seen this movie and I was not disappointed. Braveheart is a canvas for Gibson and what a picture he paints. The photograhy and direction were very well done. This movie proves that Gibson has talent behind the camera. The horror of war was captured as was the ... <a> Complete Review </a> </font> <table> <tr> <td> </td> </tr> </table> I found this review &nbsp; <p>   <a> </a> <table> <tr> <td> </td> <td> <font> <i> NC from MI </i> <font> <br> </br> ( <a> Read more about me ... </a> ) </font> </font> </td> <td> &nbsp; <font> <b> 14 </b> out of <b> 17 </b> people found this review helpful. </font> </td> </tr> </table> <font> Before watching this movie i was a bit skeptical coz i'm more into the thrillers, suspense and horror movies, but after my spouse made me watch it, i was simply stunned! i cant believe one can get so emotional by watching a movie, and actually feel for the characters so much, specifically William ... <a> Complete Review </a> </font> <table> <tr> <td> </td> </tr> </table> I found this review &nbsp; <p>   <a> </a> <table> <tr> <td> </td> <td> <font> <i> CS from NY 4 </i> <font> <br> </br> ( <a> Read more about me ... </a> ) </font> </font> </td> <td> &nbsp; <font> <b> 12 </b> out of <b> 13 </b> people found this review helpful. </font> </td> </tr> </table> <font> This is my all-time favorite movie. The first time I saw it, it was on 2 VHS tapes. I put the first one in at 1 in the morning, thinking to watch 5 minutes. Suddenly it was time for the second tape. I could not stop watching it. Love, honor, freedom, action, hundreds of Scottish ... <a> Complete Review </a> </font> <table> <tr> <td> </td> </tr> </table> I found this review &nbsp; <p>   &nbsp;]]>
</value>
</value>
<value instanceof="14">
</value>
<value instanceof="12">
<value instanceof="11">
<![CDATA[ <p>   <a> </a> <table> <tr> <td> </td> <td> <font> <i> The Connoisseur </i> <font> <br> </br> ( <a> Read more about me ... </a> ) </font> </font> </td> <td> </td> </tr> </table> <font> Around 1300 AD in Scotland, William Wallace (Mel Gibson) became the country's loved hero. Indeed, he was a freedom fighter. But when the dispictable English take away that which he cherishes most, he becomes the most unstoppable foe! Yes, this flick is both violent and bloody. But let's face ... <a> Complete Review </a> </font> <table> <tr> <td> </td> </tr> </table> I found this review &nbsp; <p>   <a> </a> <table> <tr> <td> </td> <td> <font> <i> mcgreig </i> </font> </td> <td> </td> </tr> </table> <font> OK, I get the message. Mel hates the English. Fine - they've done/are doing some pretty bad things, but why change what actually happened - doesn't he think what they did was bad enough? Maybe it's my bad memory, but I don't recall a single sympathetic English character in the film. We're ... <a> Complete Review </a> </font> <table> <tr> <td> </td> </tr> </table> I found this review &nbsp; <p>   <a> </a> <table> <tr> <td> </td> <td> <font> <i> NEWTON COLBURN </i> </font> </td> <td> </td> </tr> </table> <font> The character (braveheart) always stayed true to his principles. A little gory but consistent with the movie. </font> <table> <tr> <td> </td> </tr> </table> I found this review &nbsp; <p>   <table> <tr> <td> <a> <font> <b> See All Customer Reviews </b> </font> </a> </td> </tr> </table>]]>
</value>
</value>
</value>
</value>

