<value instanceof="68">
<value instanceof="17">
<![CDATA[ Lawrence of Arabia: Disc 1]]>
</value>
<value instanceof="18">
<![CDATA[ (1962)]]>
</value>
<value instanceof="19">
<![CDATA[ <br>  ]]>
</value>
<value instanceof="20">
<![CDATA[ English (Dolby Digital 2.0 Stereo), English (Dolby Digital 5.1), French (Dolby Digital 2.0 Stereo), Portuguese (Dolby Digital 2.0 Stereo)]]>
</value>
<value instanceof="22">
<value instanceof="21">
</value>
</value>
<value instanceof="23">
<![CDATA[ <a href ='http://www.netflix.com/RoleDisplay?personid=69540'> Peter O'Toole </a> , <a href ='http://www.netflix.com/RoleDisplay?personid=37760'> Alec Guinness </a> , <a href ='/MovieDisplay?movieid=60000750&trkid=4368#cast'> More </a>]]>
</value>
<value instanceof="24">
<![CDATA[ <a href ='http://www.netflix.com/RoleDisplay?personid=53644'> David Lean </a>]]>
</value>
<value instanceof="25">
<![CDATA[ 227 minutes]]>
</value>
<value instanceof="26">
<![CDATA[ NR]]>
</value>
<value instanceof="27">
<![CDATA[ Foreign]]>
</value>
<value instanceof="28">
<![CDATA[ Widescreen]]>
</value>
<value instanceof="29">
<![CDATA[ Chinese, English, French, Korean, Portuguese, Spanish, Thai]]>
</value>
<value instanceof="30">
<![CDATA[ 4.1]]>
</value>
<value instanceof="31">
<![CDATA[ (40,689]]>
</value>
<value instanceof="32">
<![CDATA[ Color; region 1 encoding; interactive menus; scene access; enhanced for 16x9 TVs; DVD ROM features]]>
</value>
<value instanceof="33">
</value>
<value instanceof="35">
<![CDATA[ <br> </br> <a> <img> </img> </a> <a> Netflix Review </a> <br> </br> <a> <img> </img> </a> <a> Awards </a> <br> </br> <a> <img> </img> </a> <a> Mr. DVD Recommends </a> <br> </br>]]>
</value>
<value instanceof="44">
<![CDATA[ <p> <hr> </hr> <a> </a> <font> <b> Synopsis </b> </font> </p> <b> Please note that this is volume 1 of a 2 disc set. For the conclusion of this feature, you will need to rent Lawrence of Arabia: Disc 2. </b> <p>   Director David Lean follows the heroic true-life odyssey of T.E. Lawrence (Peter O'Toole) in this dramatic portrait of the famed British officer's journey to the Middle East. Assigned to Arabia during World War I, Lawrence courageously unites the warring Arab factions into a strong guerrilla front and leads them to brilliant victories in treacherous desert battlefields where they eventually defeat the ruling Turkish Empire. <p>   See movie reviews below. <p>   <b> About the DVD: </b> The anamorphic 2.2:1 widescreen image was taken from the recent restoration of the 70mm print. The movie is split across two discs, with all the extras on the second disc, including an hourlong making-of featurette, a conversation with Steven Spielberg about the film, several featurettes from the premiere and more. Audio is available in Dolby Digital 5.1 and 2.0. All in all, a superb presentation of a classic, and Columbia-TriStar should be commended for its effort. <p>  ]]>
</value>
<value instanceof="45">
<![CDATA[ <a href ='http://www.netflix.com/RoleDisplay?personid=69540'> Peter O'Toole </a> , <a href ='http://www.netflix.com/RoleDisplay?personid=37760'> Alec Guinness </a> , <a href ='http://www.netflix.com/RoleDisplay?personid=75630'> Anthony Quinn </a> , <a href ='http://www.netflix.com/RoleDisplay?personid=40218'> Jack Hawkins </a> , <a href ='http://www.netflix.com/RoleDisplay?personid=84596'> Omar Sharif </a> , <a href ='http://www.netflix.com/RoleDisplay?personid=29716'> Jose Ferrer </a> , <a href ='http://www.netflix.com/RoleDisplay?personid=20008281'> Anthony Quayle </a> , <a href ='http://www.netflix.com/RoleDisplay?personid=75996'> Claude Rains </a> , <a href ='http://www.netflix.com/RoleDisplay?personid=20001736'> Arthur Kennedy </a> , <a href ='http://www.netflix.com/RoleDisplay?personid=100503'> Donald Wolfit </a> <p>   <a name ="related"> <b> Related DVDs: </b> <a href ="http://www.netflix.com/MovieDisplay?movieid=60020457&trkid=4368"> Lawrence of Arabia: Disc 2 </a> </a> <p>  ]]>
</value>
<value instanceof="46">
<![CDATA[ Chaplin Mutuals #2]]>
</value>
<value instanceof="47">
<![CDATA[ Remastered classics includes "The Count," "The Vagabond," "Fireman" " and Behind the Screen."]]>
</value>
<value instanceof="48">
<![CDATA[ NR]]>
</value>
<value instanceof="49">
<![CDATA[ (1916)]]>
</value>
<value instanceof="50">
<![CDATA[ Under Fire]]>
</value>
<value instanceof="51">
<![CDATA[ Harrowing story of two journalists covering the last days of the Samoza Regime in Nicaragua.]]>
</value>
<value instanceof="52">
<![CDATA[ R]]>
</value>
<value instanceof="53">
<![CDATA[ (1983)]]>
</value>
<value instanceof="54">
<![CDATA[ Irene Dunne Romance Classics: Love Affair/ Penny Serenade]]>
</value>
<value instanceof="55">
<![CDATA[ This collection features two Academy Award &#8482; nominated romances, "Love Affair," (87 minutes) and "Penny Serenade," (118 minutes) starring five-time Oscar &#174; nominee Irene Dunne.]]>
</value>
<value instanceof="56">
<![CDATA[ NR]]>
</value>
<value instanceof="57">
<![CDATA[ (1941)]]>
</value>
<value instanceof="58">
<![CDATA[ Belle de Jour]]>
</value>
<value instanceof="59">
<![CDATA[ Catherine Deneuve is a middle class housewife who moonlights in a high-class Parisian brothel because of her diminished sexual desire for her husband.]]>
</value>
<value instanceof="60">
<![CDATA[ R]]>
</value>
<value instanceof="61">
<![CDATA[ (1967)]]>
</value>
<value instanceof="65">
<value instanceof="64">
<value instanceof="62">
<![CDATA[ James Rocchi]]>
</value>
<value instanceof="63">
<![CDATA[ Recent war films (Pearl Harbor, U-571 and Saving Private Ryan) set invented stories against a historical backdrop of conflict, hoping to thrill and inspire by mingling the facts of war with the convenient inventions of fiction. Director David Lean's 1962 film Lawrence of Arabia reminds us that ... <a> Complete Review </a>]]>
</value>
</value>
</value>
<value instanceof="66">
<![CDATA[ 57]]>
</value>
<value instanceof="67">
<value instanceof="12">
<value instanceof="11">
<![CDATA[ <p>   <a> </a> <table> <tr> <td> </td> <td> <font> <i> Jonathan K. </i> </font> </td> <td> &nbsp; <font> <b> 58 </b> out of <b> 68 </b> people found this review helpful. </font> </td> </tr> </table> <font> I first saw this film when it opened in New York City, in 1962. The Ultra Panavision images spread across the giant Loews' State Theatre screen and the enveloping 6 channel soundtrack were the appropriate vehicle for a movie that I found (and still do) simply enthralling. Omar Sharif's entry, as ... <a> Complete Review </a> </font> <table> <tr> <td> </td> </tr> </table> I found this review &nbsp; <p>   <a> </a> <table> <tr> <td> </td> <td> <font> <i> KH from NV 2 </i> <font> <br> </br> ( <a> Read more about me ... </a> ) </font> </font> </td> <td> &nbsp; <font> <b> 43 </b> out of <b> 48 </b> people found this review helpful. </font> </td> </tr> </table> <font> The first time I watched this movie, a few years ago, I sat in awe and wonder the entire time it ran. Moved to tears, anger, disgust and sheer pleasure, it was one of the most incredible movie experiences I ever had. Now, being able to watch it complete in it's glory with it's missing scenes ... <a> Complete Review </a> </font> <table> <tr> <td> </td> </tr> </table> I found this review &nbsp; <p>   <a> </a> <table> <tr> <td> </td> <td> <font> <i> LO from CA 4 </i> <font> <br> </br> ( <a> Read more about me ... </a> ) </font> </font> </td> <td> &nbsp; <font> <b> 30 </b> out of <b> 33 </b> people found this review helpful. </font> </td> </tr> </table> <font> This film truly has it all - great actors (although strangely, it may be the only film of this caliber to have NO women in it), a fantastic script (true story), some of the best directing ever, and possibly the most lush and daring cinematography ever recorded. The scene where the servant is ... <a> Complete Review </a> </font> <table> <tr> <td> </td> </tr> </table> I found this review &nbsp; <p>   &nbsp;]]>
</value>
</value>
<value instanceof="14">
</value>
<value instanceof="12">
<value instanceof="11">
<![CDATA[ <p>   <a> </a> <table> <tr> <td> </td> <td> <font> <i> KMW </i> <font> <br> </br> ( <a> Read more about me ... </a> ) </font> </font> </td> <td> &nbsp; <font> <b> 2 </b> out of <b> 3 </b> people found this review helpful. </font> </td> </tr> </table> <font> David Lean, master of the widescreen vista, fills this movie with incredible, huge sights and sounds -- without ever losing sight of the human side of the action. Perhaps as good as movies get. </font> <table> <tr> <td> </td> </tr> </table> I found this review &nbsp; <p>   <a> </a> <table> <tr> <td> </td> <td> <font> <i> KW from CA 12 </i> <font> <br> </br> ( <a> Read more about me ... </a> ) </font> </font> </td> <td> &nbsp; <font> <b> 5 </b> out of <b> 5 </b> people found this review helpful. </font> </td> </tr> </table> <font> Who would have thought that a movie set in the desert about the revolt of the Arabs during WWI would be so unbelievably wonderful. This picture has it all. Stunning cinematography, a beautiful music score and Omar Shariff (what more could you ask for). You will feel as if you've been ... <a> Complete Review </a> </font> <table> <tr> <td> </td> </tr> </table> I found this review &nbsp; <p>   <a> </a> <table> <tr> <td> </td> <td> <font> <i> MC from CA 27 </i> <font> <br> </br> ( <a> Read more about me ... </a> ) </font> </font> </td> <td> &nbsp; <font> <b> 3 </b> out of <b> 3 </b> people found this review helpful. </font> </td> </tr> </table> <font> Ah, this one is such a treat. Rent discs one and two. Disc two has all the great treats like documentaries on the making of this epic and newsreel footage while it was being made. After watching them it makes you want to watch the whole movie all over again. This movie is an epic in every ... <a> Complete Review </a> </font> <table> <tr> <td> </td> </tr> </table> I found this review &nbsp; <p>   <table> <tr> <td> <a> <font> <b> See All Customer Reviews </b> </font> </a> </td> </tr> </table>]]>
</value>
</value>
</value>
</value>

