<value instanceof="68">
<value instanceof="17">
<![CDATA[ Shanghai Noon]]>
</value>
<value instanceof="18">
<![CDATA[ (2000)]]>
</value>
<value instanceof="19">
<![CDATA[ <br>  ]]>
</value>
<value instanceof="20">
<![CDATA[ English (Dolby Digital 5.1)]]>
</value>
<value instanceof="22">
</value>
<value instanceof="23">
<![CDATA[ <a href ='http://www.netflix.com/RoleDisplay?personid=15894'> Jackie Chan </a> , <a href ='http://www.netflix.com/RoleDisplay?personid=165389'> Owen Wilson </a> , <a href ='/MovieDisplay?movieid=60000876&trkid=2069#cast'> More </a>]]>
</value>
<value instanceof="24">
<![CDATA[ <a href ='http://www.netflix.com/RoleDisplay?personid=20007487'> Tom Dey </a>]]>
</value>
<value instanceof="25">
<![CDATA[ 110 minutes]]>
</value>
<value instanceof="26">
<![CDATA[ PG-13]]>
</value>
<value instanceof="27">
<![CDATA[ Action & Adventure]]>
</value>
<value instanceof="28">
<![CDATA[ Widescreen Anamorphic]]>
</value>
<value instanceof="29">
<![CDATA[]]>
</value>
<value instanceof="30">
<![CDATA[ 3.5]]>
</value>
<value instanceof="31">
<![CDATA[ (42,750]]>
</value>
<value instanceof="32">
<![CDATA[ Enhanced for 16x9 TVs, music videos, photo gallery , director's commentary , making-of featurette , trailer(s)]]>
</value>
<value instanceof="33">
</value>
<value instanceof="35">
<![CDATA[ <br> </br> <a> <img> </img> </a> <a> Netflix Review </a> <br> </br> <a> <img> </img> </a> <a> Mr. DVD Recommends </a> <br> </br> <a> <img> </img> </a> <a> Official Movie Site </a> <br> </br>]]>
</value>
<value instanceof="44">
<![CDATA[ <p> <hr> </hr> <a> </a> <font> <b> Synopsis </b> </font> </p> East meets West in a battle for honor, royalty, and a fortune in gold. The classic Western gets a kick in the pants courtesy of Jackie Chan. <p>   When the lovely Princess Pei Pei (Lucy Liu) is kidnapped from China, the Emperor dispatches three of his most fierce and noble Imperial Guards to deliver the ransom in gold to her kidnappers in America's Wild West. Chon Wang (Jackie Chan) isn't among the chosen. However, he manages to tag along anyway by offering to carry the luggage for his uncle, the Interpreter. <p>   See movie reviews below. <p>   <b> About the DVD: </b> Wilson, Chan and Dey provide commentary for the feature and for deleted scenes. There's an Uncle Kraker music video and a wagonload of featurettes, but they're dull. "Shanghai Surprise" is a collection of interactive games you can play with a DVD remote. Shanghai Noon's sound, which includes English and French tracks in Dolby Digital 5.1, is superlative; Spanish subtitles are optional. The film is presented in 2.35:1 anamorphic widescreen. <p>  ]]>
</value>
<value instanceof="45">
<![CDATA[ <a href ='http://www.netflix.com/RoleDisplay?personid=15894'> Jackie Chan </a> , <a href ='http://www.netflix.com/RoleDisplay?personid=165389'> Owen Wilson </a> , <a href ='http://www.netflix.com/RoleDisplay?personid=20007488'> Rafael Baez </a> , <a href ='http://www.netflix.com/RoleDisplay?personid=20008295'> Lucy Liu </a> , <a href ='http://www.netflix.com/RoleDisplay?personid=20004291'> Curtis Armstrong </a> , <a href ='http://www.netflix.com/RoleDisplay?personid=20008296'> Jason Connery </a> <p>  ]]>
</value>
<value instanceof="46">
<![CDATA[ The Replacements]]>
</value>
<value instanceof="47">
<![CDATA[ Maverick old-guard coach Gene Hackman is hired in the wake of a players' strike to help the Washington Sentinels win three of their last four regular-season games and advance to the playoffs. But that impossible dream hinges on whether his replacements can hunker down and do the job. So, Hackman dusts off his secret dossier of ex-players who never got a chance (or screwed up the one they were given) and knits together a bad-dream team of guys who just may give the Sentinels their title shot.]]>
</value>
<value instanceof="48">
<![CDATA[ PG-13]]>
</value>
<value instanceof="49">
<![CDATA[ (2000)]]>
</value>
<value instanceof="50">
<![CDATA[ Romeo Must Die]]>
</value>
<value instanceof="51">
<![CDATA[ In an update of one of William Shakespeare's classic tragedies, two warring gang families (one African-American, the other Chinese) maneuver for bragging rights to the Oakland, Calif., docks. It's the perfect set piece for martial-arts star Jet Li to snap a few bones while trying to uncover a trail of deceit that leaves most of the warring factions dead &#8230; or worse!]]>
</value>
<value instanceof="52">
<![CDATA[ R]]>
</value>
<value instanceof="53">
<![CDATA[ (2000)]]>
</value>
<value instanceof="54">
<![CDATA[ The Mask of Zorro]]>
</value>
<value instanceof="55">
<![CDATA[ After spending 20 years in prison, Zorro is freed. Now he's looking for someone younger to take over his swashbuckling duties.]]>
</value>
<value instanceof="56">
<![CDATA[ PG-13]]>
</value>
<value instanceof="57">
<![CDATA[ (1998)]]>
</value>
<value instanceof="58">
<![CDATA[ Space Cowboys]]>
</value>
<value instanceof="59">
<![CDATA[ Some aging test pilots get a second shot at a ride into the wild blue yonder. A Russian satellite is about to fall back to Earth, and only engineer Frank Corvin (Clint Eastwood) knows how to stop it. When NASA begs for help, Corvin consents but with a condition: He and pals Tommy Lee Jones, Donald Sutherland and James Garner get to fly the mission!]]>
</value>
<value instanceof="60">
<![CDATA[ PG-13]]>
</value>
<value instanceof="61">
<![CDATA[ (2000)]]>
</value>
<value instanceof="65">
<value instanceof="64">
<value instanceof="62">
<![CDATA[ James Rocchi]]>
</value>
<value instanceof="63">
<![CDATA[ Shanghai Noon repeats the winning formula of Jackie Chan's last stateside hit, Rush Hour, by pairing the tight-lipped action star with his opposite number: the loquacious Owen Wilson. Cobbled together from the spare parts of a clutch of great Westerns, Shanghai Noon borrows from just about ... <a> Complete Review </a>]]>
</value>
</value>
</value>
<value instanceof="66">
<![CDATA[ 123]]>
</value>
<value instanceof="67">
<value instanceof="12">
<value instanceof="11">
<![CDATA[ <p>   <a> </a> <table> <tr> <td> </td> <td> <font> <i> Wayne Irions </i> </font> </td> <td> &nbsp; <font> <b> 29 </b> out of <b> 34 </b> people found this review helpful. </font> </td> </tr> </table> <font> one of the best movies by Jackie chan I have seen. You'll laugh all the way through the movie. This is a must see movie. </font> <table> <tr> <td> </td> </tr> </table> I found this review &nbsp; <p>   <a> </a> <table> <tr> <td> </td> <td> <font> <i> Jamie Mercer </i> </font> </td> <td> &nbsp; <font> <b> 22 </b> out of <b> 26 </b> people found this review helpful. </font> </td> </tr> </table> <font> This is one of the most hilarious movies I've seen in a while! Definitely worth renting if not buying! </font> <table> <tr> <td> </td> </tr> </table> I found this review &nbsp; <p>   <a> </a> <table> <tr> <td> </td> <td> <font> <i> AD from NY 2 </i> <font> <br> </br> ( <a> Read more about me ... </a> ) </font> </font> </td> <td> &nbsp; <font> <b> 22 </b> out of <b> 26 </b> people found this review helpful. </font> </td> </tr> </table> <font> Fans of Rushmore and Bottle rocket will apreciate Owen Wilson's influence in this action comedy. Jackie Chan looks great, and the fight coreogrphy is innovative and entertaining. As far as Hollywood fluff goes, this is the kind of fluff I enjoy! </font> <table> <tr> <td> </td> </tr> </table> I found this review &nbsp; <p>   &nbsp;]]>
</value>
</value>
<value instanceof="14">
</value>
<value instanceof="12">
<value instanceof="11">
<![CDATA[ <p>   <a> </a> <table> <tr> <td> </td> <td> <font> <i> WW from KS </i> <font> <br> </br> ( <a> Read more about me ... </a> ) </font> </font> </td> <td> </td> </tr> </table> <font> Typical Jackie Chan, lots of action scenes. So so plot, didn't really make total sense until after watching the bonus material. The director says that this was intentional. I am not sure though. </font> <table> <tr> <td> </td> </tr> </table> I found this review &nbsp; <p>   <a> </a> <table> <tr> <td> </td> <td> <font> <i> CR Motown </i> <font> <br> </br> ( <a> Read more about me ... </a> ) </font> </font> </td> <td> &nbsp; <font> <b> 1 </b> out of <b> 1 </b> people found this review helpful. </font> </td> </tr> </table> <font> Don't expect some sort of life altering meaning or message out of this film, but it was amusing. Jackie Chan is in his classic formula role as village idiot / screw up who goes abroad and becomes a legend. This time its set in the old west. Honestly my favorite part of this movie is the acting ... <a> Complete Review </a> </font> <table> <tr> <td> </td> </tr> </table> I found this review &nbsp; <p>   <a> </a> <table> <tr> <td> </td> <td> <font> <i> JS from MD 9 </i> <font> <br> </br> ( <a> Read more about me ... </a> ) </font> </font> </td> <td> </td> </tr> </table> <font> This is a wonderful movie that is appropriate for all ages 8 and up. Has humour that adults will apreciate and humour for the kids as well. Both heroes play there parts very well. A fun action movie, with good fight scenes and plenty of tongue in cheek humour. </font> <table> <tr> <td> </td> </tr> </table> I found this review &nbsp; <p>   <table> <tr> <td> <a> <font> <b> See All Customer Reviews </b> </font> </a> </td> </tr> </table>]]>
</value>
</value>
</value>
</value>

