<value instanceof="68">
<value instanceof="17">
<![CDATA[ Three Kings]]>
</value>
<value instanceof="18">
<![CDATA[ (1999)]]>
</value>
<value instanceof="19">
<![CDATA[ <br>  ]]>
</value>
<value instanceof="20">
<![CDATA[ English (Dolby Digital 5.1)]]>
</value>
<value instanceof="22">
</value>
<value instanceof="23">
<![CDATA[ <a href ='http://www.netflix.com/RoleDisplay?personid=17794'> George Clooney </a> , <a href ='http://www.netflix.com/RoleDisplay?personid=162838'> Mark Wahlberg </a> , <a href ='/MovieDisplay?movieid=1043044&trkid=2069#cast'> More </a>]]>
</value>
<value instanceof="24">
<![CDATA[ <a href ='http://www.netflix.com/RoleDisplay?personid=20001975'> David O. Russell </a>]]>
</value>
<value instanceof="25">
<![CDATA[ 115 minutes]]>
</value>
<value instanceof="26">
<![CDATA[ R]]>
</value>
<value instanceof="27">
<![CDATA[ Action & Adventure]]>
</value>
<value instanceof="28">
<![CDATA[ Widescreen]]>
</value>
<value instanceof="29">
<![CDATA[ English, French]]>
</value>
<value instanceof="30">
<![CDATA[ 3.4]]>
</value>
<value instanceof="31">
<![CDATA[ (90,604]]>
</value>
<value instanceof="32">
<![CDATA[ Color; interactive menus; scene access; audio commentary; documentaries; production notes; web access; photo gallery; interviews; behind the scenes footage; trailer(s); cast and crew information]]>
</value>
<value instanceof="33">
<value instanceof="16">
</value>
</value>
<value instanceof="35">
<![CDATA[ <br> </br> <a> <img> </img> </a> <a> Netflix Review </a> <br> </br> <a> <img> </img> </a> <a> Mr. DVD Recommends </a> <br> </br> <a> <img> </img> </a> <a> Leonard Maltin Recommends </a> <br> </br> <a> <img> </img> </a> <a> Official Movie Site </a> <br> </br>]]>
</value>
<value instanceof="44">
<![CDATA[ <p> <hr> </hr> <a> </a> <font> <b> Synopsis </b> </font> </p> George Clooney, Mark Wahlberg and Ice Cube lead a ragtag band of Gulf War grunts itchin' to grab millions in gold from Saddam Hussein. Along the way, they discover more action than they could ever want and, surprisingly, their humanity. <p>   See movie reviews below. <p>   <b> About the DVD: </b> The Three Kings DVD is especially praiseworthy, demonstrating the astonishing degree of craft and care that went into creating the film. Not only are you given a tour of the sets, for example, but you also get CNN footage of the Gulf War. The image is in 2.35:1 anamorphic widescreen, and the sound is in Dolby Digital 5.1. Extras include two commentaries from Russell and the producers; featurettes; video diaries; deleted scenes; production stills; and a funny, razor-sharp dissection of the surreal universe of modern filmmaking from Jonze, the director of Being John Malkovich. <p>  ]]>
</value>
<value instanceof="45">
<![CDATA[ <a href ='http://www.netflix.com/RoleDisplay?personid=17794'> George Clooney </a> , <a href ='http://www.netflix.com/RoleDisplay?personid=162838'> Mark Wahlberg </a> , <a href ='http://www.netflix.com/RoleDisplay?personid=20000218'> Ice Cube </a> , <a href ='http://www.netflix.com/RoleDisplay?personid=179146'> Jamie Kennedy </a> , <a href ='http://www.netflix.com/RoleDisplay?personid=20005876'> Spike Jonze </a> <p>  ]]>
</value>
<value instanceof="46">
<![CDATA[ Being John Malkovich]]>
</value>
<value instanceof="47">
<![CDATA[ Take a hallucinogenic trip minus the drugs but with all the fun. Puppeteer Craig Schwartz (John Cusack) discovers a door that's in fact a portal into actor John Malkovich's brain. For 15 minutes, Schwartz experiences the ultimate head trip: <i> He's </i> John Malkovich! More wacky adventure ensues when Schwartz plans to sell trips into Malkovich's brain for $200 a pop. Not your average comedy!]]>
</value>
<value instanceof="48">
<![CDATA[ R]]>
</value>
<value instanceof="49">
<![CDATA[ (1999)]]>
</value>
<value instanceof="50">
<![CDATA[ Fight Club]]>
</value>
<value instanceof="51">
<![CDATA[ When corporate drone Edward Norton can't sleep, his insomnia leads him to take desperate measures and introduces him to roguish rebel Brad Pitt. Together they stage impromptu (and brutal) parking lot boxing matches. But when other men join in the "fun," Pitt transforms the club from a group of men rebelling against conformity into a nihilistic cult of pranksters with greater malice in store.]]>
</value>
<value instanceof="52">
<![CDATA[ R]]>
</value>
<value instanceof="53">
<![CDATA[ (1999)]]>
</value>
<value instanceof="54">
<![CDATA[ A Simple Plan]]>
</value>
<value instanceof="55">
<![CDATA[ When two brothers (Bill Paxton and Billy Bob Thornton) find a body and a bundle of cash in a downed plane, they plot to hide the loot and split it later. It's a simple plan &#8230; until things go murderously awry. Director Sam Raimi's adaptation of Scott B. Smith's best-selling novel contains masterful performances and a bone-chilling sense of mounting evil.]]>
</value>
<value instanceof="56">
<![CDATA[ R]]>
</value>
<value instanceof="57">
<![CDATA[ (1998)]]>
</value>
<value instanceof="58">
<![CDATA[ High Fidelity]]>
</value>
<value instanceof="59">
<![CDATA[ Vintage-music-store owner John Cusack struggles to make sense of his love life by revisiting his top five breakups of all time. Hilarious, oddly romantic and infused with an awesome soundtrack.]]>
</value>
<value instanceof="60">
<![CDATA[ R]]>
</value>
<value instanceof="61">
<![CDATA[ (2000)]]>
</value>
<value instanceof="65">
<value instanceof="64">
<value instanceof="62">
<![CDATA[ James Rocchi]]>
</value>
<value instanceof="63">
<![CDATA[ I know several people who find Three Kings to be bravura filmmaking; I also know folks who find it contradictory and incomplete. Both are right. Director David O. Russell's Gulf War heist flick largely confounded audiences when it hit theaters. If it were meant to be an indictment of the rampant ... <a> Complete Review </a>]]>
</value>
</value>
</value>
<value instanceof="66">
<![CDATA[ 217]]>
</value>
<value instanceof="67">
<value instanceof="12">
<value instanceof="11">
<![CDATA[ <p>   <a> </a> <table> <tr> <td> </td> <td> <font> <i> SH from TX 5 </i> <font> <br> </br> ( <a> Read more about me ... </a> ) </font> </font> </td> <td> &nbsp; <font> <b> 10 </b> out of <b> 12 </b> people found this review helpful. </font> </td> </tr> </table> <font> If you're envisioning a gung-ho war movie with George Clooney as the clean-cut hero, you're in for a [pleasant] surprise. Three Kings is more about the war that you DIDN'T see on CNN -- the soldiers who aren't sure why they're there, who they're fighting, or if they've really won the war; the ... <a> Complete Review </a> </font> <table> <tr> <td> </td> </tr> </table> I found this review &nbsp; <p>   <a> </a> <table> <tr> <td> </td> <td> <font> <i> MK from WA 2 </i> <font> <br> </br> ( <a> Read more about me ... </a> ) </font> </font> </td> <td> &nbsp; <font> <b> 9 </b> out of <b> 11 </b> people found this review helpful. </font> </td> </tr> </table> <font> This movie is wonderful on all levels - characters, acting, script, story, plot, pacing, cinematography...and heart. Viewers on both sides of the Gulf War/Iraqi conflict will undoubtedly appreciate this movie with a message that avoids pretention or preachiness. Definitely underrated in the Oscars ... <a> Complete Review </a> </font> <table> <tr> <td> </td> </tr> </table> I found this review &nbsp; <p>   <a> </a> <table> <tr> <td> </td> <td> <font> <i> GW from TN 2 </i> <font> <br> </br> ( <a> Read more about me ... </a> ) </font> </font> </td> <td> &nbsp; <font> <b> 11 </b> out of <b> 17 </b> people found this review helpful. </font> </td> </tr> </table> <font> This movie is hard to define in any catagory. I guess you'd have to call it a dark comedy meets action adventure meets war story. The use of unusual angles and effects was a nice twist. Over all, it could have been better, but it is not boring. </font> <table> <tr> <td> </td> </tr> </table> I found this review &nbsp; <p>   &nbsp;]]>
</value>
</value>
<value instanceof="14">
</value>
<value instanceof="12">
<value instanceof="11">
<![CDATA[ <p>   <a> </a> <table> <tr> <td> </td> <td> <font> <i> leif holden </i> </font> </td> <td> </td> </tr> </table> <font> All the people that rated this movie one star must not enjoy good action movies. This movie rocked and I really enjoyed it. The plot was great and had great war scenario's with plenty of gun fighting! </font> <table> <tr> <td> </td> </tr> </table> I found this review &nbsp; <p>   <a> </a> <table> <tr> <td> </td> <td> <font> <i> M. H. </i> </font> </td> <td> </td> </tr> </table> <font> Could not finish this "film" Bad script,bad acting,bad editing,rife with sterotype,just plain rubbish.How dull to see Clooney as the stud.Mark W. with his shirt off and Cube doing the "black thing" What kind of weak minded individual looks at this and finds it legitimate or entertaining ? I ... <a> Complete Review </a> </font> <table> <tr> <td> </td> </tr> </table> I found this review &nbsp; <p>   <a> </a> <table> <tr> <td> </td> <td> <font> <i> hecktor berrie </i> </font> </td> <td> </td> </tr> </table> <font> george clooney can only do er and batman. the script is a remake of kellys gold with eastood and seavalas/ i kept wating for clonney to get th movie started-after 10 minutes i was sleep. dusk to dawn the sea movie still wating - hope O11 is his-"heck" </font> <table> <tr> <td> </td> </tr> </table> I found this review &nbsp; <p>   <table> <tr> <td> <a> <font> <b> See All Customer Reviews </b> </font> </a> </td> </tr> </table>]]>
</value>
</value>
</value>
</value>

