<value instanceof="68">
<value instanceof="17">
<![CDATA[ U-571]]>
</value>
<value instanceof="18">
<![CDATA[ (2000)]]>
</value>
<value instanceof="19">
<![CDATA[ <br>  ]]>
</value>
<value instanceof="20">
<![CDATA[ English (DTS 5.1 Surround), English (Dolby Digital 5.1), French (Dolby Digital 2.0 Surround)]]>
</value>
<value instanceof="22">
</value>
<value instanceof="23">
<![CDATA[ <a href ='http://www.netflix.com/RoleDisplay?personid=161647'> Matthew McConaughey </a> , <a href ='http://www.netflix.com/RoleDisplay?personid=72044'> Bill Paxton </a> , <a href ='/MovieDisplay?movieid=60000911&trkid=4368#cast'> More </a>]]>
</value>
<value instanceof="24">
<![CDATA[ <a href ='http://www.netflix.com/RoleDisplay?personid=20000904'> Jonathan Mostow </a>]]>
</value>
<value instanceof="25">
<![CDATA[ 117 minutes]]>
</value>
<value instanceof="26">
<![CDATA[ PG-13]]>
</value>
<value instanceof="27">
<![CDATA[ Action & Adventure]]>
</value>
<value instanceof="28">
<![CDATA[ Widescreen Anamorphic]]>
</value>
<value instanceof="29">
<![CDATA[ None]]>
</value>
<value instanceof="30">
<![CDATA[ 3.8]]>
</value>
<value instanceof="31">
<![CDATA[ (78,954]]>
</value>
<value instanceof="32">
<![CDATA[ Enhanced for 16x9 TVs, documentaries , director's commentary , cast and crew information , cast and crew interview , trailer(s) , making-of featurette]]>
</value>
<value instanceof="33">
<value instanceof="16">
</value>
</value>
<value instanceof="35">
<![CDATA[ <br> </br> <a> <img> </img> </a> <a> Netflix Review </a> <br> </br> <a> <img> </img> </a> <a> Awards </a> <br> </br> <a> <img> </img> </a> <a> Mr. DVD Recommends </a> <br> </br> <a> <img> </img> </a> <a> Official Movie Site </a> <br> </br>]]>
</value>
<value instanceof="44">
<![CDATA[ <p> <hr> </hr> <a> </a> <font> <b> Synopsis </b> </font> </p> U-571 is a white-knuckle World War II suspense drama about an American submarine crew's battle against time and their fears while carrying out a daring mission to capture a top-secret encrypting device from a Nazi U-boat. <p>   See movie reviews below. <p>   <b> About the DVD: </b> There's a "spotlight on location" with "I want it to be an authentic experience" Mostow, who also does commentary. The featurette "Creating and Constructing U-571" goes briefly inside the meticulous production of the full-sized submarine built for the film. In addition, there's World War II trivia to go along with the modern amenities, such as a 2.35:1 anamorphic widescreen transfer and Dolby Digital 5.1 and DTS sound. <p>  ]]>
</value>
<value instanceof="45">
<![CDATA[ <a href ='http://www.netflix.com/RoleDisplay?personid=161647'> Matthew McConaughey </a> , <a href ='http://www.netflix.com/RoleDisplay?personid=72044'> Bill Paxton </a> , <a href ='http://www.netflix.com/RoleDisplay?personid=48580'> Harvey Keitel </a> , <a href ='http://www.netflix.com/RoleDisplay?personid=9530'> Jon Bon Jovi </a> , <a href ='http://www.netflix.com/RoleDisplay?personid=97910'> Jake Weber </a> <p>  ]]>
</value>
<value instanceof="46">
<![CDATA[ Men of Honor]]>
</value>
<value instanceof="47">
<![CDATA[ Against formidable odds, Carl Brashear (Cuba Gooding Jr.) sets his sights on becoming the U.S. Navy's first African-American master diver in this uplifting true story. Brashear's biggest obstacle? Leslie Sunday (Robert De Niro), an old-school diving instructor embittered by the Navy's new, less prejudicial policies. Ultimately, fate conspires to bring the men together into a setting of mutual respect, triumph &#8230; and honor.]]>
</value>
<value instanceof="48">
<![CDATA[ R]]>
</value>
<value instanceof="49">
<![CDATA[ (2000)]]>
</value>
<value instanceof="50">
<![CDATA[ Rules of Engagement]]>
</value>
<value instanceof="51">
<![CDATA[ Sensing a crisis in Yemen, the U.S. government sends Col. Terry Childers (Samuel L. Jackson) to remove the U.S. ambassador and his family. Childers succeeds but ends up killing 80 civilians in the process. Fearing a court martial that could put him behind bars for the rest of his life, Childers looks to Col. Hayes Hodges (Tommy Lee Jones) to defend him in court.]]>
</value>
<value instanceof="52">
<![CDATA[ R]]>
</value>
<value instanceof="53">
<![CDATA[ (2000)]]>
</value>
<value instanceof="54">
<![CDATA[ The Patriot]]>
</value>
<value instanceof="55">
<![CDATA[ Benjamin Martin (Mel Gibson) is reluctantly swept into the American Revolution when the war reaches his farm and the British endanger what he cherishes most.]]>
</value>
<value instanceof="56">
<![CDATA[ R]]>
</value>
<value instanceof="57">
<![CDATA[ (2000)]]>
</value>
<value instanceof="58">
<![CDATA[ Pearl Harbor]]>
</value>
<value instanceof="59">
<![CDATA[ Ten-hut! Studly Air Force fighter pilots Ben Affleck and Josh Hartnett are tough-as-nails risk-takers who must battle Japanese Zeros -- and each other -- for the affections of comely nurse Kate Beckinsale. Set against the cataclysmic events of December 7, 1941, Pearl Harbor comes at you like a white-hot tracer bullet fired point-blank. Batten down the hatches, it's gonna be a bumpy war!]]>
</value>
<value instanceof="60">
<![CDATA[ PG-13]]>
</value>
<value instanceof="61">
<![CDATA[ (2001)]]>
</value>
<value instanceof="65">
<value instanceof="64">
<value instanceof="62">
<![CDATA[ James Rocchi]]>
</value>
<value instanceof="63">
<![CDATA[ U-571, writer-director Jonathan Mostow's new thriller, reminds me of a "Greatest Hits" album. All our favorite submarine moments are here: "Torpedo Duel," "Be Very, Very Quiet" and "How Deep Can We Go?" Luckily for the audience, Mostow adds a few new notes to U-571's mix, such as "Mystery Morse ... <a> Complete Review </a>]]>
</value>
</value>
</value>
<value instanceof="66">
<![CDATA[ 234]]>
</value>
<value instanceof="67">
<value instanceof="12">
<value instanceof="11">
<![CDATA[ <p>   <a> </a> <table> <tr> <td> </td> <td> <font> <i> TA from OH 2 </i> <font> <br> </br> ( <a> Read more about me ... </a> ) </font> </font> </td> <td> &nbsp; <font> <b> 67 </b> out of <b> 71 </b> people found this review helpful. </font> </td> </tr> </table> <font> Good war related action movie with some historical context. Both my wife and I enjoyed it. If you enjoyed the Hunt for Red October or any of the other well done Sub movies, you should like this. </font> <table> <tr> <td> </td> </tr> </table> I found this review &nbsp; <p>   <a> </a> <table> <tr> <td> </td> <td> <font> <i> RR from MS </i> <font> <br> </br> ( <a> Read more about me ... </a> ) </font> </font> </td> <td> &nbsp; <font> <b> 46 </b> out of <b> 51 </b> people found this review helpful. </font> </td> </tr> </table> <font> For sheer entertainment and surround sound value, this movie hits the nail on the head...HARD!!! U-571 keeps you locked onto the couch and takes you for a wild ride aboard a vintage german submarine. On the DVD, the video quality was incredibly sharp with vivid colors and details. The 5.1 ... <a> Complete Review </a> </font> <table> <tr> <td> </td> </tr> </table> I found this review &nbsp; <p>   <a> </a> <table> <tr> <td> </td> <td> <font> <i> CR from FL </i> <font> <br> </br> ( <a> Read more about me ... </a> ) </font> </font> </td> <td> &nbsp; <font> <b> 46 </b> out of <b> 61 </b> people found this review helpful. </font> </td> </tr> </table> <font> U-571 is a great movie.If you like action and adventure you have got to see this movie.It's not a time wasting movie. </font> <table> <tr> <td> </td> </tr> </table> I found this review &nbsp; <p>   &nbsp;]]>
</value>
</value>
<value instanceof="14">
</value>
<value instanceof="12">
<value instanceof="11">
<![CDATA[ <p>   <a> </a> <table> <tr> <td> </td> <td> <font> <i> Paul B </i> </font> </td> <td> </td> </tr> </table> <font> Reminded me of old sub movies from the 50's! The movie was focused more around the story then any one acter, and great set designs! </font> <table> <tr> <td> </td> </tr> </table> I found this review &nbsp; <p>   <a> </a> <table> <tr> <td> </td> <td> <font> <i> Bill Smith </i> </font> </td> <td> </td> </tr> </table> <font> What a nice way to liven up a dull winter evening! Wife and I both enjoyed it and were especially interested in the historical angle. Hope to find more of this type in your selections. </font> <table> <tr> <td> </td> </tr> </table> I found this review &nbsp; <p>   <a> </a> <table> <tr> <td> </td> <td> <font> <i> GA from TX 3 </i> <font> <br> </br> ( <a> Read more about me ... </a> ) </font> </font> </td> <td> &nbsp; <font> <b> 1 </b> out of <b> 2 </b> people found this review helpful. </font> </td> </tr> </table> <font> Great edge of the seat movie....supurb acting ....I would recommend this movie above all...MUST SEE </font> <table> <tr> <td> </td> </tr> </table> I found this review &nbsp; <p>   <table> <tr> <td> <a> <font> <b> See All Customer Reviews </b> </font> </a> </td> </tr> </table>]]>
</value>
</value>
</value>
</value>

