<value instanceof="68">
<value instanceof="17">
<![CDATA[ Gladiator]]>
</value>
<value instanceof="18">
<![CDATA[ (2000)]]>
</value>
<value instanceof="19">
<![CDATA[ <br>  ]]>
</value>
<value instanceof="20">
<![CDATA[ English (DTS 5.1 Surround), English (Dolby Digital 5.1)]]>
</value>
<value instanceof="22">
<value instanceof="21">
</value>
</value>
<value instanceof="23">
<![CDATA[ <a href ='http://www.netflix.com/RoleDisplay?personid=20621'> Russell Crowe </a> , <a href ='http://www.netflix.com/RoleDisplay?personid=163711'> Joaquin Phoenix </a> , <a href ='/MovieDisplay?movieid=60000929&trkid=4368#cast'> More </a>]]>
</value>
<value instanceof="24">
<![CDATA[ <a href ='http://www.netflix.com/RoleDisplay?personid=83603'> Ridley Scott </a>]]>
</value>
<value instanceof="25">
<![CDATA[ 155 minutes]]>
</value>
<value instanceof="26">
<![CDATA[ R]]>
</value>
<value instanceof="27">
<![CDATA[ Action & Adventure]]>
</value>
<value instanceof="28">
<![CDATA[ Widescreen Anamorphic]]>
</value>
<value instanceof="29">
<![CDATA[ None]]>
</value>
<value instanceof="30">
<![CDATA[ 4.2]]>
</value>
<value instanceof="31">
<![CDATA[ (221,115]]>
</value>
<value instanceof="32">
<![CDATA[ Color; region 1 encoding; interactive menus; scene access; enhanced for 16x9 TVs; audio commentary with director Ridley Scott; closed captioned. More special features on Gladiator: Bonus Disc.]]>
</value>
<value instanceof="33">
<value instanceof="16">
</value>
</value>
<value instanceof="35">
<![CDATA[ <br> </br> <a> <img> </img> </a> <a> Netflix Review </a> <br> </br> <a> <img> </img> </a> <a> Awards </a> <br> </br> <a> <img> </img> </a> <a> Official Movie Site </a> <br> </br>]]>
</value>
<value instanceof="44">
<![CDATA[ <p> <hr> </hr> <a> </a> <font> <b> Synopsis </b> </font> </p> Please note that this disc contains the movie. If you'd like to see the bonus disc, please rent <b> Gladiator: Bonus Disc </b> . <p>   Upon the sudden death of Roman emperor Marcus Aurelius, his trusted and successful general Maximus is unlawfully imprisoned and condemned to the gladiator games by Marcus's twisted son Commodus. As the new emperor, Commodus fears Maximus could use his heroic stature to depose him and become leader himself. But Maximus gains fame as a gladiator and uses his celebrity to cause further damage to Commodus' tenuous hold on the susceptible Roman people, hoping to inspire them to rediscover their lost values and overcome the corruption that is eating away at them. These actions prompt Commodus to square off mano a mano with Maximus in the Colisseum with the fate of Rome at stake. The characters of Marcus Aurelius and Commodus appeared in Anthony Mann's epic "Fall of the Roman Empire:, played by Alec Guinness and Christopher Plummer, respectively. <p>   See movie reviews below. <p>   <b> About the DVD: </b> The disc is in anamorphic 2.35:1 widescreen format; audio choices include DTS surround sound, Dolby 5.1 and Dolby 2.0. Commentary by Scott, director of photography John Mathieson and editor Pietro Scalia is sorted into chapters exploring the practical and the ideological aspects of the movie. <p>  ]]>
</value>
<value instanceof="45">
<![CDATA[ <a href ='http://www.netflix.com/RoleDisplay?personid=20621'> Russell Crowe </a> , <a href ='http://www.netflix.com/RoleDisplay?personid=163711'> Joaquin Phoenix </a> , <a href ='http://www.netflix.com/RoleDisplay?personid=39640'> Richard Harris </a> , <a href ='http://www.netflix.com/RoleDisplay?personid=43305'> Djimon Hounsou </a> , <a href ='http://www.netflix.com/RoleDisplay?personid=40921'> David Hemmings </a> , <a href ='http://www.netflix.com/RoleDisplay?personid=76953'> Oliver Reed </a> <p>  ]]>
</value>
<value instanceof="46">
<![CDATA[ Braveheart]]>
</value>
<value instanceof="47">
<![CDATA[ Based on historical events, this Oscar-winning epic tells the story of legendary Scotsman William Wallace (Mel Gibson), a courageous young man who fights for his country's freedom in the midst of 13th century British oppression.]]>
</value>
<value instanceof="48">
<![CDATA[ R]]>
</value>
<value instanceof="49">
<![CDATA[ (1995)]]>
</value>
<value instanceof="50">
<![CDATA[ The Patriot]]>
</value>
<value instanceof="51">
<![CDATA[ Benjamin Martin (Mel Gibson) is reluctantly swept into the American Revolution when the war reaches his farm and the British endanger what he cherishes most.]]>
</value>
<value instanceof="52">
<![CDATA[ R]]>
</value>
<value instanceof="53">
<![CDATA[ (2000)]]>
</value>
<value instanceof="54">
<![CDATA[ Saving Private Ryan]]>
</value>
<value instanceof="55">
<![CDATA[ Steven Spielberg's World War II epic about rescue and redemption captures not only war's horrors, but also the necessity of battle. Starring Tom Hanks, Saving Private Ryan includes some of the most intense combat scenes ever filmed.]]>
</value>
<value instanceof="56">
<![CDATA[ R]]>
</value>
<value instanceof="57">
<![CDATA[ (1998)]]>
</value>
<value instanceof="58">
<![CDATA[ U-571]]>
</value>
<value instanceof="59">
<![CDATA[ U-571 is a white-knuckle World War II suspense drama about an American submarine crew's battle against time and their fears while carrying out a daring mission to capture a top-secret encrypting device from a Nazi U-boat.]]>
</value>
<value instanceof="60">
<![CDATA[ PG-13]]>
</value>
<value instanceof="61">
<![CDATA[ (2000)]]>
</value>
<value instanceof="65">
<value instanceof="64">
<value instanceof="62">
<![CDATA[ James Rocchi]]>
</value>
<value instanceof="63">
<![CDATA[ Without a doubt, Gladiator is one of the better films of the season. That's the upside, and it's considerable. But Gladiator could have been one of the best films of the year. In a performance that confirms his arrival as a major star, Russell Crowe drives director Ridley Scott's thrilling, ... <a> Complete Review </a>]]>
</value>
</value>
</value>
<value instanceof="66">
<![CDATA[ 564]]>
</value>
<value instanceof="67">
<value instanceof="12">
<value instanceof="11">
<![CDATA[]]>
</value>
</value>
<value instanceof="14">
</value>
<value instanceof="12">
<value instanceof="11">
<![CDATA[ <p>   <a> </a> <table> <tr> <td> </td> <td> <font> <i> Chris Easter </i> </font> </td> <td> </td> </tr> </table> <font> Good Movie. Not gorry enough to be rated R as far as I can see. Not explicite or dirty, just pretty much what things were like back then. </font> <table> <tr> <td> </td> </tr> </table> I found this review &nbsp; <p>   <a> </a> <table> <tr> <td> </td> <td> <font> <i> GH from CA 9 </i> <font> <br> </br> ( <a> Read more about me ... </a> ) </font> </font> </td> <td> &nbsp; <font> <b> 1 </b> out of <b> 1 </b> people found this review helpful. </font> </td> </tr> </table> <font> If the acting and special effects are better in this film than the 100 like it made in the 50's and earily 60's that is all that it has going for it. This is the same script that was done to death in years past. It has cartoon characters rather than real people, the same noble general (or ... <a> Complete Review </a> </font> <table> <tr> <td> </td> </tr> </table> I found this review &nbsp; <p>   <a> </a> <table> <tr> <td> </td> <td> <font> <i> David Gray </i> </font> </td> <td> &nbsp; <font> <b> 1 </b> out of <b> 2 </b> people found this review helpful. </font> </td> </tr> </table> <font> Great story and action. A must see. Wonderful acting perform from the whole cast. </font> <table> <tr> <td> </td> </tr> </table> I found this review &nbsp; <p>   <table> <tr> <td> <a> <font> <b> See All Customer Reviews </b> </font> </a> </td> </tr> </table>]]>
</value>
</value>
</value>
</value>

