<value instanceof="68">
<value instanceof="17">
<![CDATA[ The Patriot]]>
</value>
<value instanceof="18">
<![CDATA[ (2000)]]>
</value>
<value instanceof="19">
<![CDATA[ <br>  ]]>
</value>
<value instanceof="20">
<![CDATA[ English (Dolby Digital 2.0 Surround)]]>
</value>
<value instanceof="22">
<value instanceof="21">
</value>
</value>
<value instanceof="23">
<![CDATA[ <a href ='http://www.netflix.com/RoleDisplay?personid=34396'> Mel Gibson </a> , <a href ='http://www.netflix.com/RoleDisplay?personid=20000087'> Tcheky Karyo </a> , <a href ='/MovieDisplay?movieid=60001044&trkid=4368#cast'> More </a>]]>
</value>
<value instanceof="24">
<![CDATA[ <a href ='http://www.netflix.com/RoleDisplay?personid=27881'> Roland Emmerich </a>]]>
</value>
<value instanceof="25">
<![CDATA[ 165 minutes]]>
</value>
<value instanceof="26">
<![CDATA[ R]]>
</value>
<value instanceof="27">
<![CDATA[ Drama]]>
</value>
<value instanceof="28">
<![CDATA[ Widescreen Anamorphic]]>
</value>
<value instanceof="29">
<![CDATA[ English, French]]>
</value>
<value instanceof="30">
<![CDATA[ 3.9]]>
</value>
<value instanceof="31">
<![CDATA[ (234,031]]>
</value>
<value instanceof="32">
<![CDATA[ Color; interactive menus; scene access; enhanced for 16x9 TVs; cast/crew biographies; audio commentary; production notes; DVD ROM features; photo gallery; featurette; deleted scenes; theatrical trailer; story boards]]>
</value>
<value instanceof="33">
<value instanceof="16">
</value>
</value>
<value instanceof="35">
<![CDATA[ <br> </br> <a> <img> </img> </a> <a> Netflix Review </a> <br> </br> <a> <img> </img> </a> <a> Awards </a> <br> </br> <a> <img> </img> </a> <a> Leonard Maltin Recommends </a> <br> </br> <a> <img> </img> </a> <a> Official Movie Site </a> <br> </br>]]>
</value>
<value instanceof="44">
<![CDATA[ <p> <hr> </hr> <a> </a> <font> <b> Synopsis </b> </font> </p> Benjamin Martin (Mel Gibson) is reluctantly swept into the American Revolution when the war reaches his farm and the British endanger what he cherishes most. He takes up arms alongside his idealistic patriot son, Gabriel, and leads a rebel American Militia into battle against a relentless and overwhelming Redcoat army. In the process, he discovers that the only way to protect his family is to fight for a young nation's liberty. But his dark past haunts him. <p>   See movie reviews below. <p>   <b> About the DVD: </b> Special features include commentary by Emmerich and producer Dean Devlin. A visual-effects interactive feature walks you through two scenes: "How a Patriot Loses His Head" and "Recreating a Digital Army." "The Art of War" featurette includes interviews with the cast and the director about the insanity of revolutionary warfare. "True Patriots" delves into the period's history. The disc boasts an anamorphic 2.35:1 widescreen transfer, an English soundtrack in Dolby Digital 5.1 and a French track in Dolby Surround Sound. <p>  ]]>
</value>
<value instanceof="45">
<![CDATA[ <a href ='http://www.netflix.com/RoleDisplay?personid=34396'> Mel Gibson </a> , <a href ='http://www.netflix.com/RoleDisplay?personid=20000087'> Tcheky Karyo </a> , <a href ='http://www.netflix.com/RoleDisplay?personid=20000005'> Heath Ledger </a> , <a href ='http://www.netflix.com/RoleDisplay?personid=20010059'> Jason Isaacs </a> , <a href ='http://www.netflix.com/RoleDisplay?personid=20010060'> Lisa Brenner </a> <p>  ]]>
</value>
<value instanceof="46">
<![CDATA[ Pearl Harbor]]>
</value>
<value instanceof="47">
<![CDATA[ Ten-hut! Studly Air Force fighter pilots Ben Affleck and Josh Hartnett are tough-as-nails risk-takers who must battle Japanese Zeros -- and each other -- for the affections of comely nurse Kate Beckinsale. Set against the cataclysmic events of December 7, 1941, Pearl Harbor comes at you like a white-hot tracer bullet fired point-blank. Batten down the hatches, it's gonna be a bumpy war!]]>
</value>
<value instanceof="48">
<![CDATA[ PG-13]]>
</value>
<value instanceof="49">
<![CDATA[ (2001)]]>
</value>
<value instanceof="50">
<![CDATA[ Con Air]]>
</value>
<value instanceof="51">
<![CDATA[ When the government puts all its rotten criminal eggs in one airborne basket, it's asking for trouble. Before you can say, "Pass the barf bag," the crooks control the plane, led by creepy Cyrus "The Virus" Grissom (John Malkovich). Watching his every move is the just-released Nicolas Cage, who'd rather reunite with his family. The action climaxes with an incredible crash sequence in Las Vegas.]]>
</value>
<value instanceof="52">
<![CDATA[ R]]>
</value>
<value instanceof="53">
<![CDATA[ (1997)]]>
</value>
<value instanceof="54">
<![CDATA[ Rules of Engagement]]>
</value>
<value instanceof="55">
<![CDATA[ Sensing a crisis in Yemen, the U.S. government sends Col. Terry Childers (Samuel L. Jackson) to remove the U.S. ambassador and his family. Childers succeeds but ends up killing 80 civilians in the process. Fearing a court martial that could put him behind bars for the rest of his life, Childers looks to Col. Hayes Hodges (Tommy Lee Jones) to defend him in court.]]>
</value>
<value instanceof="56">
<![CDATA[ R]]>
</value>
<value instanceof="57">
<![CDATA[ (2000)]]>
</value>
<value instanceof="58">
<![CDATA[ Entrapment]]>
</value>
<value instanceof="59">
<![CDATA[ It's easy to get immersed in this intoxicating thriller that features more high-tech gizmos than you'd probably find in Bill Gates' attic. Sean Connery stars as a retired master thief implicated in a major art burglary. Catherine Zeta-Jones is the investigator sent to track him down. They join forces for a millennial heist that'll have you clutching your recliner's arms.]]>
</value>
<value instanceof="60">
<![CDATA[ PG-13]]>
</value>
<value instanceof="61">
<![CDATA[ (1999)]]>
</value>
<value instanceof="65">
<value instanceof="64">
<value instanceof="62">
<![CDATA[ Leonard Maltin]]>
</value>
<value instanceof="63">
<![CDATA[ The Patriot is a big, sprawling, old-fashioned Hollywood historical epic, the kind we rarely see anymore. It's the type of movie that transports its audience to another time and place (South Carolina, during the war for American independence in 1776) and makes that period come alive. And it has a ... <a> Complete Review </a>]]>
</value>
</value>
</value>
<value instanceof="66">
<![CDATA[ 527]]>
</value>
<value instanceof="67">
<value instanceof="12">
<value instanceof="11">
<![CDATA[ <p>   <a> </a> <table> <tr> <td> </td> <td> <font> <i> DB from NY 5 </i> <font> <br> </br> ( <a> Read more about me ... </a> ) </font> </font> </td> <td> &nbsp; <font> <b> 30 </b> out of <b> 30 </b> people found this review helpful. </font> </td> </tr> </table> <font> This movie was a total surprise. I rented it for my husband and thought oh this looks like a "guy" flick. But, it wasn't at all. It was drama, suspense, action, romance and with Mel Gibson...there has to be a little comedy. This was one of the best movies I've ever seen! </font> <table> <tr> <td> </td> </tr> </table> I found this review &nbsp; <p>   <a> </a> <table> <tr> <td> </td> <td> <font> <i> LW from AR </i> <font> <br> </br> ( <a> Read more about me ... </a> ) </font> </font> </td> <td> &nbsp; <font> <b> 36 </b> out of <b> 47 </b> people found this review helpful. </font> </td> </tr> </table> <font> Incredible movie...a bit bloody, but very realistic. Strong emotional swings...one minute you're laughing, the next minute your're crying. Makes a person think about what our ancestors had to go thru to gain their freedom. Truly makes one proud to be an American. 5+ Stars. </font> <table> <tr> <td> </td> </tr> </table> I found this review &nbsp; <p>   <a> </a> <table> <tr> <td> </td> <td> <font> <i> LF from OH </i> <font> <br> </br> ( <a> Read more about me ... </a> ) </font> </font> </td> <td> &nbsp; <font> <b> 14 </b> out of <b> 18 </b> people found this review helpful. </font> </td> </tr> </table> <font> This movie was one of the best war movies I have ever seen. Mel Gibson was great as usual. I love to watch this movie over and over. </font> <table> <tr> <td> </td> </tr> </table> I found this review &nbsp; <p>   &nbsp;]]>
</value>
</value>
<value instanceof="14">
</value>
<value instanceof="12">
<value instanceof="11">
<![CDATA[ <p>   <a> </a> <table> <tr> <td> </td> <td> <font> <i> Ken Watkins </i> </font> </td> <td> </td> </tr> </table> <font> Rarley does a movie make me want to throw things at the screen, but this one qualifies. Trying to bring Braveheart to the American Revolution falls flat; even after 9/11, the smarmy overdone patriotism of this film doesn't ring true. Absolutely awful dialogue, there are scenes which will make ... <a> Complete Review </a> </font> <table> <tr> <td> </td> </tr> </table> I found this review &nbsp; <p>   <a> </a> <table> <tr> <td> </td> <td> <font> <i> Carl Miller </i> </font> </td> <td> &nbsp; <font> <b> 1 </b> out of <b> 1 </b> people found this review helpful. </font> </td> </tr> </table> <font> This was an intense movie that kept me interested the whole time. It was so so sad, though. </font> <table> <tr> <td> </td> </tr> </table> I found this review &nbsp; <p>   <a> </a> <table> <tr> <td> </td> <td> <font> <i> Marsha Moon </i> </font> </td> <td> &nbsp; <font> <b> 1 </b> out of <b> 1 </b> people found this review helpful. </font> </td> </tr> </table> <font> my husband and I are long haul drivers so we like to rent movies every night we can. So instead of sitting around with the other drivers doing nothing we rent movies. This movie was so goods it kept my attention the entire movie, and the we disscussed it the next day. GO SEE IT FOLKS </font> <table> <tr> <td> </td> </tr> </table> I found this review &nbsp; <p>   <table> <tr> <td> <a> <font> <b> See All Customer Reviews </b> </font> </a> </td> </tr> </table>]]>
</value>
</value>
</value>
</value>

