<value instanceof="68">
<value instanceof="17">
<![CDATA[ Men in Black]]>
</value>
<value instanceof="18">
<![CDATA[ (1997)]]>
</value>
<value instanceof="19">
<![CDATA[ <br>  ]]>
</value>
<value instanceof="20">
<![CDATA[ English (Dolby Digital 2.0 Surround), English (Dolby Digital 5.1)]]>
</value>
<value instanceof="22">
<value instanceof="21">
</value>
</value>
<value instanceof="23">
<![CDATA[ <a href ='http://www.netflix.com/RoleDisplay?personid=46988'> Tommy Lee Jones </a> , <a href ='http://www.netflix.com/RoleDisplay?personid=86971'> Will Smith </a> , <a href ='/MovieDisplay?movieid=60001650&trkid=4368#cast'> More </a>]]>
</value>
<value instanceof="24">
<![CDATA[ <a href ='http://www.netflix.com/RoleDisplay?personid=87368'> Barry Sonnenfeld </a>]]>
</value>
<value instanceof="25">
<![CDATA[ 98 minutes]]>
</value>
<value instanceof="26">
<![CDATA[ PG-13]]>
</value>
<value instanceof="27">
<![CDATA[ Sci-Fi & Fantasy]]>
</value>
<value instanceof="28">
<![CDATA[ Pan-and-Scan, Widescreen]]>
</value>
<value instanceof="29">
<![CDATA[ None]]>
</value>
<value instanceof="30">
<![CDATA[ 3.6]]>
</value>
<value instanceof="31">
<![CDATA[ (242,674]]>
</value>
<value instanceof="32">
<![CDATA[ Color; region 1 encoding; interactive menus; scene access; enhanced for 16x9 TVs; visual commentary starring director Barry Sonnenfeld and actor Tommy Lee Jones with on-screen diagrams; technical audio commentary with director Barry Sonnenfeld and Rick Baker & Industrial Light & Magic Team; closed captioned. More special features on Men in Black: Bonus Disc.]]>
</value>
<value instanceof="33">
<value instanceof="16">
</value>
</value>
<value instanceof="35">
<![CDATA[ <br> </br> <a> <img> </img> </a> <a> Netflix Review </a> <br> </br> <a> <img> </img> </a> <a> Awards </a> <br> </br> <a> <img> </img> </a> <a> Mr. DVD Recommends </a> <br> </br> <a> <img> </img> </a> <a> Leonard Maltin Recommends </a> <br> </br>]]>
</value>
<value instanceof="44">
<![CDATA[ <p> <hr> </hr> <a> </a> <font> <b> Synopsis </b> </font> </p> Please note that this disc contains the movie. If you'd like to see the bonus disc, please rent <b> Men in Black: Bonus Disc </b> . <p>   Working for a highly-funded yet unofficial government agency, K (Tommy Lee Jones) and J (Will Smith) are the Men in Black, providers of immigration services and regulators of all things alien on earth. They are our best, last, and only line of defense when close encounters get ugly. They work in secret and they dress in black. They are the best kept secret in the universe. <p>   See movie reviews below. <p>   <b> About the DVD: </b> The Limited Edition DVD packs three interactive scene-editing workshops. This mammoth package also includes an exclusive poster. Men In Black is presented in 1.85:1 anamorphic widescreen, with DTS 5.1 Surround Sound and Dolby Digital 5.1 audio in English and French. Subtitles are available in English, French, Spanish, Mandarin and Cantonese. <p>  ]]>
</value>
<value instanceof="45">
<![CDATA[ <a href ='http://www.netflix.com/RoleDisplay?personid=46988'> Tommy Lee Jones </a> , <a href ='http://www.netflix.com/RoleDisplay?personid=86971'> Will Smith </a> , <a href ='http://www.netflix.com/RoleDisplay?personid=21271'> Vincent D'Onofrio </a> , <a href ='http://www.netflix.com/RoleDisplay?personid=30185'> Linda Fiorentino </a> , <a href ='http://www.netflix.com/RoleDisplay?personid=93121'> Rip Torn </a> <p>  ]]>
</value>
<value instanceof="46">
<![CDATA[ Wild Wild West]]>
</value>
<value instanceof="47">
<![CDATA[ Will Smith and Kevin Kline star in this remake of the 1960s cult TV series. As special government agents hot on the trail of diabolical genius Arliss Lovelace (Kenneth Branagh), Smith and Kline bring their man to justice using a formidable array of crime-fighting gadgetry. But Lovelace's 80-foot-high mechanical spider dwarfs the duo's ingenious arsenal.]]>
</value>
<value instanceof="48">
<![CDATA[ PG-13]]>
</value>
<value instanceof="49">
<![CDATA[ (1999)]]>
</value>
<value instanceof="50">
<![CDATA[ The Mummy]]>
</value>
<value instanceof="51">
<![CDATA[ You'll want your mummy when you spin this action-packed thriller from Universal Studios (the dream factory that produced the 1932 original). This remake joins the Indiana Jones series in the pantheon of great adventure flix. With strong performances by Brendan Fraser and Rachel Weisz, and a treasure trove of extras -- including a primer on Egyptian mythology -- The Mummy is a scream.]]>
</value>
<value instanceof="52">
<![CDATA[ PG-13]]>
</value>
<value instanceof="53">
<![CDATA[ (1999)]]>
</value>
<value instanceof="54">
<![CDATA[ Jurassic Park]]>
</value>
<value instanceof="55">
<![CDATA[ Multimillionaire John Hammond (Richard Attenborough) has a plan for a new theme park: a secluded island where visitors can observe dinosaurs, cloned using advanced DNA technology. But when an employee tampers with the security system, the dinosaurs escape, forcing the visitors to fight for their survival. Jeff Goldblum and Laura Dern star, as their computer-generated co-stars chew the scenery in this action-packed thriller.]]>
</value>
<value instanceof="56">
<![CDATA[ PG-13]]>
</value>
<value instanceof="57">
<![CDATA[ (1993)]]>
</value>
<value instanceof="58">
<![CDATA[ True Lies]]>
</value>
<value instanceof="59">
<![CDATA[ A top spy in the secret Omega Sector appears to be just a boring salesman to his wife. When his two lives unexpectedly collide, both he and his wife find themselves in the clutches of international terrorists fighting to save their lives.]]>
</value>
<value instanceof="60">
<![CDATA[ R]]>
</value>
<value instanceof="61">
<![CDATA[ (1994)]]>
</value>
<value instanceof="65">
<value instanceof="64">
<value instanceof="62">
<![CDATA[ Eric Lindbom]]>
</value>
<value instanceof="63">
<![CDATA[ Hiding behind matching designer shades, government agents Kay (Tommy Lee Jones) and Jay (Will Smith) smoke out surreptitious aliens on Earth in a fast-paced, funny and sometimes dazzling summer blockbuster that lived up to its trailers. <p> </p> Men in Black adapts the Malibu comic book created by ... <a> Complete Review </a>]]>
</value>
</value>
</value>
<value instanceof="66">
<![CDATA[ 97]]>
</value>
<value instanceof="67">
<value instanceof="12">
<value instanceof="11">
<![CDATA[ <p>   <a> </a> <table> <tr> <td> </td> <td> <font> <i> So. Cal Movie Gal </i> <font> <br> </br> ( <a> Read more about me ... </a> ) </font> </font> </td> <td> &nbsp; <font> <b> 11 </b> out of <b> 14 </b> people found this review helpful. </font> </td> </tr> </table> <font> The sound quality and the extras on this DVD will blow you away! You just gotta love this fun movie!!! </font> <table> <tr> <td> </td> </tr> </table> I found this review &nbsp; <p>   <a> </a> <table> <tr> <td> </td> <td> <font> <i> Alex C </i> </font> </td> <td> &nbsp; <font> <b> 7 </b> out of <b> 7 </b> people found this review helpful. </font> </td> </tr> </table> <font> Very Entretaining, great acting, great plot, great special effects, and alot of special features. A "MUST" see! </font> <table> <tr> <td> </td> </tr> </table> I found this review &nbsp; <p>   <a> </a> <table> <tr> <td> </td> <td> <font> <i> WebMistress </i> <font> <br> </br> ( <a> Read more about me ... </a> ) </font> </font> </td> <td> &nbsp; <font> <b> 7 </b> out of <b> 9 </b> people found this review helpful. </font> </td> </tr> </table> <font> FUNNY!!! Great FX's. Wonderful story. Great job. I wonder if they will try to make a MIB II? </font> <table> <tr> <td> </td> </tr> </table> I found this review &nbsp; <p>   &nbsp;]]>
</value>
</value>
<value instanceof="14">
</value>
<value instanceof="12">
<value instanceof="11">
<![CDATA[ <p>   <a> </a> <table> <tr> <td> </td> <td> <font> <i> Lynda Schuler </i> </font> </td> <td> </td> </tr> </table> <font> This was a very creative and funny movie with many surprises, turns and creative charictors. </font> <table> <tr> <td> </td> </tr> </table> I found this review &nbsp; <p>   <a> </a> <table> <tr> <td> </td> <td> <font> <i> TG from TX 2 </i> <font> <br> </br> ( <a> Read more about me ... </a> ) </font> </font> </td> <td> </td> </tr> </table> <font> Movie was surprisingly decent. Movie has a ending that wasn't easy to figure out. Overall enjoyed the presentation. </font> <table> <tr> <td> </td> </tr> </table> I found this review &nbsp; <p>   <a> </a> <table> <tr> <td> </td> <td> <font> <i> Bill Owens </i> </font> </td> <td> </td> </tr> </table> <font> Wonder version of the straight man/Funny man routine. If you like Will Smith's comedy you can't help but like this movie. </font> <table> <tr> <td> </td> </tr> </table> I found this review &nbsp; <p>   <table> <tr> <td> <a> <font> <b> See All Customer Reviews </b> </font> </a> </td> </tr> </table>]]>
</value>
</value>
</value>
</value>

