<value instanceof="68">
<value instanceof="17">
<![CDATA[ Along Came a Spider]]>
</value>
<value instanceof="18">
<![CDATA[ (2001)]]>
</value>
<value instanceof="19">
<![CDATA[ <br>  ]]>
</value>
<value instanceof="20">
<![CDATA[ English (Dolby Digital 5.1), French (Dolby Digital 2.0 Surround)]]>
</value>
<value instanceof="22">
<value instanceof="21">
</value>
</value>
<value instanceof="23">
<![CDATA[ <a href ='http://www.netflix.com/RoleDisplay?personid=20010227'> Morgan Freeman </a> , <a href ='http://www.netflix.com/RoleDisplay?personid=20003932'> Monica Potter </a> , <a href ='/MovieDisplay?movieid=60002273&trkid=2069#cast'> More </a>]]>
</value>
<value instanceof="24">
<![CDATA[ <a href ='http://www.netflix.com/RoleDisplay?personid=20001677'> Lee Tamahori </a>]]>
</value>
<value instanceof="25">
<![CDATA[ 104 minutes]]>
</value>
<value instanceof="26">
<![CDATA[ R]]>
</value>
<value instanceof="27">
<![CDATA[ Thriller]]>
</value>
<value instanceof="28">
<![CDATA[ Widescreen]]>
</value>
<value instanceof="29">
<![CDATA[ None]]>
</value>
<value instanceof="30">
<![CDATA[ 3.6]]>
</value>
<value instanceof="31">
<![CDATA[ (19,328]]>
</value>
<value instanceof="32">
<![CDATA[ Color; interactive menus; scene access; trailer; making-of featurette]]>
</value>
<value instanceof="33">
<value instanceof="16">
</value>
</value>
<value instanceof="35">
<![CDATA[ <br> </br> <a> <img> </img> </a> <a> Official Movie Site </a> <br> </br>]]>
</value>
<value instanceof="44">
<![CDATA[ <p> <hr> </hr> <a> </a> <font> <b> Synopsis </b> </font> </p> In this psychological suspense thriller, adapted from James Patterson's highly acclaimed novel, Morgan Freeman reprises his role as Dr. Alex Cross, the Washington, D.C. psychologist/ police detective who is through playing mind games with criminals. Then along comes methodical predator Gary Soneji (Michael Wincott), who commits a daring kidnapping and lures Cross into the case. <p>   Soneji's not out for ransom, he wants something much bigger - a place in the history books. His every move is planned with the precision of a spider spinning his web. Now Cross and Secret Service agent Jezzie Flannigan (Monica Potter) are in a race against time to stop him. <p>   See movie reviews below. <p>  ]]>
</value>
<value instanceof="45">
<![CDATA[ <a href ='http://www.netflix.com/RoleDisplay?personid=20010227'> Morgan Freeman </a> , <a href ='http://www.netflix.com/RoleDisplay?personid=20003932'> Monica Potter </a> , <a href ='http://www.netflix.com/RoleDisplay?personid=100072'> Michael Wincott </a> , <a href ='http://www.netflix.com/RoleDisplay?personid=20026886'> Mika Boorem </a> , <a href ='http://www.netflix.com/RoleDisplay?personid=63959'> Penelope Ann Miller </a> , <a href ='http://www.netflix.com/RoleDisplay?personid=20009065'> Michael Moriarty </a> , <a href ='http://www.netflix.com/RoleDisplay?personid=4478'> Dylan Baker </a> , <a href ='http://www.netflix.com/RoleDisplay?personid=20026887'> Anton Yelchin </a> , <a href ='http://www.netflix.com/RoleDisplay?personid=20010543'> Billy Burke </a> , <a href ='http://www.netflix.com/RoleDisplay?personid=20026888'> Kimberly Hawthorne </a> , <a href ='http://www.netflix.com/RoleDisplay?personid=81868'> Jay O. Sanders </a> , <a href ='http://www.netflix.com/RoleDisplay?personid=20016988'> Jill Teed </a> , <a href ='http://www.netflix.com/RoleDisplay?personid=20019183'> Raoul Ganeev </a> , <a href ='http://www.netflix.com/RoleDisplay?personid=20027580'> Samantha Ferris </a> , <a href ='http://www.netflix.com/RoleDisplay?personid=20011949'> Tom McBeath </a> , <a href ='http://www.netflix.com/RoleDisplay?personid=20026889'> Jonathan Walker </a> , <a href ='http://www.netflix.com/RoleDisplay?personid=20021048'> Ravil Issyanov </a> , <a href ='http://www.netflix.com/RoleDisplay?personid=20027581'> Claire Riley </a> , <a href ='http://www.netflix.com/RoleDisplay?personid=20027608'> Steve Makaj </a> , <a href ='http://www.netflix.com/RoleDisplay?personid=20007497'> Anna Maria Horsford </a> <p>  ]]>
</value>
<value instanceof="46">
<![CDATA[ Backlash]]>
</value>
<value instanceof="47">
<![CDATA[ When a hot shot federal prosecutor uncovers a deadly conspiracy involving high-level government officials, the only person who can save her is a convicted criminal.]]>
</value>
<value instanceof="48">
<![CDATA[ R]]>
</value>
<value instanceof="49">
<![CDATA[ (2000)]]>
</value>
<value instanceof="50">
<![CDATA[ Delta Force]]>
</value>
<value instanceof="51">
<![CDATA[ When American tourists are held hostage in Beirut, an elite team of U.S. commandos are deployed to rescue them in this action-packed film filled with "fact, fantasy and heavy-duty adventure" (Variety)!]]>
</value>
<value instanceof="52">
<![CDATA[ R]]>
</value>
<value instanceof="53">
<![CDATA[ (1986)]]>
</value>
<value instanceof="54">
<![CDATA[ The Substitute/The Substitute 3]]>
</value>
<value instanceof="55">
<![CDATA[ This title contains two features: "The Substitute", starring Tom Berenger, and "The Substitute 3: Winner Takes All", starring Treat Williams.]]>
</value>
<value instanceof="56">
<![CDATA[ R]]>
</value>
<value instanceof="57">
<![CDATA[ (1999)]]>
</value>
<value instanceof="58">
<![CDATA[ Firestorm]]>
</value>
<value instanceof="59">
<![CDATA[ Howie Long stars as a smokejumper who battles a Wyoming fire. He finds himself trying to capture convicts - masquerading as firemen - who have kidnapped a beautiful woman. But, the fire has changed directions and time is running out.]]>
</value>
<value instanceof="60">
<![CDATA[ R]]>
</value>
<value instanceof="61">
<![CDATA[ (1997)]]>
</value>
<value instanceof="65">
</value>
<value instanceof="66">
<![CDATA[ 77]]>
</value>
<value instanceof="67">
<value instanceof="12">
<value instanceof="11">
<![CDATA[ <p>   <a> </a> <table> <tr> <td> </td> <td> <font> <i> Patricia M Smith </i> </font> </td> <td> &nbsp; <font> <b> 37 </b> out of <b> 45 </b> people found this review helpful. </font> </td> </tr> </table> <font> Usually the movie is not as good as the book, however, in this case they are equally suspensful. Great cast keeps the movie goer on the edge of their seat just as the book kept us turning the pages.. If you enjoy the rides one gets on the suspense highway... rent this one.. but watch out for the ... <a> Complete Review </a> </font> <table> <tr> <td> </td> </tr> </table> I found this review &nbsp; <p>   <a> </a> <table> <tr> <td> </td> <td> <font> <i> Christine Smith </i> </font> </td> <td> &nbsp; <font> <b> 22 </b> out of <b> 24 </b> people found this review helpful. </font> </td> </tr> </table> <font> If you liked Kiss the Girls, the movie, you will really enjoy this movie. The plot moves along well with a decent ending. But scratch all of that if you read the books.. If you are a James Patterson fan be prepaired to walk out a little unnerved.... </font> <table> <tr> <td> </td> </tr> </table> I found this review &nbsp; <p>   <a> </a> <table> <tr> <td> </td> <td> <font> <i> HP from WA </i> <font> <br> </br> ( <a> Read more about me ... </a> ) </font> </font> </td> <td> &nbsp; <font> <b> 19 </b> out of <b> 19 </b> people found this review helpful. </font> </td> </tr> </table> <font> Very good movie. That's all I'm going to say. Don't ask anyone what it's about or it will spoil the surprise. If you like thrillers, just see it. </font> <table> <tr> <td> </td> </tr> </table> I found this review &nbsp; <p>   &nbsp;]]>
</value>
</value>
<value instanceof="14">
</value>
<value instanceof="12">
<value instanceof="11">
<![CDATA[ <p>   <a> </a> <table> <tr> <td> </td> <td> <font> <i> MF from MN 2 </i> <font> <br> </br> ( <a> Read more about me ... </a> ) </font> </font> </td> <td> </td> </tr> </table> <font> Finally! I have seen a 5 star movie! It has been a while but this one was worth the wait! Suspenseful, kept me guessing, and the acting was solid! </font> <table> <tr> <td> </td> </tr> </table> I found this review &nbsp; <p>   <a> </a> <table> <tr> <td> </td> <td> <font> <i> Reginald Smith </i> </font> </td> <td> </td> </tr> </table> <font> Powerful and thought provoking performance by the cast, with style and a twist. I'd recommend this film if you like drama or Morgan Freeman. </font> <table> <tr> <td> </td> </tr> </table> I found this review &nbsp; <p>   <a> </a> <table> <tr> <td> </td> <td> <font> <i> Lynette Harper </i> </font> </td> <td> &nbsp; <font> <b> 1 </b> out of <b> 1 </b> people found this review helpful. </font> </td> </tr> </table> <font> This movie was excellent, it moved quickly and kept me on the edge of my seat. Morgan Freeman was GREAT! A superb whodunnit - thriller to the end! </font> <table> <tr> <td> </td> </tr> </table> I found this review &nbsp; <p>   <table> <tr> <td> <a> <font> <b> See All Customer Reviews </b> </font> </a> </td> </tr> </table>]]>
</value>
</value>
</value>
</value>

