<value instanceof="68">
<value instanceof="17">
<![CDATA[ Fail-Safe]]>
</value>
<value instanceof="18">
<![CDATA[ (1964)]]>
</value>
<value instanceof="19">
<![CDATA[ <br>  ]]>
</value>
<value instanceof="20">
<![CDATA[ English (Dolby Digital Mono), French (Dolby Digital Mono), Spanish (Dolby Digital Mono)]]>
</value>
<value instanceof="22">
</value>
<value instanceof="23">
<![CDATA[ <a href ='http://www.netflix.com/RoleDisplay?personid=69337'> Dan O'Herlihy </a> , <a href ='http://www.netflix.com/RoleDisplay?personid=60539'> Walter Matthau </a> , <a href ='/MovieDisplay?movieid=60002802&trkid=4368#cast'> More </a>]]>
</value>
<value instanceof="24">
<![CDATA[ <a href ='http://www.netflix.com/RoleDisplay?personid=56961'> Sidney Lumet </a>]]>
</value>
<value instanceof="25">
<![CDATA[ 112 minutes]]>
</value>
<value instanceof="26">
<![CDATA[ NR]]>
</value>
<value instanceof="27">
<![CDATA[ Action & Adventure]]>
</value>
<value instanceof="28">
<![CDATA[ Widescreen Anamorphic]]>
</value>
<value instanceof="29">
<![CDATA[ Chinese, English, French, Korean, Portuguese, Spanish, Thai]]>
</value>
<value instanceof="30">
<![CDATA[ 3.7]]>
</value>
<value instanceof="31">
<![CDATA[ (7,182]]>
</value>
<value instanceof="32">
<![CDATA[ making-of featurette]]>
</value>
<value instanceof="33">
<value instanceof="16">
</value>
</value>
<value instanceof="35">
<![CDATA[ <br> </br> <a> <img> </img> </a> <a> Awards </a> <br> </br> <a> <img> </img> </a> <a> Mr. DVD Recommends </a> <br> </br>]]>
</value>
<value instanceof="44">
<![CDATA[ <p> <hr> </hr> <a> </a> <font> <b> Synopsis </b> </font> </p> Riveting political chiller with Henry Fonda as the President who prevents a nuclear holocaust when a computer error deploys U.S. missiles to Moscow. <p>   See movie reviews below. <p>   <b> About the DVD: </b> "Fail-Safe Revisited" is a new documentary that examines the making and influence of this classic Cold War thriller. Interview subjects include director Sidney Lumet, screenwriter Walter Bernstein, Dan O'Herlihy and George Clooney, who produced and starred in a 2000 live-television remake. <p>  ]]>
</value>
<value instanceof="45">
<![CDATA[ <a href ='http://www.netflix.com/RoleDisplay?personid=69337'> Dan O'Herlihy </a> , <a href ='http://www.netflix.com/RoleDisplay?personid=60539'> Walter Matthau </a> , <a href ='http://www.netflix.com/RoleDisplay?personid=20005059'> Frank Overton </a> , <a href ='http://www.netflix.com/RoleDisplay?personid=20012744'> Ed Binns </a> , <a href ='http://www.netflix.com/RoleDisplay?personid=97814'> Fritz Weaver </a> , <a href ='http://www.netflix.com/RoleDisplay?personid=30846'> Henry Fonda </a> , <a href ='http://www.netflix.com/RoleDisplay?personid=12361'> Larry Hagman </a> , <a href ='http://www.netflix.com/RoleDisplay?personid=20012745'> William Hansen </a> , <a href ='http://www.netflix.com/RoleDisplay?personid=20012746'> Russell Hardie </a> , <a href ='http://www.netflix.com/RoleDisplay?personid=20012747'> Russell Collins </a> , <a href ='http://www.netflix.com/RoleDisplay?personid=20010343'> Sorrell Booke </a> , <a href ='http://www.netflix.com/RoleDisplay?personid=20012748'> Nancy Berg </a> <p>  ]]>
</value>
<value instanceof="46">
<![CDATA[ The Avengers '66 Set #1: Volume 2]]>
</value>
<value instanceof="47">
<![CDATA[ Tongue-in-cheek archness hit its apex with this vintage television series about two iconoclastic British superspies. Diana Rigg is delicious as Mrs. Emma Peel -- cool, sophisticated and formidable -- and John Steed (Patrick Macnee) is implacably droll whether wielding his lethal bumbershoot or sipping a dry martini. The wonderful brio they shared has seldom been equaled among crime-fighting duos -- on either side of the Big Pond.]]>
</value>
<value instanceof="48">
<![CDATA[ NR]]>
</value>
<value instanceof="49">
<![CDATA[ (1966)]]>
</value>
<value instanceof="50">
<![CDATA[ The Avengers '65 Set #1: Volume 2]]>
</value>
<value instanceof="51">
<![CDATA[ Tongue-in-cheek archness hit its apex with this vintage television series about two iconoclastic British superspies. Diana Rigg is delicious as Mrs. Emma Peel -- cool, sophisticated and formidable -- and John Steed (Patrick Macnee) is implacably droll whether wielding his lethal bumbershoot or sipping a dry martini. The wonderful brio they shared has seldom been equaled among crime-fighting duos -- on either side of the Big Pond.]]>
</value>
<value instanceof="52">
<![CDATA[ NR]]>
</value>
<value instanceof="53">
<![CDATA[ (1965)]]>
</value>
<value instanceof="54">
<![CDATA[ The Avengers '66 Set #1: Volume 1]]>
</value>
<value instanceof="55">
<![CDATA[ Tongue-in-cheek archness hit its apex with this vintage television series about two iconoclastic British superspies. Diana Rigg is delicious as Mrs. Emma Peel -- cool, sophisticated and formidable -- and John Steed (Patrick Macnee) is implacably droll whether wielding his lethal bumbershoot or sipping a dry martini. The wonderful brio they shared has seldom been equaled among crime-fighting duos -- on either side of the Big Pond.]]>
</value>
<value instanceof="56">
<![CDATA[ NR]]>
</value>
<value instanceof="57">
<![CDATA[ (1966)]]>
</value>
<value instanceof="58">
<![CDATA[ All the King's Men]]>
</value>
<value instanceof="59">
<![CDATA[ Hale fellow well-met Willie Starks (Broderick Crawford) is a model politician -- until he's corrupted by the very system he tries to reform. Based on the cautionary Pulitzer Prize-winning novel, All the King's Men was nominated for seven Academy Awards; it won Best Picture, as well as Best Actor and Actress for stars Crawford and Mercedes McCambridge (later the voice of the possessed Regan in The Exorcist).]]>
</value>
<value instanceof="60">
<![CDATA[ NR]]>
</value>
<value instanceof="61">
<![CDATA[ (1949)]]>
</value>
<value instanceof="65">
</value>
<value instanceof="66">
<![CDATA[ 31]]>
</value>
<value instanceof="67">
<value instanceof="12">
<value instanceof="11">
<![CDATA[ <p>   <a> </a> <table> <tr> <td> </td> <td> <font> <i> Brevon San Demo </i> </font> </td> <td> &nbsp; <font> <b> 17 </b> out of <b> 18 </b> people found this review helpful. </font> </td> </tr> </table> <font> Fail Safe captures the fear, distrust and paranoia that was rampant in the early 60's with a stark, intense portrayal of sophisticated technology gone wrong. It's a thought-provoking story that builds in suspense until the final moment, with an ending that isn't what we have come to expect out of ... <a> Complete Review </a> </font> <table> <tr> <td> </td> </tr> </table> I found this review &nbsp; <p>   <a> </a> <table> <tr> <td> </td> <td> <font> <i> Jon W </i> </font> </td> <td> &nbsp; <font> <b> 13 </b> out of <b> 16 </b> people found this review helpful. </font> </td> </tr> </table> <font> Unlike the FX-driven movies of today, this early '60s B&W suspense flick relies on the plot to hold your attention, and it does that very well. If the truth were known, we probably had more close calls to nuclear war, as presented in this film, then we will ever know. Very suspenseful and gripping ... <a> Complete Review </a> </font> <table> <tr> <td> </td> </tr> </table> I found this review &nbsp; <p>   <a> </a> <table> <tr> <td> </td> <td> <font> <i> CM </i> </font> </td> <td> &nbsp; <font> <b> 8 </b> out of <b> 9 </b> people found this review helpful. </font> </td> </tr> </table> <font> This is one of the better movies I have seen. Although in 1964 they didn't have much in the way of special affects, it doesn't hurt this movie. The movie has an amazing idea when compared to movies of today, Actors that can actually act. The actors' performances blew me away. </font> <table> <tr> <td> </td> </tr> </table> I found this review &nbsp; <p>   &nbsp;]]>
</value>
</value>
<value instanceof="14">
</value>
<value instanceof="12">
<value instanceof="11">
<![CDATA[ <p>   <a> </a> <table> <tr> <td> </td> <td> <font> <i> Don Gerdts </i> </font> </td> <td> </td> </tr> </table> <font> Awesome for 1964. Great to see today's "old" stars when they were young. Challenging theme of human thought and emotion of the logic of technology. </font> <table> <tr> <td> </td> </tr> </table> I found this review &nbsp; <p>   <a> </a> <table> <tr> <td> </td> <td> <font> <i> SB from MI 3 </i> <font> <br> </br> ( <a> Read more about me ... </a> ) </font> </font> </td> <td> </td> </tr> </table> <font> It was an excellent reminder of how we as a people once viewed Russia as an enemy. Great movie. </font> <table> <tr> <td> </td> </tr> </table> I found this review &nbsp; <p>   <a> </a> <table> <tr> <td> </td> <td> <font> <i> ML from MA 9 </i> <font> <br> </br> ( <a> Read more about me ... </a> ) </font> </font> </td> <td> </td> </tr> </table> <font> This was awesome! This movie is really just a bunch of guys on the phone but you are on the edge of your seat the whole time! this wis a must see for real movie buffs! </font> <table> <tr> <td> </td> </tr> </table> I found this review &nbsp; <p>   <table> <tr> <td> <a> <font> <b> See All Customer Reviews </b> </font> </a> </td> </tr> </table>]]>
</value>
</value>
</value>
</value>

