<value instanceof="68">
<value instanceof="17">
<![CDATA[ Crouching Tiger, Hidden Dragon]]>
</value>
<value instanceof="18">
<![CDATA[ (2000)]]>
</value>
<value instanceof="19">
<![CDATA[ <br>   <font face ="arial, sans-serif" size =-1> Wu Hu Zang Long </font> <br>  ]]>
</value>
<value instanceof="20">
<![CDATA[ English (Dolby Digital 2.0 Surround), English (Dolby Digital 5.1), French (Dolby Digital 2.0 Stereo), Mandarin (Dolby Digital 5.1)]]>
</value>
<value instanceof="22">
<value instanceof="21">
</value>
</value>
<value instanceof="23">
<![CDATA[ <a href ='http://www.netflix.com/RoleDisplay?personid=20000151'> Chow Yun Fat </a> , <a href ='http://www.netflix.com/RoleDisplay?personid=20001821'> Michelle Yeoh </a> , <a href ='/MovieDisplay?movieid=60002907&trkid=4368#cast'> More </a>]]>
</value>
<value instanceof="24">
<![CDATA[ <a href ='http://www.netflix.com/RoleDisplay?personid=20004158'> Ang Lee </a>]]>
</value>
<value instanceof="25">
<![CDATA[ 120 minutes]]>
</value>
<value instanceof="26">
<![CDATA[ PG-13]]>
</value>
<value instanceof="27">
<![CDATA[ Foreign]]>
</value>
<value instanceof="28">
<![CDATA[ Widescreen Anamorphic]]>
</value>
<value instanceof="29">
<![CDATA[ English, French]]>
</value>
<value instanceof="30">
<![CDATA[ 3.9]]>
</value>
<value instanceof="31">
<![CDATA[ (135,558]]>
</value>
<value instanceof="32">
<![CDATA[ Color; region 1 encoding; interactive menus; scene access; enhanced for 16x9 TVs; audio commentary by director Ang Lee and James Schamus; BRAVO making-of special: Unleashing The Dragon; Conversation with Michelle Yeoh Featurette; photo montage; link to website; animated menus; production notes; filmographies; theatrical trailer; closed captioned.]]>
</value>
<value instanceof="33">
<value instanceof="16">
</value>
</value>
<value instanceof="35">
<![CDATA[ <br> </br> <a> <img> </img> </a> <a> Netflix Review </a> <br> </br> <a> <img> </img> </a> <a> Awards </a> <br> </br> <a> <img> </img> </a> <a> Mr. DVD Recommends </a> <br> </br> <a> <img> </img> </a> <a> Official Movie Site </a> <br> </br>]]>
</value>
<value instanceof="44">
<![CDATA[ <p> <hr> </hr> <a> </a> <font> <b> Synopsis </b> </font> </p> Crouching Tiger, Hidden Dragon tells the story of two women, both capable fighters, whose fates intertwine during the Ching Dynasty. One of them tries passionately to break free from the constraint society has placed upon her, even if it means giving up her aristocratic privileges for a life of crime and passion. The other, in her lifelong pursuit of justice and honor, only too late discovers the consequences of unfulfilled love. Their two destinies will lead them to a violent and astonishing showdown, in which each will make a surprising, climactic choice. <p>   See movie reviews below. <p>  ]]>
</value>
<value instanceof="45">
<![CDATA[ <a href ='http://www.netflix.com/RoleDisplay?personid=20000151'> Chow Yun Fat </a> , <a href ='http://www.netflix.com/RoleDisplay?personid=20001821'> Michelle Yeoh </a> , <a href ='http://www.netflix.com/RoleDisplay?personid=20018648'> Ziyi Zhang </a> , <a href ='http://www.netflix.com/RoleDisplay?personid=20018785'> Chen Chang </a> , <a href ='http://www.netflix.com/RoleDisplay?personid=20004154'> Sihung Lung </a> , <a href ='http://www.netflix.com/RoleDisplay?personid=20004223'> Zhang Li </a> , <a href ='http://www.netflix.com/RoleDisplay?personid=20012939'> Zheng Pei-Pei </a> <p>  ]]>
</value>
<value instanceof="46">
<![CDATA[ Memento]]>
</value>
<value instanceof="47">
<![CDATA[ Suffering short-term memory loss after a head injury, Leonard Shelby (Guy Pearce) embarks on a grim quest to find the lowlife who murdered his wife. To carry out his plan, Shelby snaps Polaroids of people and places, jotting down contextual notes on the backs of the photos to aid in his search. A gritty, complex thriller, Memento packs more knots than a hangman's noose.]]>
</value>
<value instanceof="48">
<![CDATA[ R]]>
</value>
<value instanceof="49">
<![CDATA[ (2000)]]>
</value>
<value instanceof="50">
<![CDATA[ Traffic]]>
</value>
<value instanceof="51">
<![CDATA[ In three interwoven vignettes, Traffic offers disturbing snapshots of America's drug war. Drug czar Michael Douglas sees his life turned upside down when the drug problem hits home, while Tijuana cop Benicio Del Toro tries to keep his hands clean -- and stay alive. Meanwhile, Drug Enforcement Agency operatives arrest a major dealer, forcing his wife (Catherine Zeta-Jones) to take over the family business.]]>
</value>
<value instanceof="52">
<![CDATA[ R]]>
</value>
<value instanceof="53">
<![CDATA[ (2000)]]>
</value>
<value instanceof="54">
<![CDATA[ Lawrence of Arabia: Disc 1]]>
</value>
<value instanceof="55">
<![CDATA[ Director David Lean's blockbuster about the warrior-poet who helped Arab tribes strike back against the Turks in World War I is lushly filmed and expertly acted. A true classic, Lawrence of Arabia underscores the clash between cultures -- and within one man -- that changed the tide of war.]]>
</value>
<value instanceof="56">
<![CDATA[ NR]]>
</value>
<value instanceof="57">
<![CDATA[ (1962)]]>
</value>
<value instanceof="58">
<![CDATA[ American Beauty]]>
</value>
<value instanceof="59">
<![CDATA[ A shocking and funny look at suburban life, American Beauty stars Kevin Spacey and Annette Bening as a couple struggling to endure a stale marriage, unfulfilling careers and a rebellious teen daughter. Immersed in a midlife crisis, Spacey decides to rattle some cages. The ensuing familial contempt, tit-for-tat insults and outlandish behavior will leave you laughing, cringing and <i> thinking </i> long after the credits roll.]]>
</value>
<value instanceof="60">
<![CDATA[ R]]>
</value>
<value instanceof="61">
<![CDATA[ (1999)]]>
</value>
<value instanceof="65">
<value instanceof="64">
<value instanceof="62">
<![CDATA[ David Fear]]>
</value>
<value instanceof="63">
<![CDATA[ Mention the phrase "martial arts film" to most moviegoers, and visions of badly dubbed actors and hyperkinetic chop-socky moves dance through their heads. Even after the late-1980s heyday of Hong Kong cinema resurrected kung fu flicks as historical Chinese epics and added a layer of athleticism ... <a> Complete Review </a>]]>
</value>
</value>
</value>
<value instanceof="66">
<![CDATA[ 564]]>
</value>
<value instanceof="67">
<value instanceof="12">
<value instanceof="11">
<![CDATA[]]>
</value>
</value>
<value instanceof="14">
</value>
<value instanceof="12">
<value instanceof="11">
<![CDATA[ <p>   <a> </a> <table> <tr> <td> </td> <td> <font> <i> Sharon Arnold </i> </font> </td> <td> </td> </tr> </table> <font> I found it hard to follow because of the subtitles. If you are not on top of the movie at all times, you would miss what is being said. I would rather watch a movie that I can listen to, not have to read every word that is being said. </font> <table> <tr> <td> </td> </tr> </table> I found this review &nbsp; <p>   <a> </a> <table> <tr> <td> </td> <td> <font> <i> LYNN SEGUIN </i> </font> </td> <td> </td> </tr> </table> <font> I didn't like this movie at all. I had absolutely no idea what it was about. I watched it twice to see if I had missed something, but it was the same both times. </font> <table> <tr> <td> </td> </tr> </table> I found this review &nbsp; <p>   <a> </a> <table> <tr> <td> </td> <td> <font> <i> Tom Reisner </i> </font> </td> <td> </td> </tr> </table> <font> Ok, so maybe i am just not a sophisticated moviegoer. That being said. I did't appreciate all the "under the surface" storyline stuff. i thought the fight sequences were very good, but I didn't get the whole Peter Pan flying ability(with no pixies dust??) The relationship the female charecter ... <a> Complete Review </a> </font> <table> <tr> <td> </td> </tr> </table> I found this review &nbsp; <p>   <table> <tr> <td> <a> <font> <b> See All Customer Reviews </b> </font> </a> </td> </tr> </table>]]>
</value>
</value>
</value>
</value>

