<value instanceof="68">
<value instanceof="17">
<![CDATA[ O Brother, Where Art Thou?]]>
</value>
<value instanceof="18">
<![CDATA[ (2000)]]>
</value>
<value instanceof="19">
<![CDATA[ <br>  ]]>
</value>
<value instanceof="20">
<![CDATA[ English (DTS 5.1 Surround), English (Dolby Digital 5.1)]]>
</value>
<value instanceof="22">
<value instanceof="21">
</value>
</value>
<value instanceof="23">
<![CDATA[ <a href ='http://www.netflix.com/RoleDisplay?personid=17794'> George Clooney </a> , <a href ='http://www.netflix.com/RoleDisplay?personid=94180'> John Turturro </a> , <a href ='/MovieDisplay?movieid=60002991&trkid=4368#cast'> More </a>]]>
</value>
<value instanceof="24">
<![CDATA[ <a href ='http://www.netflix.com/RoleDisplay?personid=18016'> Joel Coen </a>]]>
</value>
<value instanceof="25">
<![CDATA[ 106 minutes]]>
</value>
<value instanceof="26">
<![CDATA[ PG-13]]>
</value>
<value instanceof="27">
<![CDATA[ Comedy]]>
</value>
<value instanceof="28">
<![CDATA[ Widescreen]]>
</value>
<value instanceof="29">
<![CDATA[ None]]>
</value>
<value instanceof="30">
<![CDATA[ 3.7]]>
</value>
<value instanceof="31">
<![CDATA[ (33,499]]>
</value>
<value instanceof="32">
<![CDATA[ Color; region 1 encoding; interactive menus; scene access; interviews with the Coen brothers and major cast members; "Painting With Pixels," digital post-production process featurette; script to storyboard to final scene comparison; "I Am A Man Of Constant Sorrow" music video; making of; trailer; closed captioned.]]>
</value>
<value instanceof="33">
</value>
<value instanceof="35">
<![CDATA[ <br> </br> <a> <img> </img> </a> <a> Netflix Review </a> <br> </br> <a> <img> </img> </a> <a> Awards </a> <br> </br> <a> <img> </img> </a> <a> Leonard Maltin Recommends </a> <br> </br> <a> <img> </img> </a> <a> Official Movie Site </a> <br> </br>]]>
</value>
<value instanceof="44">
<![CDATA[ <p> <hr> </hr> <a> </a> <font> <b> Synopsis </b> </font> </p> Ulysses Everett McGill (George Clooney) is a garrulous, silver-tongued petty criminal having some difficulty adjusting to the regimentation of life as a man sentenced to a term of hard labor in Mississippi. <p>   Reluctant to spend any more time crushing rocks, he scams his way off the chain gang with a clumsy duo of fellow convicts: sweet and simple Delmar (Tim Blake Nelson) and the maladjusted Pete (John Turturro). The trio embarks on the adventure of a lifetime as they set out to pursue their freedom and the promise of sharing in the division of a fortune in buried treasure. However, they must also match wits with the cunning and mysterious Cooley (Daniel von Bargen), who tracks the men, determined to bring them back to the prison farm. <p>   With the words of a blind prophet ringing in their ears, "You will find a fortune but not the fortune you seek," the three shackled escapees make a hasty run for their lives. They travel down the road on a journey filled with perils, surprises, and wondrous events. Along the way, they meet an assortment of curious characters including Tommy Johnson (Chris Thomas King), a musician on his way to Jackson to sing on the radio; Big Dan Teague (John Goodman), an unscrupulous, one-eyed Bible salesman who deceives them; Babyface Nelson (Michael Badalucco), the notorious gangster, who befriends them in the middle of a robbing spree; Penny Wharvey (Holly Hunter), an important part of Everett's not-so-distant past; and Governor Pappy O'Daniel (Charles Durning), who is engaged in a reelection campaign. <p>   All the while the trio is trying to stay ahead of the law. Despite all the obstacles, near misses, and narrow escapes along the way, they reach Ithaca, where Delmar and Pete hope to be rewarded for their perseverance and Everett hopes to be reunited with more than his gold. <p>   An exciting and entertaining blend of high adventure, humor, and heartfelt emotion, "O Brother, Where Art Thou?" is written and directed by Joel & Ethan Coen, two of today's preeminent filmmakers, who put their own unique modern-day spin on Homer's classic tale, "The Odyssey." <p>   See movie reviews below. <p>  ]]>
</value>
<value instanceof="45">
<![CDATA[ <a href ='http://www.netflix.com/RoleDisplay?personid=17794'> George Clooney </a> , <a href ='http://www.netflix.com/RoleDisplay?personid=94180'> John Turturro </a> , <a href ='http://www.netflix.com/RoleDisplay?personid=20013067'> Tim Blake Nelson </a> , <a href ='http://www.netflix.com/RoleDisplay?personid=26584'> Charles Durning </a> , <a href ='http://www.netflix.com/RoleDisplay?personid=35688'> John Goodman </a> , <a href ='http://www.netflix.com/RoleDisplay?personid=4224'> Michael Badalucco </a> , <a href ='http://www.netflix.com/RoleDisplay?personid=44068'> Holly Hunter </a> , <a href ='http://www.netflix.com/RoleDisplay?personid=79706'> Stephen Root </a> , <a href ='http://www.netflix.com/RoleDisplay?personid=20017711'> Chris Thomas King </a> , <a href ='http://www.netflix.com/RoleDisplay?personid=96201'> Daniel Von Bargen </a> , <a href ='http://www.netflix.com/RoleDisplay?personid=95109'> Musetta Vander </a> <p>  ]]>
</value>
<value instanceof="46">
<![CDATA[ Everybody's Famous]]>
</value>
<value instanceof="47">
<![CDATA[ Jean is a "stage mother" whose fondest wish is to see his plump daughter, Marva, attain fame as a singer (notoriety that eluded him in his youth). Problem is, Marva's tone-deaf. Ripping a page from Robert De Niro's playbook (as Rupert Pupkin in The King of Comedy), Jean kidnaps Belgium's answer to Britney Spears and holds her hostage until his own voice is heard by the music industry.]]>
</value>
<value instanceof="48">
<![CDATA[ R]]>
</value>
<value instanceof="49">
<![CDATA[ (2000)]]>
</value>
<value instanceof="50">
<![CDATA[ College]]>
</value>
<value instanceof="51">
<![CDATA[ Buster Keaton goes back to school and stages a hilarious send-up of university life in College (1927, 66 min).]]>
</value>
<value instanceof="52">
<![CDATA[ NR]]>
</value>
<value instanceof="53">
<![CDATA[ (1927)]]>
</value>
<value instanceof="54">
<![CDATA[ El Diablo]]>
</value>
<value instanceof="55">
<![CDATA[ A schoolteacher in a small Texas town dreams of being a western hero. But his dreams become a hilarious nightmare when the legendary outlaw El Diablo rides into town.]]>
</value>
<value instanceof="56">
<![CDATA[ PG-13]]>
</value>
<value instanceof="57">
<![CDATA[ (1990)]]>
</value>
<value instanceof="58">
<![CDATA[ Chaplin's Essanay Comedies #1]]>
</value>
<value instanceof="59">
<![CDATA[ In Charles Chaplin's Essanay Comedies, made in 1915, cinema's greatest comedian was first able to build his screen work around his performance style rather than forcing himself as before into Mack Sennett's frenzied Keystone comedy matrix.]]>
</value>
<value instanceof="60">
<![CDATA[ NR]]>
</value>
<value instanceof="61">
<![CDATA[ (1915)]]>
</value>
<value instanceof="65">
<value instanceof="64">
<value instanceof="62">
<![CDATA[ Leonard Maltin]]>
</value>
<value instanceof="63">
<![CDATA[ Love 'em or hate 'em, you've got to hand it to Joel and Ethan Coen: They never make the same movie twice. Even when they reissued their breakthrough film Blood Simple this past summer, they tinkered with it and shortened the running time. <p> </p> No, you never quite know what to expect from the Coen ... <a> Complete Review </a>]]>
</value>
</value>
</value>
<value instanceof="66">
<![CDATA[ 230]]>
</value>
<value instanceof="67">
<value instanceof="12">
<value instanceof="11">
<![CDATA[ <p>   <a> </a> <table> <tr> <td> </td> <td> <font> <i> PB from DC </i> <font> <br> </br> ( <a> Read more about me ... </a> ) </font> </font> </td> <td> &nbsp; <font> <b> 43 </b> out of <b> 58 </b> people found this review helpful. </font> </td> </tr> </table> <font> You must like two things to enjoy this movie. 1) The Coen Brothers themselves, for to know them is to understand the quirkiness, inventiveness, and genius of this story. And 2) You must love Bluegrass music, for the movie is a virtual monument to the genre. The film is great if you know Homer's ... <a> Complete Review </a> </font> <table> <tr> <td> </td> </tr> </table> I found this review &nbsp; <p>   <a> </a> <table> <tr> <td> </td> <td> <font> <i> JL from AZ 4 </i> <font> <br> </br> ( <a> Read more about me ... </a> ) </font> </font> </td> <td> &nbsp; <font> <b> 40 </b> out of <b> 56 </b> people found this review helpful. </font> </td> </tr> </table> <font> A great comic treat from the Coen brother's. Made me want to read The Odyssey again because I enjoyed this film so much. Had a very suttle humor that you don't see in many comedies today,because most comedies force humor. George Clooney should receive an AA nomination (he should have received one ... <a> Complete Review </a> </font> <table> <tr> <td> </td> </tr> </table> I found this review &nbsp; <p>   <a> </a> <table> <tr> <td> </td> <td> <font> <i> RG from CA 21 </i> <font> <br> </br> ( <a> Read more about me ... </a> ) </font> </font> </td> <td> &nbsp; <font> <b> 32 </b> out of <b> 40 </b> people found this review helpful. </font> </td> </tr> </table> <font> Terrific music, great cinematography, interesting and funny characters and an intricate story set in 1930's Mississippi (based on Homer's The Odyssey). Wonderful character acting and excellent chemistry amongst the three leads. Seen it twice and will see it again. Both my wife and I loved it. </font> <table> <tr> <td> </td> </tr> </table> I found this review &nbsp; <p>   &nbsp;]]>
</value>
</value>
<value instanceof="14">
</value>
<value instanceof="12">
<value instanceof="11">
<![CDATA[ <p>   <a> </a> <table> <tr> <td> </td> <td> <font> <i> JC from MA 5 </i> <font> <br> </br> ( <a> Read more about me ... </a> ) </font> </font> </td> <td> </td> </tr> </table> <font> I dont know why this was a comdey. not a very funny movie. I have seen dramas with more laughs than this one. It was kinda slow in parts too. </font> <table> <tr> <td> </td> </tr> </table> I found this review &nbsp; <p>   <a> </a> <table> <tr> <td> </td> <td> <font> <i> TS from Delaware </i> <font> <br> </br> ( <a> Read more about me ... </a> ) </font> </font> </td> <td> </td> </tr> </table> <font> I am glad that I did not see this in the theatre, but I am happy that I rented it. The movie is different, and a nice change of pace. The only part that didn't seem real is George Clooney in Mississippi. All of the other characters are a delight. I recommend it highly if you haven't seen it. </font> <table> <tr> <td> </td> </tr> </table> I found this review &nbsp; <p>   <a> </a> <table> <tr> <td> </td> <td> <font> <i> RB from CA 19 </i> <font> <br> </br> ( <a> Read more about me ... </a> ) </font> </font> </td> <td> </td> </tr> </table> <font> This movie was not typical of a Gerorge Cloony movie. The story moved very slowly and lacked substance. Three guys wandering the country side with an occasional run in with trouble made for a boring movie. I sat through it but couldn't wait for the end. </font> <table> <tr> <td> </td> </tr> </table> I found this review &nbsp; <p>   <table> <tr> <td> <a> <font> <b> See All Customer Reviews </b> </font> </a> </td> </tr> </table>]]>
</value>
</value>
</value>
</value>

