<value instanceof="68">
<value instanceof="17">
<![CDATA[ Mudhalvan: Tamil]]>
</value>
<value instanceof="18">
<![CDATA[ (1999)]]>
</value>
<value instanceof="19">
<![CDATA[ <br>  ]]>
</value>
<value instanceof="20">
<![CDATA[ Tamil (DTS 5.1 Surround)]]>
</value>
<value instanceof="22">
</value>
<value instanceof="23">
<![CDATA[ <a href ='http://www.netflix.com/RoleDisplay?personid=20011044'> Arjun Chakraborty </a> , <a href ='http://www.netflix.com/RoleDisplay?personid=20005852'> Manisha Koirala </a> , <a href ='/MovieDisplay?movieid=60003373&trkid=4368#cast'> More </a>]]>
</value>
<value instanceof="24">
<![CDATA[ <a href ='http://www.netflix.com/RoleDisplay?personid=20011415'> Shankar </a>]]>
</value>
<value instanceof="25">
<![CDATA[ 178 minutes]]>
</value>
<value instanceof="26">
<![CDATA[ NR]]>
</value>
<value instanceof="27">
<![CDATA[ Foreign]]>
</value>
<value instanceof="28">
<![CDATA[ Widescreen]]>
</value>
<value instanceof="29">
<![CDATA[ None]]>
</value>
<value instanceof="30">
<![CDATA[ 3.6]]>
</value>
<value instanceof="31">
<![CDATA[ (395]]>
</value>
<value instanceof="32">
<![CDATA[ Color; All NTSC Regions; Interactive Menu; Scene and Song Access.]]>
</value>
<value instanceof="33">
</value>
<value instanceof="35">
<![CDATA[ <br> </br>]]>
</value>
<value instanceof="44">
<![CDATA[ <p>  ]]>
</value>
<value instanceof="45">
<![CDATA[ <a href ='http://www.netflix.com/RoleDisplay?personid=20011044'> Arjun Chakraborty </a> , <a href ='http://www.netflix.com/RoleDisplay?personid=20005852'> Manisha Koirala </a> , <a href ='http://www.netflix.com/RoleDisplay?personid=20006876'> Sushmita Sen </a> , <a href ='http://www.netflix.com/RoleDisplay?personid=20009250'> Raghuvaran </a> , <a href ='http://www.netflix.com/RoleDisplay?personid=20013891'> Manivannan </a> , <a href ='http://www.netflix.com/RoleDisplay?personid=20012614'> Vijayakumar </a> , <a href ='http://www.netflix.com/RoleDisplay?personid=20011435'> Vadivelu </a> <p>  ]]>
</value>
<value instanceof="46">
<![CDATA[ Border]]>
</value>
<value instanceof="47">
<![CDATA[ Based on a true 1971 border incident between India and Pakistan and featuring an all-star cast, this action-packed entry eloquently celebrates humanity even as it demonizes war.]]>
</value>
<value instanceof="48">
<![CDATA[ NR]]>
</value>
<value instanceof="49">
<![CDATA[ (1997)]]>
</value>
<value instanceof="50">
<![CDATA[ Rangeela]]>
</value>
<value instanceof="51">
<![CDATA[ Varma's blockbuster capitalized on Matondkar's star-making turn as a struggling singer torn between a childhood pal (Khan) and a music promoter (Shroff). Look for Matondkar's fancy footwork, set to A.R. Rahman's first Hindi score.]]>
</value>
<value instanceof="52">
<![CDATA[ NR]]>
</value>
<value instanceof="53">
<![CDATA[ (1995)]]>
</value>
<value instanceof="54">
<![CDATA[ Anjali: Tamil]]>
</value>
<value instanceof="55">
<![CDATA[ Anjali (Shyamali) is a mentally handicapped girl who, after her father (Raghuvaran) sends her away for a few years, is brought home to live with her parents and two healthy siblings. The family is helped by a misterious stranger (Prabhu).]]>
</value>
<value instanceof="56">
<![CDATA[ NR]]>
</value>
<value instanceof="57">
<![CDATA[ (1990)]]>
</value>
<value instanceof="58">
<![CDATA[ Phir Bhi Dil Hai Hindustani]]>
</value>
<value instanceof="59">
<![CDATA[]]>
</value>
<value instanceof="60">
<![CDATA[ NR]]>
</value>
<value instanceof="61">
<![CDATA[ (2000)]]>
</value>
<value instanceof="65">
</value>
<value instanceof="66">
<![CDATA[ 14]]>
</value>
<value instanceof="67">
<value instanceof="12">
<value instanceof="11">
<![CDATA[ <p>   <a> </a> <table> <tr> <td> </td> <td> <font> <i> Kalai </i> </font> </td> <td> &nbsp; <font> <b> 4 </b> out of <b> 5 </b> people found this review helpful. </font> </td> </tr> </table> <font> It's wonderful movie because: Different storyline screen play, dialog thanks to director shanker and writer Sujatha. Arujun and Manivannan also acted very well. Music is OK but not great, sorry ARR, don't recycle too much!! The negative side: Manisha Koirala (Hai whos idea is this!) She ... <a> Complete Review </a> </font> <table> <tr> <td> </td> </tr> </table> I found this review &nbsp; <p>   <a> </a> <table> <tr> <td> </td> <td> <font> <i> RA from IN </i> <font> <br> </br> ( <a> Read more about me ... </a> ) </font> </font> </td> <td> &nbsp; <font> <b> 2 </b> out of <b> 2 </b> people found this review helpful. </font> </td> </tr> </table> <font> It looked more like a documentary of what Naidu was doing, we wished every mudhalavan was like the Mudhalavan, that apart as a movie, the songs and the storyline are really good. However, Arjun seemed to be handsome and attractive, Manisha was kind of ...I dont know why she took up this role. DVD ... <a> Complete Review </a> </font> <table> <tr> <td> </td> </tr> </table> I found this review &nbsp; <p>   <a> </a> <table> <tr> <td> </td> <td> <font> <i> RS from MI 2 </i> <font> <br> </br> ( <a> Read more about me ... </a> ) </font> </font> </td> <td> &nbsp; <font> <b> 1 </b> out of <b> 1 </b> people found this review helpful. </font> </td> </tr> </table> <font> Sound and Picture quality of this DVD is great. A.R.Rahman's talent to cater to all tastes is amazing. Songs are enjoyable, but I kind of feel that director Shankar has gone overboard on special effects. Arjun and Manisha's performances are decent and tolerable. I would rent the DVD again just for ... <a> Complete Review </a> </font> <table> <tr> <td> </td> </tr> </table> I found this review &nbsp; <p>   &nbsp;]]>
</value>
</value>
<value instanceof="14">
</value>
<value instanceof="12">
<value instanceof="11">
<![CDATA[ <p>   <a> </a> <table> <tr> <td> </td> <td> <font> <i> SR from CA 23 </i> <font> <br> </br> ( <a> Read more about me ... </a> ) </font> </font> </td> <td> </td> </tr> </table> <font> One of the best tamil movies I have seen in a while. The storyline is absorbing, the songs and picturisation are excellent, my little ones are fascinated by the snakes-and-ladders sequences in the "mudhalvane.." song.. ARR has done a great job as usual in composing the songs. the only downside I ... <a> Complete Review </a> </font> <table> <tr> <td> </td> </tr> </table> I found this review &nbsp; <p>   <a> </a> <table> <tr> <td> </td> <td> <font> <i> NC </i> </font> </td> <td> </td> </tr> </table> <font> Arjun's performance was good and the songs were good and the cinematography was awesome....this movie would have been much better if the lead female role was offered to somebody more suitable... </font> <table> <tr> <td> </td> </tr> </table> I found this review &nbsp; <p>   <a> </a> <table> <tr> <td> </td> <td> <font> <i> MG from VA 3 </i> <font> <br> </br> ( <a> Read more about me ... </a> ) </font> </font> </td> <td> &nbsp; <font> <b> 1 </b> out of <b> 1 </b> people found this review helpful. </font> </td> </tr> </table> <font> Shankar, well known for his rich songs, different storyline and screenplay has done a good job again on this. Makes everyone thiks about the political system in India. I dont see complete need of Manisha's role except for songs and mass appeal. I would have given this 5 stars if Manisha's role ... <a> Complete Review </a> </font> <table> <tr> <td> </td> </tr> </table> I found this review &nbsp; <p>   <table> <tr> <td> <a> <font> <b> See All Customer Reviews </b> </font> </a> </td> </tr> </table>]]>
</value>
</value>
</value>
</value>

