<value instanceof="68">
<value instanceof="17">
<![CDATA[ Proof of Life]]>
</value>
<value instanceof="18">
<![CDATA[ (2000)]]>
</value>
<value instanceof="19">
<![CDATA[ <br>  ]]>
</value>
<value instanceof="20">
<![CDATA[ English (Dolby Digital 5.1), French (Dolby Digital 2.0 Stereo)]]>
</value>
<value instanceof="22">
<value instanceof="21">
</value>
</value>
<value instanceof="23">
<![CDATA[ <a href ='http://www.netflix.com/RoleDisplay?personid=81062'> Meg Ryan </a> , <a href ='http://www.netflix.com/RoleDisplay?personid=20621'> Russell Crowe </a> , <a href ='/MovieDisplay?movieid=60003503&trkid=2069#cast'> More </a>]]>
</value>
<value instanceof="24">
<![CDATA[ <a href ='http://www.netflix.com/RoleDisplay?personid=38130'> Taylor Hackford </a>]]>
</value>
<value instanceof="25">
<![CDATA[ 135 minutes]]>
</value>
<value instanceof="26">
<![CDATA[ R]]>
</value>
<value instanceof="27">
<![CDATA[ Drama]]>
</value>
<value instanceof="28">
<![CDATA[ Widescreen]]>
</value>
<value instanceof="29">
<![CDATA[ English, French]]>
</value>
<value instanceof="30">
<![CDATA[ 3.4]]>
</value>
<value instanceof="31">
<![CDATA[ (55,681]]>
</value>
<value instanceof="32">
<![CDATA[ Color; region 1 encoding; interactive menus; scene access; audio Commentary by director Taylor Hackford; making of; trailer; cast/crew filmographies; closed captioned.]]>
</value>
<value instanceof="33">
<value instanceof="16">
</value>
</value>
<value instanceof="35">
<![CDATA[ <br> </br> <a> <img> </img> </a> <a> Netflix Review </a> <br> </br> <a> <img> </img> </a> <a> Official Movie Site </a> <br> </br>]]>
</value>
<value instanceof="44">
<![CDATA[ <p> <hr> </hr> <a> </a> <font> <b> Synopsis </b> </font> </p> In this romantic drama, Peter Bowman (David Morse), an American engineer in a Latin American country, is captured by anti-government forces. When the rebels learn his identity they demand $6 million for his safe return. However, his U.S. employer is on the verge of insolvency and will not provide the ransom. <p>   Peter's wife Alice (Meg Ryan) is forced to deal with the matter on her own. She retains the services of freelance professional hostage negotiator Terry Thorne (Russell Crowe). With the help of a fellow negotiator, Dino (David Caruso), and a trio of highly trained mercenaries, Terry mounts a bold operation to rescue Peter that could as easily result in disaster as in triumph. <p>   See movie reviews below. <p>  ]]>
</value>
<value instanceof="45">
<![CDATA[ <a href ='http://www.netflix.com/RoleDisplay?personid=81062'> Meg Ryan </a> , <a href ='http://www.netflix.com/RoleDisplay?personid=20621'> Russell Crowe </a> , <a href ='http://www.netflix.com/RoleDisplay?personid=20001260'> David Morse </a> , <a href ='http://www.netflix.com/RoleDisplay?personid=15019'> David Caruso </a> , <a href ='http://www.netflix.com/RoleDisplay?personid=76954'> Pamela Reed </a> , <a href ='http://www.netflix.com/RoleDisplay?personid=20003100'> Alun Armstrong </a> , <a href ='http://www.netflix.com/RoleDisplay?personid=20003575'> Michael Kitchen </a> , <a href ='http://www.netflix.com/RoleDisplay?personid=20016454'> Vanessa Robbiano </a> <p>  ]]>
</value>
<value instanceof="46">
<![CDATA[ Rules of Engagement]]>
</value>
<value instanceof="47">
<![CDATA[ Sensing a crisis in Yemen, the U.S. government sends Col. Terry Childers (Samuel L. Jackson) to remove the U.S. ambassador and his family. Childers succeeds but ends up killing 80 civilians in the process. Fearing a court martial that could put him behind bars for the rest of his life, Childers looks to Col. Hayes Hodges (Tommy Lee Jones) to defend him in court.]]>
</value>
<value instanceof="48">
<![CDATA[ R]]>
</value>
<value instanceof="49">
<![CDATA[ (2000)]]>
</value>
<value instanceof="50">
<![CDATA[ The Art of War]]>
</value>
<value instanceof="51">
<![CDATA[ Part of the United Nations' elite covert action unit, Shaw (Wesley Snipes) is trained in the art of victory without combat. But when terrorists threaten the signing of a worldwide free trade agreement and Shaw is framed for an ambassador's murder, he'll do whatever it takes to clear his name. Hard-driving action and bullet ballet are the name of the vicious game in The Art of War.]]>
</value>
<value instanceof="52">
<![CDATA[ R]]>
</value>
<value instanceof="53">
<![CDATA[ (2000)]]>
</value>
<value instanceof="54">
<![CDATA[ Entrapment]]>
</value>
<value instanceof="55">
<![CDATA[ It's easy to get immersed in this intoxicating thriller that features more high-tech gizmos than you'd probably find in Bill Gates' attic. Sean Connery stars as a retired master thief implicated in a major art burglary. Catherine Zeta-Jones is the investigator sent to track him down. They join forces for a millennial heist that'll have you clutching your recliner's arms.]]>
</value>
<value instanceof="56">
<![CDATA[ PG-13]]>
</value>
<value instanceof="57">
<![CDATA[ (1999)]]>
</value>
<value instanceof="58">
<![CDATA[ Pearl Harbor]]>
</value>
<value instanceof="59">
<![CDATA[ Ten-hut! Studly Air Force fighter pilots Ben Affleck and Josh Hartnett are tough-as-nails risk-takers who must battle Japanese Zeros -- and each other -- for the affections of comely nurse Kate Beckinsale. Set against the cataclysmic events of December 7, 1941, Pearl Harbor comes at you like a white-hot tracer bullet fired point-blank. Batten down the hatches, it's gonna be a bumpy war!]]>
</value>
<value instanceof="60">
<![CDATA[ PG-13]]>
</value>
<value instanceof="61">
<![CDATA[ (2001)]]>
</value>
<value instanceof="65">
<value instanceof="64">
<value instanceof="62">
<![CDATA[ James Rocchi]]>
</value>
<value instanceof="63">
<![CDATA[ Mixing action, suspense, forbidden romance and foreign intrigue, Proof of Life tries to follow in Casablanca's well-trodden footsteps. The end result, however, feels like a bizarre hybrid of a James Bond movie and a two-Kleenex Harlequin Romance love story. <p> </p> Oil company engineer David Morse ... <a> Complete Review </a>]]>
</value>
</value>
</value>
<value instanceof="66">
<![CDATA[ 262]]>
</value>
<value instanceof="67">
<value instanceof="12">
<value instanceof="11">
<![CDATA[ <p>   <a> </a> <table> <tr> <td> </td> <td> <font> <i> Michael A </i> </font> </td> <td> &nbsp; <font> <b> 101 </b> out of <b> 110 </b> people found this review helpful. </font> </td> </tr> </table> <font> This is a very good adventure-kidnapping yarn based on true events. Beautifully filmed in South America, and stylized in the swift action genre, I found it moved fast and generated a slow build of excitement. Russell Crowe is excellent, and the rest of the cast is fine too, especially Robert ... <a> Complete Review </a> </font> <table> <tr> <td> </td> </tr> </table> I found this review &nbsp; <p>   <a> </a> <table> <tr> <td> </td> <td> <font> <i> Christy </i> <font> <br> </br> ( <a> Read more about me ... </a> ) </font> </font> </td> <td> &nbsp; <font> <b> 70 </b> out of <b> 74 </b> people found this review helpful. </font> </td> </tr> </table> <font> I wanted to hate this movie, I really did. There was so much hype about the main actors and their "relationship" that I wanted to hate it. But I couldn't. Don't watch this movie because you are a Crowe or Ryan film. Watch this movie to see the amazing performance of David Morse. He is a ... <a> Complete Review </a> </font> <table> <tr> <td> </td> </tr> </table> I found this review &nbsp; <p>   <a> </a> <table> <tr> <td> </td> <td> <font> <i> MS from CO 2 </i> <font> <br> </br> ( <a> Read more about me ... </a> ) </font> </font> </td> <td> &nbsp; <font> <b> 62 </b> out of <b> 83 </b> people found this review helpful. </font> </td> </tr> </table> <font> Enjoyed everything about this. Excellent casting. Just enough character development that doesn't detract from the action. </font> <table> <tr> <td> </td> </tr> </table> I found this review &nbsp; <p>   &nbsp;]]>
</value>
</value>
<value instanceof="14">
</value>
<value instanceof="12">
<value instanceof="11">
<![CDATA[ <p>   <a> </a> <table> <tr> <td> </td> <td> <font> <i> John Morn </i> </font> </td> <td> </td> </tr> </table> <font> The photography was a real highlight on this film. Equador's natural wonders were beautifully featured. Meg Ryan looked lovely in her palacial and colorful abode. And Russell Crowe was appropriately grizzled, though his character was a bit flat. The performance was not up to his scene-chewing ... <a> Complete Review </a> </font> <table> <tr> <td> </td> </tr> </table> I found this review &nbsp; <p>   <a> </a> <table> <tr> <td> </td> <td> <font> <i> Jacqualin Schermerhorn </i> </font> </td> <td> </td> </tr> </table> <font> Enjoyed everything about this. Excellent casting. Just enough character development that doesn't detract from the action. </font> <table> <tr> <td> </td> </tr> </table> I found this review &nbsp; <p>   <a> </a> <table> <tr> <td> </td> <td> <font> <i> Kevin </i> </font> </td> <td> &nbsp; <font> <b> 2 </b> out of <b> 2 </b> people found this review helpful. </font> </td> </tr> </table> <font> Very good movie and an interesting topic. I enjoyed the director's decision to release this form of the movie and felt that it made a much more powerful statement about Russell Crowe's character. </font> <table> <tr> <td> </td> </tr> </table> I found this review &nbsp; <p>   <table> <tr> <td> <a> <font> <b> See All Customer Reviews </b> </font> </a> </td> </tr> </table>]]>
</value>
</value>
</value>
</value>

