<value instanceof="68">
<value instanceof="17">
<![CDATA[ True Lies]]>
</value>
<value instanceof="18">
<![CDATA[ (1994)]]>
</value>
<value instanceof="19">
<![CDATA[ <br>  ]]>
</value>
<value instanceof="20">
<![CDATA[ English (Dolby Digital 2.0 Surround), English (Dolby Digital 5.1), French (Dolby Digital 2.0 Surround)]]>
</value>
<value instanceof="22">
</value>
<value instanceof="23">
<![CDATA[ <a href ='http://www.netflix.com/RoleDisplay?personid=83402'> Arnold Schwarzenegger </a> , <a href ='http://www.netflix.com/RoleDisplay?personid=21028'> Jamie Lee Curtis </a> , <a href ='/MovieDisplay?movieid=1067921&trkid=4368#cast'> More </a>]]>
</value>
<value instanceof="24">
<![CDATA[ <a href ='http://www.netflix.com/RoleDisplay?personid=13724'> James Cameron </a>]]>
</value>
<value instanceof="25">
<![CDATA[ 141 minutes]]>
</value>
<value instanceof="26">
<![CDATA[ R]]>
</value>
<value instanceof="27">
<![CDATA[ Action & Adventure]]>
</value>
<value instanceof="28">
<![CDATA[ Widescreen]]>
</value>
<value instanceof="29">
<![CDATA[ English, Spanish]]>
</value>
<value instanceof="30">
<![CDATA[ 3.6]]>
</value>
<value instanceof="31">
<![CDATA[ (159,726]]>
</value>
<value instanceof="32">
<![CDATA[ Not Available]]>
</value>
<value instanceof="33">
<value instanceof="16">
</value>
</value>
<value instanceof="35">
<![CDATA[ <br> </br> <a> <img> </img> </a> <a> Netflix Review </a> <br> </br> <a> <img> </img> </a> <a> Awards </a> <br> </br>]]>
</value>
<value instanceof="44">
<![CDATA[ <p> <hr> </hr> <a> </a> <font> <b> Synopsis </b> </font> </p> Arnold Schwarzenegger is special agent Harry Tasker, a top spy in the ultra-secret Omega Sector - although to his wife Helen, he's just a boring computer salesman. When Harry's two lives enexpectedly collide, both he and Helen find themselves in the clutches of international terrorists, fighting to save not only their marriage, but their lives. Jammed with incredible special effects, True Lies is an exhilarating mix of non-stop action and romantic comedy. <p>   See movie reviews below. <p>   <b> About the DVD: </b> Glorious, with an over-animated menu (I was about to snap into Pokemon-like seizures from the flashing and the graphics) and while the only feature is the trailer, this disc looks and sounds great. The film is only in the original widescreen, with THX-Certified sound mastering -- there's English and French in Dolby Surround, and another English Dolby 5.1 track. <p>  ]]>
</value>
<value instanceof="45">
<![CDATA[ <a href ='http://www.netflix.com/RoleDisplay?personid=83402'> Arnold Schwarzenegger </a> , <a href ='http://www.netflix.com/RoleDisplay?personid=21028'> Jamie Lee Curtis </a> , <a href ='http://www.netflix.com/RoleDisplay?personid=72044'> Bill Paxton </a> , <a href ='http://www.netflix.com/RoleDisplay?personid=20002402'> Tia Carrere </a> , <a href ='http://www.netflix.com/RoleDisplay?personid=3192'> Tom Arnold </a> , <a href ='http://www.netflix.com/RoleDisplay?personid=58357'> Art Malik </a> <p>  ]]>
</value>
<value instanceof="46">
<![CDATA[ Kindergarten Cop]]>
</value>
<value instanceof="47">
<![CDATA[ An undercover cop is in a class all by himself as he tries to trap an elusive criminal by posing as a kindergarten teacher. Now facing 23 screaming kids, he has to keep them under control without blowing his top and his cover.]]>
</value>
<value instanceof="48">
<![CDATA[ PG-13]]>
</value>
<value instanceof="49">
<![CDATA[ (1990)]]>
</value>
<value instanceof="50">
<![CDATA[ Speed]]>
</value>
<value instanceof="51">
<![CDATA[ There's a bomb on the bus, but it'll be OK. Never good news if you're a passenger, but if the messenger is Keanu Reeves, you'll have a fun ride. Speed tops other Die Hard clones with <i> three </i> hair-raising set pieces! The bulk of the film takes place on a bus wired to explode if its speed drops below 50 mph -- in Los Angeles traffic!]]>
</value>
<value instanceof="52">
<![CDATA[ R]]>
</value>
<value instanceof="53">
<![CDATA[ (1994)]]>
</value>
<value instanceof="54">
<![CDATA[ Terminator 2: Judgment Day]]>
</value>
<value instanceof="55">
<![CDATA[ He said he'd be back! His mission is to protect the boy destined to lead the freedom fighters of the future. Astounding special effects and stunts, built around a touching and emotional human story.]]>
</value>
<value instanceof="56">
<![CDATA[ R]]>
</value>
<value instanceof="57">
<![CDATA[ (1991)]]>
</value>
<value instanceof="58">
<![CDATA[ Broken Arrow]]>
</value>
<value instanceof="59">
<![CDATA[ Prepare to go ballistic! John Travolta stars as stealth-fighter pilot Vic Deakins. When he deliberately drops off the radar while on maneuvers, the Air Force ends up with a "broken arrow" (a stolen nuclear warhead) and only one hope for getting it back. Deakins' co-pilot, Riley Hale (Christian Slater), teams with park ranger Samantha Mathis to put Travolta back in his box.]]>
</value>
<value instanceof="60">
<![CDATA[ R]]>
</value>
<value instanceof="61">
<![CDATA[ (1996)]]>
</value>
<value instanceof="65">
<value instanceof="64">
<value instanceof="62">
<![CDATA[ James Rocchi]]>
</value>
<value instanceof="63">
<![CDATA[ I have an ambiguous relationship with True Lies: I admire James Cameron and Arnold Schwarzenegger's spy flick/domestic comedy cross very much for the visceral action scenes and the central plot -- that Arnold has been a secret agent for 15 years and his wife (Jamie Lee Curtis) doesn't know. Of ... <a> Complete Review </a>]]>
</value>
</value>
</value>
<value instanceof="66">
<![CDATA[ 51]]>
</value>
<value instanceof="67">
<value instanceof="12">
<value instanceof="11">
<![CDATA[ <p>   <a> </a> <table> <tr> <td> </td> <td> <font> <i> 1482 </i> </font> </td> <td> &nbsp; <font> <b> 5 </b> out of <b> 6 </b> people found this review helpful. </font> </td> </tr> </table> <font> This is one of Arnold's best movie of all time. I can't wait for the sequel in 2002. Filled with action, comedy, and drama. It's a must see/must have (especially in DVD) for Arnold fans. One of James Cameron's great "T" title movies; Total Recall, Terminator and Terminator 2(T2):Judgement Day, and ... <a> Complete Review </a> </font> <table> <tr> <td> </td> </tr> </table> I found this review &nbsp; <p>   <a> </a> <table> <tr> <td> </td> <td> <font> <i> Scott </i> </font> </td> <td> &nbsp; <font> <b> 7 </b> out of <b> 11 </b> people found this review helpful. </font> </td> </tr> </table> <font> Anytime that I have the opportunity to see Jamie Lee Curtis in a black bra and thong, the movie will always be worthy five stars! </font> <table> <tr> <td> </td> </tr> </table> I found this review &nbsp; <p>   <a> </a> <table> <tr> <td> </td> <td> <font> <i> SM from NC 2 </i> <font> <br> </br> ( <a> Read more about me ... </a> ) </font> </font> </td> <td> &nbsp; <font> <b> 4 </b> out of <b> 5 </b> people found this review helpful. </font> </td> </tr> </table> <font> Jamie Lee Curtis was hilarious in this. It was the first time I saw Arnold in something that really wasn't annoying. </font> <table> <tr> <td> </td> </tr> </table> I found this review &nbsp; <p>   &nbsp;]]>
</value>
</value>
<value instanceof="14">
</value>
<value instanceof="12">
<value instanceof="11">
<![CDATA[ <p>   <a> </a> <table> <tr> <td> </td> <td> <font> <i> DH </i> </font> </td> <td> </td> </tr> </table> <font> Excellent movie. Alot of action! Enjoyed watching a dull housewife turn into a dashing partner for her husband, Arnold Schwarzenegger. I bought this movie to watch again and again. </font> <table> <tr> <td> </td> </tr> </table> I found this review &nbsp; <p>   <a> </a> <table> <tr> <td> </td> <td> <font> <i> Emo </i> <font> <br> </br> ( <a> Read more about me ... </a> ) </font> </font> </td> <td> </td> </tr> </table> <font> Unfortunately, the teaming of Arnold and Cameron does not instantly equal major blockbuster unless a Terminator is in the mix, as "True Lies" very well proves. Though a likeable little ditty (and admittedly, Jamie does look good though Tia looks better!), "Lies" is not likely to attain the ... <a> Complete Review </a> </font> <table> <tr> <td> </td> </tr> </table> I found this review &nbsp; <p>   <a> </a> <table> <tr> <td> </td> <td> <font> <i> AA from MA 2 </i> <font> <br> </br> ( <a> Read more about me ... </a> ) </font> </font> </td> <td> </td> </tr> </table> <font> A good film on terrorism would be welcome at this point in history. This is not that film. It begins with a slick and promising scene with a multi-lingual and international dimension. It soon degenerates into explosions and gunplay that has an adolescent ring to it. I gave up halfway through. </font> <table> <tr> <td> </td> </tr> </table> I found this review &nbsp; <p>   <table> <tr> <td> <a> <font> <b> See All Customer Reviews </b> </font> </a> </td> </tr> </table>]]>
</value>
</value>
</value>
</value>

