<value instanceof="68">
<value instanceof="17">
<![CDATA[ Courage Under Fire]]>
</value>
<value instanceof="18">
<![CDATA[ (1996)]]>
</value>
<value instanceof="19">
<![CDATA[ <br>  ]]>
</value>
<value instanceof="20">
<![CDATA[ English (Dolby Digital 2.0 Surround), English (Dolby Digital 5.1), French (Dolby Digital 2.0 Surround)]]>
</value>
<value instanceof="22">
<value instanceof="21">
</value>
</value>
<value instanceof="23">
<![CDATA[ <a href ='http://www.netflix.com/RoleDisplay?personid=20009065'> Michael Moriarty </a> , <a href ='http://www.netflix.com/RoleDisplay?personid=97478'> Denzel Washington </a> , <a href ='/MovieDisplay?movieid=60003977&trkid=2069#cast'> More </a>]]>
</value>
<value instanceof="24">
<![CDATA[ <a href ='http://www.netflix.com/RoleDisplay?personid=102621'> Edward Zwick </a>]]>
</value>
<value instanceof="25">
<![CDATA[ 117 minutes]]>
</value>
<value instanceof="26">
<![CDATA[ R]]>
</value>
<value instanceof="27">
<![CDATA[ Action & Adventure]]>
</value>
<value instanceof="28">
<![CDATA[ Widescreen Anamorphic]]>
</value>
<value instanceof="29">
<![CDATA[ English, Spanish]]>
</value>
<value instanceof="30">
<![CDATA[ 3.6]]>
</value>
<value instanceof="31">
<![CDATA[ (2,981]]>
</value>
<value instanceof="32">
<![CDATA[ Color; region 1 encoding; interactive menus; scene access; enhanced for 16x9 TVs; audio commentary by director Edward Zwick; TV spots; making-of featurette; theatrical trailer(s)]]>
</value>
<value instanceof="33">
<value instanceof="16">
</value>
</value>
<value instanceof="35">
<![CDATA[ <br> </br>]]>
</value>
<value instanceof="44">
<![CDATA[ <p> <hr> </hr> <a> </a> <font> <b> Synopsis </b> </font> </p> January 1991. Millions tune in to CNN to see a real life and death drama in the Gulf War. As the U.S. Forces take a starring role, the P.R. department at the White House is working overtime. What they're looking for is a hero. What they find is a scandal. In a desperate race against time, one troubled soldier struggles to uncover the truth. <p>   See movie reviews below. <p>   <b> About the DVD: </b> The commentary track for Courage Under Fire is devoted to director Edward Zwick's recollections. Having cut his directing teeth on the Civil War drama Glory, Zwick is no stranger to battle scenes and addresses at length the challenges of coordinating Courage Under Fire's Desert Storm scenes. <p>  ]]>
</value>
<value instanceof="45">
<![CDATA[ <a href ='http://www.netflix.com/RoleDisplay?personid=20009065'> Michael Moriarty </a> , <a href ='http://www.netflix.com/RoleDisplay?personid=97478'> Denzel Washington </a> , <a href ='http://www.netflix.com/RoleDisplay?personid=81062'> Meg Ryan </a> , <a href ='http://www.netflix.com/RoleDisplay?personid=73362'> Lou Diamond Phillips </a> , <a href ='http://www.netflix.com/RoleDisplay?personid=20002120'> Matt Damon </a> , <a href ='http://www.netflix.com/RoleDisplay?personid=73736'> Bronson Pinchot </a> , <a href ='http://www.netflix.com/RoleDisplay?personid=20017122'> Seth Gilliam </a> , <a href ='http://www.netflix.com/RoleDisplay?personid=20009066'> Regina Taylor </a> , <a href ='http://www.netflix.com/RoleDisplay?personid=20002636'> Zeljko Ivanek </a> , <a href ='http://www.netflix.com/RoleDisplay?personid=35037'> Scott Glenn </a> , <a href ='http://www.netflix.com/RoleDisplay?personid=37757'> Tim Guinee </a> , <a href ='http://www.netflix.com/RoleDisplay?personid=20017123'> Tim Ransom </a> , <a href ='http://www.netflix.com/RoleDisplay?personid=3553'> Sean Astin </a> , <a href ='http://www.netflix.com/RoleDisplay?personid=20017124'> Armand Darrius </a> , <a href ='http://www.netflix.com/RoleDisplay?personid=20017125'> Ned Vaughn </a> , <a href ='http://www.netflix.com/RoleDisplay?personid=20017126'> Manny Perez </a> , <a href ='http://www.netflix.com/RoleDisplay?personid=20017127'> David McSwain </a> , <a href ='http://www.netflix.com/RoleDisplay?personid=20009924'> Sean Patrick Thomas </a> <p>  ]]>
</value>
<value instanceof="46">
<![CDATA[ Halls of Montezuma]]>
</value>
<value instanceof="47">
<![CDATA[ Director Lewis Milestone traces the fate of a Marine platoon in the Pacific theater during WWII.]]>
</value>
<value instanceof="48">
<![CDATA[ NR]]>
</value>
<value instanceof="49">
<![CDATA[ (1950)]]>
</value>
<value instanceof="50">
<![CDATA[ Guadalcanal Diary]]>
</value>
<value instanceof="51">
<![CDATA[ This strikingly realistic film follows a devoted platoon of Marines through the terrors of war in the South Pacific. These brave soldiers battle disease, treacherous terrain and unrelenting weather, as well as a human enemy.]]>
</value>
<value instanceof="52">
<![CDATA[ NR]]>
</value>
<value instanceof="53">
<![CDATA[ (1943)]]>
</value>
<value instanceof="54">
<![CDATA[ Cadence]]>
</value>
<value instanceof="55">
<![CDATA[ A rebellious young white man must earn the respect of his African-American peers in an Army Stockade under the command of a prejudiced Military warden.]]>
</value>
<value instanceof="56">
<![CDATA[ PG-13]]>
</value>
<value instanceof="57">
<![CDATA[ (1991)]]>
</value>
<value instanceof="58">
<![CDATA[ Soldier of Fortune]]>
</value>
<value instanceof="59">
<![CDATA[ In a world where governments engage in secret wars and illegal activities, there is one group that can maintain the world's balance of power and protect the security of every individual.]]>
</value>
<value instanceof="60">
<![CDATA[ R]]>
</value>
<value instanceof="61">
<![CDATA[ (1998)]]>
</value>
<value instanceof="65">
</value>
<value instanceof="66">
<![CDATA[ 4]]>
</value>
<value instanceof="67">
<value instanceof="12">
<value instanceof="11">
<![CDATA[ <p>   <a> </a> <table> <tr> <td> </td> <td> <font> <i> MK from WA 2 </i> <font> <br> </br> ( <a> Read more about me ... </a> ) </font> </font> </td> <td> &nbsp; <font> <b> 4 </b> out of <b> 5 </b> people found this review helpful. </font> </td> </tr> </table> <font> ...of a wholly and honestly strong female character under pressure from both the military and the war situation in which she and her crew are encompassed. Especially wonderful is Denzel Washington, the investigator of the posthumous candidate for a medal of honor. Both Washington and Ryan do their ... <a> Complete Review </a> </font> <table> <tr> <td> </td> </tr> </table> I found this review &nbsp; <p>   <a> </a> <table> <tr> <td> </td> <td> <font> <i> Shelly Burt </i> </font> </td> <td> </td> </tr> </table> <font> I just want to point out one thing. I'm not a huge fan of Military-type movies at all, but this movie is one of THE BEST movies ever made! I truly loved it! All of the actors/actresses were wonderful! I highly recommend it...oh, and don't forget to have the tissues close at hand! =) </font> <table> <tr> <td> </td> </tr> </table> I found this review &nbsp; <p>   <a> </a> <table> <tr> <td> </td> <td> <font> <i> RN from AL </i> <font> <br> </br> ( <a> Read more about me ... </a> ) </font> </font> </td> <td> </td> </tr> </table> <font> Meg Ryan&#8217;s &#8220;Southern&#8221; accent is indeed atrocious in this film, but wow...what a great movie. </font> <table> <tr> <td> </td> </tr> </table> I found this review &nbsp; <p>   &nbsp;]]>
</value>
</value>
<value instanceof="14">
</value>
<value instanceof="12">
<value instanceof="11">
<![CDATA[ <p>   <a> </a> <table> <tr> <td> </td> <td> <font> <i> JP from UT </i> <font> <br> </br> ( <a> Read more about me ... </a> ) </font> </font> </td> <td> &nbsp; <font> <b> 1 </b> out of <b> 6 </b> people found this review helpful. </font> </td> </tr> </table> <font> The folks making movies like _Magnolia_ and _American Beauty_ orta be tied to a chair and forced to watch _Courage Under Fire_ over and over again until they understand that there ARE good guys in the world. </font> <table> <tr> <td> </td> </tr> </table> I found this review &nbsp; <p>  ]]>
</value>
</value>
</value>
</value>

