<value instanceof="68">
<value instanceof="17">
<![CDATA[ John Thaw as Inspector Morse: Last Seen Wearing]]>
</value>
<value instanceof="18">
<![CDATA[ (2000)]]>
</value>
<value instanceof="19">
<![CDATA[ <br>  ]]>
</value>
<value instanceof="20">
<![CDATA[]]>
</value>
<value instanceof="22">
</value>
<value instanceof="23">
<![CDATA[ <a href ='http://www.netflix.com/RoleDisplay?personid=20001561'> John Thaw </a> , <a href ='http://www.netflix.com/RoleDisplay?personid=20000309'> Elizabeth Hurley </a> , <a href ='/MovieDisplay?movieid=60004391&trkid=4368#cast'> More </a>]]>
</value>
<value instanceof="24">
<![CDATA[ <a href ='http://www.netflix.com/RoleDisplay?personid=20018489'> Roy Battersby </a> , <a href ='http://www.netflix.com/RoleDisplay?personid=20018490'> Charles Beeson </a>]]>
</value>
<value instanceof="25">
<![CDATA[ 102 minutes]]>
</value>
<value instanceof="26">
<![CDATA[ NR]]>
</value>
<value instanceof="27">
<![CDATA[ Foreign]]>
</value>
<value instanceof="28">
<![CDATA[ Full Screen]]>
</value>
<value instanceof="29">
<![CDATA[]]>
</value>
<value instanceof="30">
<![CDATA[ 3.6]]>
</value>
<value instanceof="31">
<![CDATA[ (257]]>
</value>
<value instanceof="32">
<![CDATA[ Color; no region code; interactive menus; scene access.]]>
</value>
<value instanceof="33">
</value>
<value instanceof="35">
<![CDATA[ <br> </br>]]>
</value>
<value instanceof="44">
<![CDATA[ <p> <hr> </hr> <a> </a> <font> <b> Synopsis </b> </font> </p> Catch the Inspector who has attracted millions of viewers worldwide in a special episode starring Elizabeth Hurley and Julia Sawalha. The unbeatable Inspector returns when a schoolgirl from a wealthy family goes missing. Morse is convinced she has been murdered and his investigations reveal that there is more going on at her exclusive school than meets the eye. However, before he has unravelled the mystery, he finds another murder on his hands. <p>   See movie reviews below. <p>  ]]>
</value>
<value instanceof="45">
<![CDATA[ <a href ='http://www.netflix.com/RoleDisplay?personid=20001561'> John Thaw </a> , <a href ='http://www.netflix.com/RoleDisplay?personid=20000309'> Elizabeth Hurley </a> , <a href ='http://www.netflix.com/RoleDisplay?personid=20004092'> Julia Sawalha </a> <p>  ]]>
</value>
<value instanceof="46">
<![CDATA[ Fail-Safe]]>
</value>
<value instanceof="47">
<![CDATA[ Director Sidney Lumet transforms the doomsday scenario played for laughs in Dr. Strangelove into a taut thriller. When a computer glitch sends a bomber crew on a suicide mission to Moscow, the U.S. president (Henry Fonda) agonizes over how to stop it. Will Fonda tell the Russians to shoot down the plane? Global thermonuclear war may hinge on his decision.]]>
</value>
<value instanceof="48">
<![CDATA[ NR]]>
</value>
<value instanceof="49">
<![CDATA[ (1964)]]>
</value>
<value instanceof="50">
<![CDATA[ A Passage to India]]>
</value>
<value instanceof="51">
<![CDATA[ Based on E.M. Forster's classic novel, this film is a deeply personal story of love and class struggle in 1928 India. Adela Quested (Judy Davis) travels to India to visit her fianc&#233;, who is the city magistrate of Chandrapore.]]>
</value>
<value instanceof="52">
<![CDATA[ PG]]>
</value>
<value instanceof="53">
<![CDATA[ (1984)]]>
</value>
<value instanceof="54">
<![CDATA[ Get Carter]]>
</value>
<value instanceof="55">
<![CDATA[ Double Academy Award winner Michael Caine plays the relentless Jack Carter, an ice-cold, efficiently lethal London mobster investigating his brother's death in the seedy Newcastle underworld.]]>
</value>
<value instanceof="56">
<![CDATA[ R]]>
</value>
<value instanceof="57">
<![CDATA[ (1971)]]>
</value>
<value instanceof="58">
<![CDATA[ Gallipoli]]>
</value>
<value instanceof="59">
<![CDATA[ Two young men in the Australia army become part of a legendary WWl confrontation between Australia and the German allied Turks. It's Australia's Alamo. Director Peter Weir's first major film.]]>
</value>
<value instanceof="60">
<![CDATA[ PG]]>
</value>
<value instanceof="61">
<![CDATA[ (1981)]]>
</value>
<value instanceof="65">
</value>
<value instanceof="66">
<![CDATA[ 3]]>
</value>
<value instanceof="67">
<value instanceof="12">
<value instanceof="11">
<![CDATA[ <p>   <a> </a> <table> <tr> <td> </td> <td> <font> <i> HC from NJ </i> <font> <br> </br> ( <a> Read more about me ... </a> ) </font> </font> </td> <td> &nbsp; <font> <b> 4 </b> out of <b> 6 </b> people found this review helpful. </font> </td> </tr> </table> <font> I gave the movie (a TV movie from the U.K.) 3 stars. Starting it we realized we had already seen in on PBS. However after watching several minutes I couldn't believe what I was seening. This is the worse transfer to DVD I've ever seen. Horrible picture with incredible grain--and worse. It's the ... <a> Complete Review </a> </font> <table> <tr> <td> </td> </tr> </table> I found this review &nbsp; <p>   <a> </a> <table> <tr> <td> </td> <td> <font> <i> LS from NC </i> <font> <br> </br> ( <a> Read more about me ... </a> ) </font> </font> </td> <td> &nbsp; <font> <b> 1 </b> out of <b> 2 </b> people found this review helpful. </font> </td> </tr> </table> <font> If you like John Thaw as Inspector Morse, you'll want to see this movie. It dates from the late 1980's, when Morse was acerbic, biting, even nasty, especially with the hapless Sergeant Lewis, before his character mellowed to some extent. This film proves that Morse can be wrong, admit it, and then ... <a> Complete Review </a> </font> <table> <tr> <td> </td> </tr> </table> I found this review &nbsp; <p>   <a> </a> <table> <tr> <td> </td> <td> <font> <i> AA from MI 4 </i> <font> <br> </br> ( <a> Read more about me ... </a> ) </font> </font> </td> <td> &nbsp; <font> <b> 3 </b> out of <b> 10 </b> people found this review helpful. </font> </td> </tr> </table> <font> It's too bad one star is the lowest rating. Dry and boring. And to top it off, it isn't a new movie starring Elizabeth Hurley. It is a ten year-old film with just a few moments of a very young, almost unrecognizable Elizabeth Hurley. A great letdown. Don't waste your time! </font> <table> <tr> <td> </td> </tr> </table> I found this review &nbsp; <p>  ]]>
</value>
</value>
</value>
</value>

