<value instanceof="68">
<value instanceof="17">
<![CDATA[ Enemy at the Gates]]>
</value>
<value instanceof="18">
<![CDATA[ (2001)]]>
</value>
<value instanceof="19">
<![CDATA[ <br>  ]]>
</value>
<value instanceof="20">
<![CDATA[ English (Dolby Digital 5.1), French (Dolby Digital 5.1)]]>
</value>
<value instanceof="22">
<value instanceof="21">
</value>
</value>
<value instanceof="23">
<![CDATA[ <a href ='http://www.netflix.com/RoleDisplay?personid=191815'> Jude Law </a> , <a href ='http://www.netflix.com/RoleDisplay?personid=14556008'> Joseph Fiennes </a> , <a href ='/MovieDisplay?movieid=60004450&trkid=4368#cast'> More </a>]]>
</value>
<value instanceof="24">
<![CDATA[ <a href ='http://www.netflix.com/RoleDisplay?personid=2531'> Jean-Jacques Annaud </a>]]>
</value>
<value instanceof="25">
<![CDATA[ 131 minutes]]>
</value>
<value instanceof="26">
<![CDATA[ R]]>
</value>
<value instanceof="27">
<![CDATA[ Drama]]>
</value>
<value instanceof="28">
<![CDATA[ Widescreen]]>
</value>
<value instanceof="29">
<![CDATA[ English]]>
</value>
<value instanceof="30">
<![CDATA[ 3.8]]>
</value>
<value instanceof="31">
<![CDATA[ (13,873]]>
</value>
<value instanceof="32">
<![CDATA[ Color; interactive menus; scene access; trailer; deleted scenes; making-of featurette; cast and crew interview]]>
</value>
<value instanceof="33">
</value>
<value instanceof="35">
<![CDATA[ <br> </br> <a> <img> </img> </a> <a> Netflix Review </a> <br> </br> <a> <img> </img> </a> <a> Official Movie Site </a> <br> </br>]]>
</value>
<value instanceof="44">
<![CDATA[ <p> <hr> </hr> <a> </a> <font> <b> Synopsis </b> </font> </p> Inspired by a true story and set against the siege of Stalingrad during World War II, this is the epic tale of a young Russian sharpshooter, Vassili, who becomes a legend when a savvy political officer makes him the hero of his propaganda campaign. Their friendship is threatened when both men fall in love with a beautiful female soldier. As the battle for the city rages, Vassili faces his ultimate challenge when the Nazi command dispatches its most elite marksman to hunt down and kill the man who has become the hope of all Russia. Their fierce and astonishing duel will help shape the course of history. <p>   See movie reviews below. <p>  ]]>
</value>
<value instanceof="45">
<![CDATA[ <a href ='http://www.netflix.com/RoleDisplay?personid=191815'> Jude Law </a> , <a href ='http://www.netflix.com/RoleDisplay?personid=14556008'> Joseph Fiennes </a> , <a href ='http://www.netflix.com/RoleDisplay?personid=179894'> Rachel Weisz </a> , <a href ='http://www.netflix.com/RoleDisplay?personid=43017'> Bob Hoskins </a> , <a href ='http://www.netflix.com/RoleDisplay?personid=39559'> Ed Harris </a> , <a href ='http://www.netflix.com/RoleDisplay?personid=72742'> Ron Perlman </a> , <a href ='http://www.netflix.com/RoleDisplay?personid=20019125'> Gabriel Thomson </a> , <a href ='http://www.netflix.com/RoleDisplay?personid=20006811'> Eva Mattes </a> , <a href ='http://www.netflix.com/RoleDisplay?personid=20019126'> Matthias Habich </a> , <a href ='http://www.netflix.com/RoleDisplay?personid=20002644'> Sophie Rois </a> , <a href ='http://www.netflix.com/RoleDisplay?personid=20016817'> Dan van Husen </a> , <a href ='http://www.netflix.com/RoleDisplay?personid=20019127'> Hans Martin Stier </a> , <a href ='http://www.netflix.com/RoleDisplay?personid=20019128'> Robert Stadlober </a> , <a href ='http://www.netflix.com/RoleDisplay?personid=20019129'> Dana Cebulla </a> <p>  ]]>
</value>
<value instanceof="46">
<![CDATA[ Pups]]>
</value>
<value instanceof="47">
<![CDATA[ A moment of boredom erupts into a firestorm of breathtaking intensity when two confused kids find a .45 Magnum and impulsively rob a bank. As their innocent "game" explodes into a rampage, they become the objects of a terrifying standoff.]]>
</value>
<value instanceof="48">
<![CDATA[ R]]>
</value>
<value instanceof="49">
<![CDATA[ (1999)]]>
</value>
<value instanceof="50">
<![CDATA[ Halls of Montezuma]]>
</value>
<value instanceof="51">
<![CDATA[ Director Lewis Milestone traces the fate of a Marine platoon in the Pacific theater during WWII.]]>
</value>
<value instanceof="52">
<![CDATA[ NR]]>
</value>
<value instanceof="53">
<![CDATA[ (1950)]]>
</value>
<value instanceof="54">
<![CDATA[ MacArthur]]>
</value>
<value instanceof="55">
<![CDATA[ The life-story of General Douglas MacArthur begins in 1942 during the war. We follow him through his Presidential ambtions and his return to war in Korea.]]>
</value>
<value instanceof="56">
<![CDATA[ PG]]>
</value>
<value instanceof="57">
<![CDATA[ (1977)]]>
</value>
<value instanceof="58">
<![CDATA[ Soldier of Fortune]]>
</value>
<value instanceof="59">
<![CDATA[ In a world where governments engage in secret wars and illegal activities, there is one group that can maintain the world's balance of power and protect the security of every individual.]]>
</value>
<value instanceof="60">
<![CDATA[ R]]>
</value>
<value instanceof="61">
<![CDATA[ (1998)]]>
</value>
<value instanceof="65">
<value instanceof="64">
<value instanceof="62">
<![CDATA[ Tom Johnson]]>
</value>
<value instanceof="63">
<![CDATA[ I didn't think it possible. World War II's turning point -- the heroic, bloody five-month siege of Stalingrad -- becomes little more than twisted and crumbling set dressing for a half-baked romance paler than a Ukrainian conscript who's lost a pint of blood. In the hands of director Jean-Jacques ... <a> Complete Review </a>]]>
</value>
</value>
</value>
<value instanceof="66">
<![CDATA[ 87]]>
</value>
<value instanceof="67">
<value instanceof="12">
<value instanceof="11">
<![CDATA[ <p>   <a> </a> <table> <tr> <td> </td> <td> <font> <i> GD from CO </i> <font> <br> </br> ( <a> Read more about me ... </a> ) </font> </font> </td> <td> &nbsp; <font> <b> 33 </b> out of <b> 35 </b> people found this review helpful. </font> </td> </tr> </table> <font> You don't see enough good war movies these days. The cinematography and special effects of the burned out city were fantastic. The story was a bit shallow, but the performances were strong. I was expecting much worse based on reviews I had read, but I was pleasantly surprised.. </font> <table> <tr> <td> </td> </tr> </table> I found this review &nbsp; <p>   <a> </a> <table> <tr> <td> </td> <td> <font> <i> Gregory Shelton </i> </font> </td> <td> &nbsp; <font> <b> 35 </b> out of <b> 46 </b> people found this review helpful. </font> </td> </tr> </table> <font> The only film thats made me return to the thearter 4 times to see this dramatic story. I love the fact that the two snipers going head to head against each other are oblivious to the war going on around them. If I could rate this a 6, I would. Don't miss this movie. </font> <table> <tr> <td> </td> </tr> </table> I found this review &nbsp; <p>   <a> </a> <table> <tr> <td> </td> <td> <font> <i> LF from OH </i> <font> <br> </br> ( <a> Read more about me ... </a> ) </font> </font> </td> <td> &nbsp; <font> <b> 30 </b> out of <b> 39 </b> people found this review helpful. </font> </td> </tr> </table> <font> This movie kept me on the edge of my seat. This movie was so good I saw it tiwce and I never wanted the movie to end. Awesome!!!!! </font> <table> <tr> <td> </td> </tr> </table> I found this review &nbsp; <p>   &nbsp;]]>
</value>
</value>
<value instanceof="14">
</value>
<value instanceof="12">
<value instanceof="11">
<![CDATA[ <p>   <a> </a> <table> <tr> <td> </td> <td> <font> <i> Nick </i> </font> </td> <td> </td> </tr> </table> <font> I thought this wasnt a bad flick for a war movie. Couple mistakes here and there with the bolt action rifle. But not bad at all.. I recomend this film. Even though the real Vassili wasn't a good looking guy he ended up being a short fat guy.... They just put Jude Law so the girls can take a look ... <a> Complete Review </a> </font> <table> <tr> <td> </td> </tr> </table> I found this review &nbsp; <p>   <a> </a> <table> <tr> <td> </td> <td> <font> <i> Krishna Gadepalli </i> </font> </td> <td> </td> </tr> </table> <font> Very contirved story.. very unconvincing acting.. totally a B-Grade war-movie flick. </font> <table> <tr> <td> </td> </tr> </table> I found this review &nbsp; <p>   <a> </a> <table> <tr> <td> </td> <td> <font> <i> Mary Navarro </i> </font> </td> <td> &nbsp; <font> <b> 1 </b> out of <b> 1 </b> people found this review helpful. </font> </td> </tr> </table> <font> Our family enjoyed this movie ver much. We see so much these days about the American, British, and French involvement in WWII. This is the best depiction of the involvement and suffering of the Russian people that I have ever seen. What a horrible, horrible war it was. </font> <table> <tr> <td> </td> </tr> </table> I found this review &nbsp; <p>   <table> <tr> <td> <a> <font> <b> See All Customer Reviews </b> </font> </a> </td> </tr> </table>]]>
</value>
</value>
</value>
</value>

