<value instanceof="68">
<value instanceof="17">
<![CDATA[ Pearl Harbor]]>
</value>
<value instanceof="18">
<![CDATA[ (2001)]]>
</value>
<value instanceof="19">
<![CDATA[ <br>  ]]>
</value>
<value instanceof="20">
<![CDATA[ English (DTS 5.1 Surround), English (Dolby Digital 5.1)]]>
</value>
<value instanceof="22">
<value instanceof="21">
</value>
</value>
<value instanceof="23">
<![CDATA[ <a href ='http://www.netflix.com/RoleDisplay?personid=20000016'> Ben Affleck </a> , <a href ='http://www.netflix.com/RoleDisplay?personid=16957262'> Josh Hartnett </a> , <a href ='/MovieDisplay?movieid=60004468&trkid=4368#cast'> More </a>]]>
</value>
<value instanceof="24">
<![CDATA[ <a href ='http://www.netflix.com/RoleDisplay?personid=168103'> Michael Bay </a>]]>
</value>
<value instanceof="25">
<![CDATA[ 183 minutes]]>
</value>
<value instanceof="26">
<![CDATA[ PG-13]]>
</value>
<value instanceof="27">
<![CDATA[ Action & Adventure]]>
</value>
<value instanceof="28">
<![CDATA[ Widescreen Anamorphic]]>
</value>
<value instanceof="29">
<![CDATA[ English, Spanish]]>
</value>
<value instanceof="30">
<![CDATA[ 3.7]]>
</value>
<value instanceof="31">
<![CDATA[ (61,047]]>
</value>
<value instanceof="32">
<![CDATA[ Color; interactive menus; scene access; introduction by director Michael Bay; documentary on Pearl Harbor veterans returning to the U.S.S. Arizona Memorial; documentary on on the real attack and the unsung heroes; Faith Hill's music video "There You'll Be"; cast interviews.]]>
</value>
<value instanceof="33">
</value>
<value instanceof="35">
<![CDATA[ <br> </br> <a> <img> </img> </a> <a> Netflix Review </a> <br> </br> <a> <img> </img> </a> <a> Official Movie Site </a> <br> </br>]]>
</value>
<value instanceof="44">
<![CDATA[ <p> <hr> </hr> <a> </a> <font> <b> Synopsis </b> </font> </p> Please note that the conclusion of this film and the bonus features are on a second disc. Both discs will be shipped to you simultaneously. <p>   Director Michael Bay gives FDR's "date that will live in infamy" epic scope. Two daring young pilots, Rafe McCawley (Ben Affleck) and Danny Walker (Josh Hartnett) vie for the affections of comely Army nurse Evelyn Stewart (Kate Beckinsale). But their love has only just begun to bloom when their personal destinies -- and that of a world on the brink of war -- intervene. <p>   The will romance that will tug your heartstrings and the combat sequences are stunning; the attack on December 7th - an impressive mix of live action and CGI will have you battening down the hatches. <p>   See movie reviews below. <p>   <b> About the DVD: </b> The Japanese attack contains bona fide jolts -- such as a bomb's-eye view of the ordnance that crashes through three decks of the battleship Arizona before exploding and rending the warship in two. And get ready for some queasy moments as pilots Ben Affleck and Josh Hartnett trade machine-gun bursts with spiraling Zeros in the skies above a burning Battleship Row. <p>  ]]>
</value>
<value instanceof="45">
<![CDATA[ <a href ='http://www.netflix.com/RoleDisplay?personid=20000016'> Ben Affleck </a> , <a href ='http://www.netflix.com/RoleDisplay?personid=16957262'> Josh Hartnett </a> , <a href ='http://www.netflix.com/RoleDisplay?personid=6482'> Kate Beckinsale </a> , <a href ='http://www.netflix.com/RoleDisplay?personid=35668'> Cuba Gooding Jr. </a> , <a href ='http://www.netflix.com/RoleDisplay?personid=20000395'> Tom Sizemore </a> , <a href ='http://www.netflix.com/RoleDisplay?personid=96151'> Jon Voight </a> , <a href ='http://www.netflix.com/RoleDisplay?personid=29549'> Colm Feore </a> , <a href ='http://www.netflix.com/RoleDisplay?personid=4646'> Alec Baldwin </a> , <a href ='http://www.netflix.com/RoleDisplay?personid=20017882'> Andrew Bryniarski </a> , <a href ='http://www.netflix.com/RoleDisplay?personid=20027759'> Greg Baine </a> , <a href ='http://www.netflix.com/RoleDisplay?personid=20027760'> Garret Sato </a> , <a href ='http://www.netflix.com/RoleDisplay?personid=20011775'> Tomas Arana </a> , <a href ='http://www.netflix.com/RoleDisplay?personid=4025'> Dan Aykroyd </a> , <a href ='http://www.netflix.com/RoleDisplay?personid=20015471'> Matthew Davis </a> , <a href ='http://www.netflix.com/RoleDisplay?personid=29825'> William Fichtner </a> , <a href ='http://www.netflix.com/RoleDisplay?personid=30213'> Peter Firth </a> , <a href ='http://www.netflix.com/RoleDisplay?personid=20005311'> Paul Francis </a> , <a href ='http://www.netflix.com/RoleDisplay?personid=191679'> Jennifer Garner </a> , <a href ='http://www.netflix.com/RoleDisplay?personid=36395'> Beth Grant </a> , <a href ='http://www.netflix.com/RoleDisplay?personid=20006810'> Catherine Kellner </a> , <a href ='http://www.netflix.com/RoleDisplay?personid=20019115'> James King </a> , <a href ='http://www.netflix.com/RoleDisplay?personid=20001248'> Mako </a> , <a href ='http://www.netflix.com/RoleDisplay?personid=164982'> Leland Orser </a> , <a href ='http://www.netflix.com/RoleDisplay?personid=192065'> William Lee Scott </a> , <a href ='http://www.netflix.com/RoleDisplay?personid=42097'> Cary-Hiroyuki Tagawa </a> , <a href ='http://www.netflix.com/RoleDisplay?personid=20005138'> Guy Torry </a> , <a href ='http://www.netflix.com/RoleDisplay?personid=20018149'> Scott Wiper </a> <p>  ]]>
</value>
<value instanceof="46">
<![CDATA[ Men of Honor]]>
</value>
<value instanceof="47">
<![CDATA[ Against formidable odds, Carl Brashear (Cuba Gooding Jr.) sets his sights on becoming the U.S. Navy's first African-American master diver in this uplifting true story. Brashear's biggest obstacle? Leslie Sunday (Robert De Niro), an old-school diving instructor embittered by the Navy's new, less prejudicial policies. Ultimately, fate conspires to bring the men together into a setting of mutual respect, triumph &#8230; and honor.]]>
</value>
<value instanceof="48">
<![CDATA[ R]]>
</value>
<value instanceof="49">
<![CDATA[ (2000)]]>
</value>
<value instanceof="50">
<![CDATA[ The Patriot]]>
</value>
<value instanceof="51">
<![CDATA[ Benjamin Martin (Mel Gibson) is reluctantly swept into the American Revolution when the war reaches his farm and the British endanger what he cherishes most.]]>
</value>
<value instanceof="52">
<![CDATA[ R]]>
</value>
<value instanceof="53">
<![CDATA[ (2000)]]>
</value>
<value instanceof="54">
<![CDATA[ Entrapment]]>
</value>
<value instanceof="55">
<![CDATA[ It's easy to get immersed in this intoxicating thriller that features more high-tech gizmos than you'd probably find in Bill Gates' attic. Sean Connery stars as a retired master thief implicated in a major art burglary. Catherine Zeta-Jones is the investigator sent to track him down. They join forces for a millennial heist that'll have you clutching your recliner's arms.]]>
</value>
<value instanceof="56">
<![CDATA[ PG-13]]>
</value>
<value instanceof="57">
<![CDATA[ (1999)]]>
</value>
<value instanceof="58">
<![CDATA[ Vertical Limit]]>
</value>
<value instanceof="59">
<![CDATA[ Trapped near the summit of K2, the world's second-highest mountain, Annie Garrett (Robin Tunney) radios to base camp for help. Brother Peter (Chris O'Donnell) hears Annie's message and assembles a team to save her and her group before they succumb to K2's unforgiving elements. But the rescuers face several terrifying events that could end the rescue attempt &#8230; and their lives.]]>
</value>
<value instanceof="60">
<![CDATA[ PG-13]]>
</value>
<value instanceof="61">
<![CDATA[ (2000)]]>
</value>
<value instanceof="65">
<value instanceof="64">
<value instanceof="62">
<![CDATA[ Tom Johnson]]>
</value>
<value instanceof="63">
<![CDATA[ Two things are certain about Pearl Harbor, producer Jerry Bruckheimer and director Michael Bay's $140-million epic sprawl about the sanguine December day when America entered World War II. First, the film had a huge opening weekend; second, that box office surfeit can't cloud the fact that this ... <a> Complete Review </a>]]>
</value>
</value>
</value>
<value instanceof="66">
<![CDATA[ 616]]>
</value>
<value instanceof="67">
<value instanceof="12">
<value instanceof="11">
<![CDATA[ <p>   <a> </a> <table> <tr> <td> </td> <td> <font> <i> AS from NY </i> <font> <br> </br> ( <a> Read more about me ... </a> ) </font> </font> </td> <td> &nbsp; <font> <b> 129 </b> out of <b> 233 </b> people found this review helpful. </font> </td> </tr> </table> <font> I've read the previous negative reviews, and I must say, I strongly disagree. I felt that this movie had everything. The love trangle grabs your attention in the beginning of the movie and stays in your mind throughout the battle scenes, while you're wondering who's going to live through the ... <a> Complete Review </a> </font> <table> <tr> <td> </td> </tr> </table> I found this review &nbsp; <p>   <a> </a> <table> <tr> <td> </td> <td> <font> <i> JB from KS 3 </i> <font> <br> </br> ( <a> Read more about me ... </a> ) </font> </font> </td> <td> &nbsp; <font> <b> 81 </b> out of <b> 145 </b> people found this review helpful. </font> </td> </tr> </table> <font> once again holltwood insults John Q. Public's intelligence, the truth is im not very bright but i know enough to understand how tragic the eventsof pearl harbor were and this movie is a great injustice to those who died because it shows there deaths as a back story to a cheesy love story which is ... <a> Complete Review </a> </font> <table> <tr> <td> </td> </tr> </table> I found this review &nbsp; <p>   <a> </a> <table> <tr> <td> </td> <td> <font> <i> wEEpstah </i> <font> <br> </br> ( <a> Read more about me ... </a> ) </font> </font> </td> <td> &nbsp; <font> <b> 22 </b> out of <b> 32 </b> people found this review helpful. </font> </td> </tr> </table> <font> I thought this might be ok since it had some pretty funny scenes in the beginning. Unfortunately, it really declined after that. I found the actual Pearl Harbor attack scenes only somewhat interesting. They were too sanitized and, of course, our heroes manage to be the only ones who actually ... <a> Complete Review </a> </font> <table> <tr> <td> </td> </tr> </table> I found this review &nbsp; <p>   &nbsp;]]>
</value>
</value>
<value instanceof="14">
</value>
<value instanceof="12">
<value instanceof="11">
<![CDATA[ <p>   <a> </a> <table> <tr> <td> </td> <td> <font> <i> Yvonne McDermott </i> </font> </td> <td> </td> </tr> </table> <font> A must see for history buffs. This movie had me saying oh my god. Great visual affects. DVD has great-added features. The movie is relay historically on the nose. </font> <table> <tr> <td> </td> </tr> </table> I found this review &nbsp; <p>   <a> </a> <table> <tr> <td> </td> <td> <font> <i> Chris Jasmer </i> </font> </td> <td> </td> </tr> </table> <font> This movie should be cut to the 40-45 minute of the attack (which was awesome). I really didn't like the lead guys doing everything in the first 2 yrs of the pac theater. It an EPIC story that requires many characters to pull off....see A brigde to far, big red one, and the longest day. </font> <table> <tr> <td> </td> </tr> </table> I found this review &nbsp; <p>   <a> </a> <table> <tr> <td> </td> <td> <font> <i> Leonard Robertson </i> </font> </td> <td> </td> </tr> </table> <font> It was better than most made for TV movies but not quite the Epic all the Hipe tried to make it out to be. </font> <table> <tr> <td> </td> </tr> </table> I found this review &nbsp; <p>   <table> <tr> <td> <a> <font> <b> See All Customer Reviews </b> </font> </a> </td> </tr> </table>]]>
</value>
</value>
</value>
</value>

