<value instanceof="68">
<value instanceof="17">
<![CDATA[ Beverly Hills Cop]]>
</value>
<value instanceof="18">
<![CDATA[ (1984)]]>
</value>
<value instanceof="19">
<![CDATA[ <br>  ]]>
</value>
<value instanceof="20">
<![CDATA[ English (Dolby Digital 2.0 Surround), English (Dolby Digital 5.1), French (Dolby Digital 2.0 Stereo)]]>
</value>
<value instanceof="22">
</value>
<value instanceof="23">
<![CDATA[ <a href ='http://www.netflix.com/RoleDisplay?personid=66658'> Eddie Murphy </a> , <a href ='http://www.netflix.com/RoleDisplay?personid=77253'> Judge Reinhold </a> , <a href ='/MovieDisplay?movieid=60010139&trkid=4368#cast'> More </a>]]>
</value>
<value instanceof="24">
<![CDATA[ <a href ='http://www.netflix.com/RoleDisplay?personid=11090'> Martin Brest </a>]]>
</value>
<value instanceof="25">
<![CDATA[ 105 minutes]]>
</value>
<value instanceof="26">
<![CDATA[ R]]>
</value>
<value instanceof="27">
<![CDATA[ Comedy]]>
</value>
<value instanceof="28">
<![CDATA[ Widescreen Anamorphic]]>
</value>
<value instanceof="29">
<![CDATA[ English]]>
</value>
<value instanceof="30">
<![CDATA[ 3.7]]>
</value>
<value instanceof="31">
<![CDATA[ (5,551]]>
</value>
<value instanceof="32">
<![CDATA[ Color; interactive menus; scene access; audio commentary by director Martin Brest; new restrospective cast & crew interviews; casting featurette; trailer; location map; photo gallery.]]>
</value>
<value instanceof="33">
</value>
<value instanceof="35">
<![CDATA[ <br> </br> <a> <img> </img> </a> <a> Awards </a> <br> </br>]]>
</value>
<value instanceof="44">
<![CDATA[ <p> <hr> </hr> <a> </a> <font> <b> Synopsis </b> </font> </p> Axel Foley is a brash, street-smart Detroit detective, who follows the trail of a friend's murderer to the posh surroundings of Beverly Hills. Before Axel gets his man, he gets up to his neck in an international network of smugglers and drug peddlers. <p>   See movie reviews below. <p>  ]]>
</value>
<value instanceof="45">
<![CDATA[ <a href ='http://www.netflix.com/RoleDisplay?personid=66658'> Eddie Murphy </a> , <a href ='http://www.netflix.com/RoleDisplay?personid=77253'> Judge Reinhold </a> , <a href ='http://www.netflix.com/RoleDisplay?personid=3462'> John Ashton </a> , <a href ='http://www.netflix.com/RoleDisplay?personid=20019470'> Lisa Eilbacher </a> , <a href ='http://www.netflix.com/RoleDisplay?personid=20056'> Ronny Cox </a> , <a href ='http://www.netflix.com/RoleDisplay?personid=20001848'> Steven Berkoff </a> , <a href ='http://www.netflix.com/RoleDisplay?personid=80930'> James Russo </a> , <a href ='http://www.netflix.com/RoleDisplay?personid=4876'> Jonathan Banks </a> , <a href ='http://www.netflix.com/RoleDisplay?personid=27634'> Stephen Elliott </a> <p>  ]]>
</value>
<value instanceof="46">
<![CDATA[ Beverly Hills Cop II]]>
</value>
<value instanceof="47">
<![CDATA[ Eddie Murphy is cool as ever in this sizzling, smash-hit sequel to Beverly Hills Cop.]]>
</value>
<value instanceof="48">
<![CDATA[ R]]>
</value>
<value instanceof="49">
<![CDATA[ (1987)]]>
</value>
<value instanceof="50">
<![CDATA[ Running Scared]]>
</value>
<value instanceof="51">
<![CDATA[ Ray and Danny are the wild men of the Windy City's police force. The pair's unorthodox methods get results in a tough town- until they come up against Julio Gonzales, a smooth-talking drug dealer who is bucking to become Chicago's first Spanish Godfather.]]>
</value>
<value instanceof="52">
<![CDATA[ R]]>
</value>
<value instanceof="53">
<![CDATA[ (1986)]]>
</value>
<value instanceof="54">
<![CDATA[ Bachelor Party]]>
</value>
<value instanceof="55">
<![CDATA[ The wild and crazy friends of Rick throw him the mother of all bachelor parties until his suspicious wife-to-be crashes the party.]]>
</value>
<value instanceof="56">
<![CDATA[ R]]>
</value>
<value instanceof="57">
<![CDATA[ (1984)]]>
</value>
<value instanceof="58">
<![CDATA[ The Enforcer]]>
</value>
<value instanceof="59">
<![CDATA[ Activism is one thing. Terrorism is another, and that's where Harry comes in when he takes on murderous political extortionists and a female partner Tyne Daly.]]>
</value>
<value instanceof="60">
<![CDATA[ R]]>
</value>
<value instanceof="61">
<![CDATA[ (1976)]]>
</value>
<value instanceof="65">
</value>
<value instanceof="66">
<![CDATA[ 2]]>
</value>
<value instanceof="67">
<value instanceof="12">
<value instanceof="11">
<![CDATA[ <p>   <a> </a> <table> <tr> <td> </td> <td> <font> <i> Emo </i> <font> <br> </br> ( <a> Read more about me ... </a> ) </font> </font> </td> <td> </td> </tr> </table> <font> Yes, it's about time "BHC" was released on DVD... And even better one a special edition release and in a boxed set with the other two. I'm on my way to CostCo right now to get my very own copy. This was back when Murphy was still hungry and raw, before the time of doing mostly family friendly, ... <a> Complete Review </a> </font> <table> <tr> <td> </td> </tr> </table> I found this review &nbsp; <p>   <a> </a> <table> <tr> <td> </td> <td> <font> <i> RD from CA 31 </i> <font> <br> </br> ( <a> Read more about me ... </a> ) </font> </font> </td> <td> </td> </tr> </table> <font> This is one of the funniest movies of all time. If you have been misfortunate enought to have overlooked it, correct your mistake and get it. Eddie Murphy was never better. You will thank me. </font> <table> <tr> <td> </td> </tr> </table> I found this review &nbsp; <p>  ]]>
</value>
</value>
</value>
</value>

