<value instanceof="68">
<value instanceof="17">
<![CDATA[ Star Wars: Episode I, The Phantom Menace]]>
</value>
<value instanceof="18">
<![CDATA[ (1999)]]>
</value>
<value instanceof="19">
<![CDATA[ <br>  ]]>
</value>
<value instanceof="20">
<![CDATA[ English (Dolby Digital 2.0 Surround), English (Dolby Digital 5.1), Spanish (Dolby Digital 2.0 Surround)]]>
</value>
<value instanceof="22">
<value instanceof="21">
</value>
</value>
<value instanceof="23">
<![CDATA[ <a href ='http://www.netflix.com/RoleDisplay?personid=67522'> Liam Neeson </a> , <a href ='http://www.netflix.com/RoleDisplay?personid=20000898'> Ewan McGregor </a> , <a href ='/MovieDisplay?movieid=60010933&trkid=4368#cast'> More </a>]]>
</value>
<value instanceof="24">
<![CDATA[ <a href ='http://www.netflix.com/RoleDisplay?personid=56779'> George Lucas </a>]]>
</value>
<value instanceof="25">
<![CDATA[ 133 minutes]]>
</value>
<value instanceof="26">
<![CDATA[ PG]]>
</value>
<value instanceof="27">
<![CDATA[ Sci-Fi & Fantasy]]>
</value>
<value instanceof="28">
<![CDATA[ Widescreen Anamorphic]]>
</value>
<value instanceof="29">
<![CDATA[ None]]>
</value>
<value instanceof="30">
<![CDATA[ 3.6]]>
</value>
<value instanceof="31">
<![CDATA[ (23,125]]>
</value>
<value instanceof="32">
<![CDATA[ Color; interactive menus; scene access; audio commentary by writer/director George Lucas, producer Rick McCallum, co-editor and sound designer Ben Burtt, animation supervisor Rob Coleman, and visual effects supervisors Scott Squires, John Knoll and Dennis Muren.]]>
</value>
<value instanceof="33">
</value>
<value instanceof="35">
<![CDATA[ <br> </br> <a> <img> </img> </a> <a> Awards </a> <br> </br> <a> <img> </img> </a> <a> Official Movie Site </a> <br> </br>]]>
</value>
<value instanceof="44">
<![CDATA[ <p> <hr> </hr> <a> </a> <font> <b> Synopsis </b> </font> </p> Please note that this disc contains the movie only. If you'd like to see the bonus material, please rent <b> Star Wars: Episode I: The Phantom Menace: Bonus Disc </b> . <p>   Every Saga Has A Beginning. <p>   The Phantom Menace is a journey back to the beginning of the epic saga to the era of the Republic. It follows the conflict over Naboo, a peaceful planet governed by Queen Amidala, which is threatened by the Trade Federation, puppets of the evil Sith. Through the struggle for Naboo's freedom, a momentous meeting occurs between Anakin Skywalker, a hopeful nine-year-old boy, and Obi-Wan Kenobi, a determined young Jedi, that will change the course of galactic history. The film follows Anakin as he pursues his dreams and confronts his fears in the midst of a galaxy in turmoil. Meanwhile Sith, in the form of the vicious Darth Maul, schemes to destroy the Jedi and control the Republic. <p>   See movie reviews below. <p>  ]]>
</value>
<value instanceof="45">
<![CDATA[ <a href ='http://www.netflix.com/RoleDisplay?personid=67522'> Liam Neeson </a> , <a href ='http://www.netflix.com/RoleDisplay?personid=20000898'> Ewan McGregor </a> , <a href ='http://www.netflix.com/RoleDisplay?personid=162100'> Natalie Portman </a> , <a href ='http://www.netflix.com/RoleDisplay?personid=20021147'> Jake Lloyd </a> , <a href ='http://www.netflix.com/RoleDisplay?personid=20009921'> Ian McDiarmid </a> , <a href ='http://www.netflix.com/RoleDisplay?personid=20021153'> Pernilla August </a> , <a href ='http://www.netflix.com/RoleDisplay?personid=20021154'> Oliver Ford Davies </a> , <a href ='http://www.netflix.com/RoleDisplay?personid=20021155'> Hugh Quarshie </a> , <a href ='http://www.netflix.com/RoleDisplay?personid=20021156'> Ahmed Best </a> , <a href ='http://www.netflix.com/RoleDisplay?personid=20021128'> Anthony Daniels </a> , <a href ='http://www.netflix.com/RoleDisplay?personid=20014655'> Ray Park </a> , <a href ='http://www.netflix.com/RoleDisplay?personid=4516'> Kenny Baker </a> , <a href ='http://www.netflix.com/RoleDisplay?personid=70650'> Frank Oz </a> , <a href ='http://www.netflix.com/RoleDisplay?personid=20006846'> Terence Stamp </a> , <a href ='http://www.netflix.com/RoleDisplay?personid=20005902'> Brian Blessed </a> , <a href ='http://www.netflix.com/RoleDisplay?personid=20021158'> Andrew Secombe </a> , <a href ='http://www.netflix.com/RoleDisplay?personid=20021159'> Lewis Macleod </a> , <a href ='http://www.netflix.com/RoleDisplay?personid=20000579'> Warwick Davis </a> , <a href ='http://www.netflix.com/RoleDisplay?personid=20021160'> Steven Spiers </a> , <a href ='http://www.netflix.com/RoleDisplay?personid=20021161'> Silas Carson </a> , <a href ='http://www.netflix.com/RoleDisplay?personid=20021162'> Jerome Blake </a> , <a href ='http://www.netflix.com/RoleDisplay?personid=20021164'> Alan Ruscoe </a> , <a href ='http://www.netflix.com/RoleDisplay?personid=20004249'> Ralph Brown </a> , <a href ='http://www.netflix.com/RoleDisplay?personid=120239'> Celia Imrie </a> , <a href ='http://www.netflix.com/RoleDisplay?personid=20012432'> Benedict Taylor </a> , <a href ='http://www.netflix.com/RoleDisplay?personid=45261'> Samuel L. Jackson </a> , <a href ='http://www.netflix.com/RoleDisplay?personid=20007397'> Dominic West </a> , <a href ='http://www.netflix.com/RoleDisplay?personid=20007418'> Sofia Coppola </a> , <a href ='http://www.netflix.com/RoleDisplay?personid=32846'> Bronagh Gallagher </a> , <a href ='http://www.netflix.com/RoleDisplay?personid=20013012'> Margaret Towner </a> , <a href ='http://www.netflix.com/RoleDisplay?personid=20005176'> James Taylor </a> , <a href ='http://www.netflix.com/RoleDisplay?personid=20006797'> Ben Burtt </a> , <a href ='http://www.netflix.com/RoleDisplay?personid=20009919'> Rick McCallum </a> , <a href ='http://www.netflix.com/RoleDisplay?personid=20028018'> Bob Woods </a> <p>  ]]>
</value>
<value instanceof="46">
<![CDATA[ The Pandora Project]]>
</value>
<value instanceof="47">
<![CDATA[ Renegade commando Bill Stenwick steals a top secret US military peacekeeping device. Only John Lacy stands in his way. Lacy tracks his former protege through the South American jungle and the streets of L.A.]]>
</value>
<value instanceof="48">
<![CDATA[ NR]]>
</value>
<value instanceof="49">
<![CDATA[ (1998)]]>
</value>
<value instanceof="50">
<![CDATA[ Reap the Wild Wind]]>
</value>
<value instanceof="51">
<![CDATA[ Epic story about piracy and lust . Along the coast of Georgia in the 1840's, salvage businesses are profiting from the cargo of wrecked ships. Excellent underwater photography featuring a scene with a malevolent, giant squid.]]>
</value>
<value instanceof="52">
<![CDATA[ NR]]>
</value>
<value instanceof="53">
<![CDATA[ (1942)]]>
</value>
<value instanceof="54">
<![CDATA[ The People That Time Forgot]]>
</value>
<value instanceof="55">
<![CDATA[ Major Ben McBride leads an expedition of scientists back to the lost island of Caprona to find a friend, Bowen Tyler, who has been lost there three years earlier. The team faces a strange prehistoric people and gigantic monsters on this mysterious Antartic island.]]>
</value>
<value instanceof="56">
<![CDATA[ PG]]>
</value>
<value instanceof="57">
<![CDATA[ (1977)]]>
</value>
<value instanceof="58">
<![CDATA[ Superman IV: The Quest for Peace]]>
</value>
<value instanceof="59">
<![CDATA[ The Man of Steel (Christopher Reeve) crusades for nuclear disarmament in the final and most politically correct installment of the Superman series. Prison escapee Lex Luthor (Gene Hackman) swipes some of Superman's hair from a museum and uses it to clone a new nemesis, Nuclear Man -- an android that gets its energy from the sun.]]>
</value>
<value instanceof="60">
<![CDATA[ PG]]>
</value>
<value instanceof="61">
<![CDATA[ (1987)]]>
</value>
<value instanceof="65">
</value>
<value instanceof="66">
<![CDATA[ 91]]>
</value>
<value instanceof="67">
<value instanceof="12">
<value instanceof="11">
<![CDATA[ <p>   <a> </a> <table> <tr> <td> </td> <td> <font> <i> BL from CA 3 </i> <font> <br> </br> ( <a> Read more about me ... </a> ) </font> </font> </td> <td> &nbsp; <font> <b> 18 </b> out of <b> 24 </b> people found this review helpful. </font> </td> </tr> </table> <font> Episode 1 is obvouisly not as good as the first three movies (episodes 4-6), however, iu think that it will come into its own once the other two movies are out. We all grew up loving Luke, and Han, it was just harder to take the same enthusiasm with the new charcaters. If you went into this ... <a> Complete Review </a> </font> <table> <tr> <td> </td> </tr> </table> I found this review &nbsp; <p>   <a> </a> <table> <tr> <td> </td> <td> <font> <i> Andre Fernandez </i> </font> </td> <td> &nbsp; <font> <b> 13 </b> out of <b> 15 </b> people found this review helpful. </font> </td> </tr> </table> <font> First and foremost THX!!!! The sound is incredible on this disk. It has new THX sound and video calibration. If you have a home theater system buy this one. The movie is great for Sci-Fi fans others my find it boring.I found myself watching intensely in some part (Pod race and Final fight scene) ... <a> Complete Review </a> </font> <table> <tr> <td> </td> </tr> </table> I found this review &nbsp; <p>   <a> </a> <table> <tr> <td> </td> <td> <font> <i> Tim </i> </font> </td> <td> &nbsp; <font> <b> 13 </b> out of <b> 18 </b> people found this review helpful. </font> </td> </tr> </table> <font> In all fairness, this movie is an eyecandy bonanza. And it has to be, because the introduction of characters & places in the Starwars universe takes presidence over the storyline. And that's okay, like they said, 'every saga has a beginning'. So, not the rag on the selfproclaimed SW experts, this ... <a> Complete Review </a> </font> <table> <tr> <td> </td> </tr> </table> I found this review &nbsp; <p>   &nbsp;]]>
</value>
</value>
<value instanceof="14">
</value>
<value instanceof="12">
<value instanceof="11">
<![CDATA[ <p>   <a> </a> <table> <tr> <td> </td> <td> <font> <i> Jon New </i> </font> </td> <td> </td> </tr> </table> <font> While so many people have taken the time to consider ho this prequal rated in comparision with the origional three parts one should atleast for two hours forget what they know and learn this movie anew. So many people in comparing have forgotten that this is the first of the new parts and soon all ... <a> Complete Review </a> </font> <table> <tr> <td> </td> </tr> </table> I found this review &nbsp; <p>   <a> </a> <table> <tr> <td> </td> <td> <font> <i> KJ from IL </i> <font> <br> </br> ( <a> Read more about me ... </a> ) </font> </font> </td> <td> </td> </tr> </table> <font> Yup, Episode I is more for the kids than for the adults. But I'll tell you what, my kids loved it. And I was pleased to see a well made, action film appropriate for the whole family - with fantastic special effects and soundtrack to boot. I too grew up on Star Wars, and certainly do not find E1 ... <a> Complete Review </a> </font> <table> <tr> <td> </td> </tr> </table> I found this review &nbsp; <p>   <a> </a> <table> <tr> <td> </td> <td> <font> <i> batken@prodigy.net </i> </font> </td> <td> </td> </tr> </table> <font> I am a Star Wars fan so it is easy for me to appreciate the DVD. A lot of care went into this. The sound on my stereo TV sounded better playing this movie than in the DTS Enhanced movie theater. I don't have a receiver that is DTS capable so that really says a lot. The effects appear enhanced. ... <a> Complete Review </a> </font> <table> <tr> <td> </td> </tr> </table> I found this review &nbsp; <p>   <table> <tr> <td> <a> <font> <b> See All Customer Reviews </b> </font> </a> </td> </tr> </table>]]>
</value>
</value>
</value>
</value>

