<value instanceof="68">
<value instanceof="17">
<![CDATA[ The Godfather, Part III]]>
</value>
<value instanceof="18">
<![CDATA[ (1990)]]>
</value>
<value instanceof="19">
<![CDATA[ <br>  ]]>
</value>
<value instanceof="20">
<![CDATA[ English (Dolby Digital 5.1), French (Dolby Digital Mono)]]>
</value>
<value instanceof="22">
<value instanceof="21">
</value>
</value>
<value instanceof="23">
<![CDATA[ <a href ='http://www.netflix.com/RoleDisplay?personid=70729'> Al Pacino </a> , <a href ='http://www.netflix.com/RoleDisplay?personid=48451'> Diane Keaton </a> , <a href ='/MovieDisplay?movieid=60011153&trkid=4368#cast'> More </a>]]>
</value>
<value instanceof="24">
<![CDATA[ <a href ='http://www.netflix.com/RoleDisplay?personid=19330'> Francis Ford Coppola </a>]]>
</value>
<value instanceof="25">
<![CDATA[ 170 minutes]]>
</value>
<value instanceof="26">
<![CDATA[ R]]>
</value>
<value instanceof="27">
<![CDATA[ Drama]]>
</value>
<value instanceof="28">
<![CDATA[ Widescreen]]>
</value>
<value instanceof="29">
<![CDATA[ None]]>
</value>
<value instanceof="30">
<![CDATA[ 3.6]]>
</value>
<value instanceof="31">
<![CDATA[ (20,766]]>
</value>
<value instanceof="32">
<![CDATA[ Color; interactive menus; scene access; audio commentary by Francis Ford Coppola]]>
</value>
<value instanceof="33">
</value>
<value instanceof="35">
<![CDATA[ <br> </br> <a> <img> </img> </a> <a> Netflix Review </a> <br> </br> <a> <img> </img> </a> <a> Awards </a> <br> </br> <a> <img> </img> </a> <a> Mr. DVD Recommends </a> <br> </br>]]>
</value>
<value instanceof="44">
<![CDATA[ <p> <hr> </hr> <a> </a> <font> <b> Synopsis </b> </font> </p> Please note that this disc contains the movie. For additional bonus material, please rent <b> The Godfather Trilogy: Bonus Disc </b> . <p>   One of the greatest sagas in movie history continues! In this third film in the epic Corleone trilogy, Al Pacino reprises the role of powerful family leader Michael Corleone. Now in his 60's, Michael is dominated by two passions: freeing his family from crime and finding a suitable successor. That successor could be fiery Vincent (Andy Garcia)... but he may also be the spark that turns Michael's hope of business legitimacy into an inferno of mob violence. <p>   See movie reviews below. <p>   <b> About the DVD: </b> The restored film is presented in the original 1.85:1 aspect ratio, with anamorphic enhancement. The soundtrack is in Dolby 5.1 in English and French. As with the other films in the Godfather set, trailers and other extras beyond Coppola's commentary are relegated to a separate Bonus Disc. <p>  ]]>
</value>
<value instanceof="45">
<![CDATA[ <a href ='http://www.netflix.com/RoleDisplay?personid=70729'> Al Pacino </a> , <a href ='http://www.netflix.com/RoleDisplay?personid=48451'> Diane Keaton </a> , <a href ='http://www.netflix.com/RoleDisplay?personid=85282'> Talia Shire </a> , <a href ='http://www.netflix.com/RoleDisplay?personid=160783'> Andy Garcia </a> , <a href ='http://www.netflix.com/RoleDisplay?personid=96899'> Eli Wallach </a> , <a href ='http://www.netflix.com/RoleDisplay?personid=58882'> Joe Mantegna </a> , <a href ='http://www.netflix.com/RoleDisplay?personid=20022658'> George Hamilton </a> , <a href ='http://www.netflix.com/RoleDisplay?personid=30845'> Bridget Fonda </a> , <a href ='http://www.netflix.com/RoleDisplay?personid=20007418'> Sofia Coppola </a> , <a href ='http://www.netflix.com/RoleDisplay?personid=20022660'> Raf Vallone </a> , <a href ='http://www.netflix.com/RoleDisplay?personid=20022659'> Franc D'Ambrosio </a> , <a href ='http://www.netflix.com/RoleDisplay?personid=25195'> Donal Donnelly </a> , <a href ='http://www.netflix.com/RoleDisplay?personid=11233'> Richard Bright </a> , <a href ='http://www.netflix.com/RoleDisplay?personid=20014257'> Helmut Berger </a> , <a href ='http://www.netflix.com/RoleDisplay?personid=20022666'> Don Novello </a> , <a href ='http://www.netflix.com/RoleDisplay?personid=82388'> John Savage </a> , <a href ='http://www.netflix.com/RoleDisplay?personid=17232'> Franco Citti </a> , <a href ='http://www.netflix.com/RoleDisplay?personid=20022668'> Mario Donatone </a> , <a href ='http://www.netflix.com/RoleDisplay?personid=20022491'> Vittorio Duse </a> , <a href ='http://www.netflix.com/RoleDisplay?personid=20022669'> Enzo Robutti </a> , <a href ='http://www.netflix.com/RoleDisplay?personid=20022670'> Michele Russo </a> , <a href ='http://www.netflix.com/RoleDisplay?personid=20022671'> Al Martino </a> , <a href ='http://www.netflix.com/RoleDisplay?personid=20010950'> Robert Cicchini </a> <p>  ]]>
</value>
<value instanceof="46">
<![CDATA[ Boss of Bosses]]>
</value>
<value instanceof="47">
<![CDATA[ He thought he could lead the mob into a new era of legitimacy. He was dead wrong. Screen favorite Chazz Palminteri powerfully scores as "Big Paulie" Castellano, the mob's last Godfather, who sees his dream explode into a bitter family rivalry in this bracing insider's story.]]>
</value>
<value instanceof="48">
<![CDATA[ NR]]>
</value>
<value instanceof="49">
<![CDATA[ (1999)]]>
</value>
<value instanceof="50">
<![CDATA[ The Godfather, Part II: Disc 1]]>
</value>
<value instanceof="51">
<![CDATA[ Perhaps a unique case of a sequel superseding the original, The Godfather II follows the Corleone crime family as it relocates to Nevada in the 1950s, with Michael (Al Pacino) as the new Don. The original cast returns with Robert Duvall outstanding as consigliere Tom Hagen and John Cazale as the tragic Fredo Corleone. Oscars include Best Picture, Director (Francis Ford Coppola) and Actor (Robert De Niro).]]>
</value>
<value instanceof="52">
<![CDATA[ R]]>
</value>
<value instanceof="53">
<![CDATA[ (1974)]]>
</value>
<value instanceof="54">
<![CDATA[ Family of Cops 3]]>
</value>
<value instanceof="55">
<![CDATA[]]>
</value>
<value instanceof="56">
<![CDATA[ PG-13]]>
</value>
<value instanceof="57">
<![CDATA[ (1999)]]>
</value>
<value instanceof="58">
<![CDATA[ Final Voyage]]>
</value>
<value instanceof="59">
<![CDATA[ When a gang of modern-day pirates led by Josef (Ice-T) hijacks a luxury cruise ship, the hostages' only hope is a lone security guard, Aaron Carpenter (Dylan Walsh).]]>
</value>
<value instanceof="60">
<![CDATA[ R]]>
</value>
<value instanceof="61">
<![CDATA[ (1999)]]>
</value>
<value instanceof="65">
<value instanceof="64">
<value instanceof="62">
<![CDATA[ James Rocchi]]>
</value>
<value instanceof="63">
<![CDATA[ The Godfather: Part III is the final, flawed entry in the saga depicting the rise and fall of the Corleone criminal empire. Gangster patriarch Michael Corleone (Al Pacino) constantly reminds us that his calculated, ruthless acts are "business -- not personal." But both Michael and his creator ... <a> Complete Review </a>]]>
</value>
</value>
</value>
<value instanceof="66">
<![CDATA[ 9]]>
</value>
<value instanceof="67">
<value instanceof="12">
<value instanceof="11">
<![CDATA[ <p>   <a> </a> <table> <tr> <td> </td> <td> <font> <i> WW from ME </i> <font> <br> </br> ( <a> Read more about me ... </a> ) </font> </font> </td> <td> &nbsp; <font> <b> 13 </b> out of <b> 16 </b> people found this review helpful. </font> </td> </tr> </table> <font> I have tried to look at this 3rd installment of the Godfather series as its own separate entity. I tried not to compare it to the first 2 great films. On its own, it is a good movie. In comparison to the first 2 Godfather movies, "Godfather 3" is not a very good movie. This movie has many of ... <a> Complete Review </a> </font> <table> <tr> <td> </td> </tr> </table> I found this review &nbsp; <p>   <a> </a> <table> <tr> <td> </td> <td> <font> <i> JN from TX 2 </i> <font> <br> </br> ( <a> Read more about me ... </a> ) </font> </font> </td> <td> &nbsp; <font> <b> 5 </b> out of <b> 6 </b> people found this review helpful. </font> </td> </tr> </table> <font> I've wanted to see this movie for quite some time, but I kept putting it off cause of all the bad reviews it got. When I finally saw it I was pleasantly surprised and failed to see why so many people hated it. Of course it doesn't compare to the first two, but I think this film had impossible ... <a> Complete Review </a> </font> <table> <tr> <td> </td> </tr> </table> I found this review &nbsp; <p>   <a> </a> <table> <tr> <td> </td> <td> <font> <i> CN from MS </i> <font> <br> </br> ( <a> Read more about me ... </a> ) </font> </font> </td> <td> &nbsp; <font> <b> 3 </b> out of <b> 4 </b> people found this review helpful. </font> </td> </tr> </table> <font> The Godfather part III has been much maligned, and in comparison with the first 2/3rds of the saga, it is indeed quite a let down. The film has many flaws, most of which have been pointed out already-Sophia's performance, the absence of Robert Duvall, a somewhat weak story-but the film still does ... <a> Complete Review </a> </font> <table> <tr> <td> </td> </tr> </table> I found this review &nbsp; <p>   &nbsp;]]>
</value>
</value>
<value instanceof="14">
</value>
<value instanceof="12">
<value instanceof="11">
<![CDATA[ <p>   <a> </a> <table> <tr> <td> </td> <td> <font> <i> Robert Scott </i> </font> </td> <td> </td> </tr> </table> <font> A thought the movie lacked a hook/something to jump out and grab your attention. It just seemed to drag on...... l & ll were great. I feel they took Godfather one sequel to far. </font> <table> <tr> <td> </td> </tr> </table> I found this review &nbsp; <p>   <a> </a> <table> <tr> <td> </td> <td> <font> <i> Jennifer Harris </i> </font> </td> <td> </td> </tr> </table> <font> Just like you wouldn't want any good book to end, Godfather part III ended - and I didn't want it to - I don't care about the politics or arm wrestling of a studio to produce a third movie for profit - I loved the entire trilogy! The first movie was made in 72 - 1 year before I was even born, and ... <a> Complete Review </a> </font> <table> <tr> <td> </td> </tr> </table> I found this review &nbsp; <p>   <a> </a> <table> <tr> <td> </td> <td> <font> <i> Jerry Frye </i> </font> </td> <td> &nbsp; <font> <b> 1 </b> out of <b> 2 </b> people found this review helpful. </font> </td> </tr> </table> <font> The first was just great and got me into the movies. The second seems to needed to be watched a couple of times. I didn't understand really much of it. The second really had some scenes that were important but very hard to follow. The third was I think ALMOST as good as the first. the ending was ... <a> Complete Review </a> </font> <table> <tr> <td> </td> </tr> </table> I found this review &nbsp; <p>   <table> <tr> <td> <a> <font> <b> See All Customer Reviews </b> </font> </a> </td> </tr> </table>]]>
</value>
</value>
</value>
</value>

