<value instanceof="68">
<value instanceof="17">
<![CDATA[ Von Ryan's Express]]>
</value>
<value instanceof="18">
<![CDATA[ (1965)]]>
</value>
<value instanceof="19">
<![CDATA[ <br>  ]]>
</value>
<value instanceof="20">
<![CDATA[ English (Dolby Digital 2.0 Stereo), English (Dolby Digital Mono), French (Dolby Digital Mono)]]>
</value>
<value instanceof="22">
</value>
<value instanceof="23">
<![CDATA[ <a href ='http://www.netflix.com/RoleDisplay?personid=86067'> Frank Sinatra </a> , <a href ='http://www.netflix.com/RoleDisplay?personid=43466'> Trevor Howard </a> , <a href ='/MovieDisplay?movieid=60011531&trkid=2069#cast'> More </a>]]>
</value>
<value instanceof="24">
<![CDATA[ <a href ='http://www.netflix.com/RoleDisplay?personid=79013'> Mark Robson </a>]]>
</value>
<value instanceof="25">
<![CDATA[ 116 minutes]]>
</value>
<value instanceof="26">
<![CDATA[ PG]]>
</value>
<value instanceof="27">
<![CDATA[ Drama]]>
</value>
<value instanceof="28">
<![CDATA[ Widescreen Anamorphic]]>
</value>
<value instanceof="29">
<![CDATA[ English, Spanish]]>
</value>
<value instanceof="30">
<![CDATA[ 3.5]]>
</value>
<value instanceof="31">
<![CDATA[ (4,343]]>
</value>
<value instanceof="32">
<![CDATA[ Color; region 1 encoding; interactive menus; scene access; trailer]]>
</value>
<value instanceof="33">
</value>
<value instanceof="35">
<![CDATA[ <br> </br> <a> <img> </img> </a> <a> Awards </a> <br> </br>]]>
</value>
<value instanceof="44">
<![CDATA[ <p> <hr> </hr> <a> </a> <font> <b> Synopsis </b> </font> </p> As the Allies begin to push the Nazis back toward Germany, U.S. combat pilot Col. Joseph Ryan (Frank Sinatra) is shot down and placed in a prison camp. Initially, he's more concerned with surviving than escaping, earning him the insulting nickname, "Von Ryan." But in time, Ryan takes over from the commanding British officer (Trevor Howard) and masterminds a daredevil race for freedom that involves commandeering a train and getting it across Italy to Switzerland with the Nazis in hot pursuit. Then it's all blazing action, hair-raising chases and spectacular Italian scenery in this Oscar&#174;-nominated adventure that runs full speed until the nail-biting finale! <p>   See movie reviews below. <p>  ]]>
</value>
<value instanceof="45">
<![CDATA[ <a href ='http://www.netflix.com/RoleDisplay?personid=86067'> Frank Sinatra </a> , <a href ='http://www.netflix.com/RoleDisplay?personid=43466'> Trevor Howard </a> , <a href ='http://www.netflix.com/RoleDisplay?personid=20025298'> Raffaella Carra </a> , <a href ='http://www.netflix.com/RoleDisplay?personid=24220'> Brad Dexter </a> , <a href ='http://www.netflix.com/RoleDisplay?personid=20021006'> Sergio Fantoni </a> , <a href ='http://www.netflix.com/RoleDisplay?personid=11494'> James Brolin </a> <p>  ]]>
</value>
<value instanceof="46">
<![CDATA[ Damn the Defiant]]>
</value>
<value instanceof="47">
<![CDATA[ In this neat twist on Mutiny on the Bounty, Royal Navy Capt. Crawford (Alec Guinness) crosses swords on the high seas with his brutish first mate (Dirk Bogarde). Dispatched to the Mediterranean to escort merchant ships to Britain, Crawford must battle Napoleon's fleet while trying to keep his crew intact -- and preventing them from making Bogarde walk the plank.]]>
</value>
<value instanceof="48">
<![CDATA[ NR]]>
</value>
<value instanceof="49">
<![CDATA[ (1962)]]>
</value>
<value instanceof="50">
<![CDATA[ Guadalcanal Diary]]>
</value>
<value instanceof="51">
<![CDATA[ This strikingly realistic film follows a devoted platoon of Marines through the terrors of war in the South Pacific. These brave soldiers battle disease, treacherous terrain and unrelenting weather, as well as a human enemy.]]>
</value>
<value instanceof="52">
<![CDATA[ NR]]>
</value>
<value instanceof="53">
<![CDATA[ (1943)]]>
</value>
<value instanceof="54">
<![CDATA[ MacArthur]]>
</value>
<value instanceof="55">
<![CDATA[ The life-story of General Douglas MacArthur begins in 1942 during the war. We follow him through his Presidential ambtions and his return to war in Korea.]]>
</value>
<value instanceof="56">
<![CDATA[ PG]]>
</value>
<value instanceof="57">
<![CDATA[ (1977)]]>
</value>
<value instanceof="58">
<![CDATA[ Halls of Montezuma]]>
</value>
<value instanceof="59">
<![CDATA[ Director Lewis Milestone traces the fate of a Marine platoon in the Pacific theater during WWII.]]>
</value>
<value instanceof="60">
<![CDATA[ NR]]>
</value>
<value instanceof="61">
<![CDATA[ (1950)]]>
</value>
<value instanceof="65">
</value>
<value instanceof="66">
<![CDATA[ 8]]>
</value>
<value instanceof="67">
<value instanceof="12">
<value instanceof="11">
<![CDATA[ <p>   <a> </a> <table> <tr> <td> </td> <td> <font> <i> Harvey Cohen, Roch. NY </i> <font> <br> </br> ( <a> Read more about me ... </a> ) </font> </font> </td> <td> &nbsp; <font> <b> 14 </b> out of <b> 17 </b> people found this review helpful. </font> </td> </tr> </table> <font> Frank Sinatra comes across OK as the American leading a bunch of British POW's, but Trevor Howard is better in his role. Good train action, some suspense, and plenty of great shots in the Alps. </font> <table> <tr> <td> </td> </tr> </table> I found this review &nbsp; <p>   <a> </a> <table> <tr> <td> </td> <td> <font> <i> PM from NY 4 </i> <font> <br> </br> ( <a> Read more about me ... </a> ) </font> </font> </td> <td> &nbsp; <font> <b> 9 </b> out of <b> 9 </b> people found this review helpful. </font> </td> </tr> </table> <font> Despite the absurd premise--short swaggering American with broad North Jersey accent inspires class-ridden British soldiers to help themselves against wicked Germans -- this is a fun movie. Excellent steam engines, Schmeissers with limitless supply of ammo, and what appear to be three ... <a> Complete Review </a> </font> <table> <tr> <td> </td> </tr> </table> I found this review &nbsp; <p>   <a> </a> <table> <tr> <td> </td> <td> <font> <i> Jack Groves </i> </font> </td> <td> &nbsp; <font> <b> 8 </b> out of <b> 8 </b> people found this review helpful. </font> </td> </tr> </table> <font> One of my favorite WWII movies. Even better on DVD. The plot is good and the photography is excellent. The cast is so-so but for an exciting suspense filled ride it can't be beat. </font> <table> <tr> <td> </td> </tr> </table> I found this review &nbsp; <p>   &nbsp;]]>
</value>
</value>
<value instanceof="14">
</value>
<value instanceof="12">
<value instanceof="11">
<![CDATA[ <p>   <a> </a> <table> <tr> <td> </td> <td> <font> <i> IC from NY 2 </i> <font> <br> </br> ( <a> Read more about me ... </a> ) </font> </font> </td> <td> &nbsp; <font> <b> 2 </b> out of <b> 2 </b> people found this review helpful. </font> </td> </tr> </table> <font> A great film, if you don't have time to sit through The Great Escape. Great story, and great plot progression. </font> <table> <tr> <td> </td> </tr> </table> I found this review &nbsp; <p>   <a> </a> <table> <tr> <td> </td> <td> <font> <i> Robert Robinson </i> </font> </td> <td> &nbsp; <font> <b> 1 </b> out of <b> 1 </b> people found this review helpful. </font> </td> </tr> </table> <font> Excellent movie. Depicting what it was like in the early days of WWII for the heavy bomer groups. </font> <table> <tr> <td> </td> </tr> </table> I found this review &nbsp; <p>   <a> </a> <table> <tr> <td> </td> <td> <font> <i> Narayan </i> </font> </td> <td> &nbsp; <font> <b> 1 </b> out of <b> 1 </b> people found this review helpful. </font> </td> </tr> </table> <font> An excellent war drama, worth watching. Well connected sequence of events keeps one engrossed. </font> <table> <tr> <td> </td> </tr> </table> I found this review &nbsp; <p>   <table> <tr> <td> <a> <font> <b> See All Customer Reviews </b> </font> </a> </td> </tr> </table>]]>
</value>
</value>
</value>
</value>

