<value instanceof="68">
<value instanceof="17">
<![CDATA[ Willow]]>
</value>
<value instanceof="18">
<![CDATA[ (1988)]]>
</value>
<value instanceof="19">
<![CDATA[ <br>  ]]>
</value>
<value instanceof="20">
<![CDATA[ English (Dolby Digital 2.0 Stereo), English (Dolby Digital 5.1), Spanish (Dolby Digital 2.0 Stereo)]]>
</value>
<value instanceof="22">
<value instanceof="21">
</value>
</value>
<value instanceof="23">
<![CDATA[ <a href ='http://www.netflix.com/RoleDisplay?personid=49542'> Val Kilmer </a> , <a href ='http://www.netflix.com/RoleDisplay?personid=98695'> Joanne Whalley-Kilmer </a> , <a href ='/MovieDisplay?movieid=60011580&trkid=2069#cast'> More </a>]]>
</value>
<value instanceof="24">
<![CDATA[ <a href ='http://www.netflix.com/RoleDisplay?personid=43453'> Ron Howard </a>]]>
</value>
<value instanceof="25">
<![CDATA[ 130 minutes]]>
</value>
<value instanceof="26">
<![CDATA[ PG]]>
</value>
<value instanceof="27">
<![CDATA[ Action & Adventure]]>
</value>
<value instanceof="28">
<![CDATA[ Widescreen Anamorphic]]>
</value>
<value instanceof="29">
<![CDATA[ None]]>
</value>
<value instanceof="30">
<![CDATA[ 3.4]]>
</value>
<value instanceof="31">
<![CDATA[ (25,660]]>
</value>
<value instanceof="32">
<![CDATA[ Color; interactive menus; scene access; trailer; director's commentary; making-of featurettes; cast and crew interview; production stills.]]>
</value>
<value instanceof="33">
</value>
<value instanceof="35">
<![CDATA[ <br> </br> <a> <img> </img> </a> <a> Awards </a> <br> </br>]]>
</value>
<value instanceof="44">
<![CDATA[ <p> <hr> </hr> <a> </a> <font> <b> Synopsis </b> </font> </p> A dwarfish "Nelwyn" named Willow finds a baby adrift in a river and must protect it from an evil queen (Jean Marsh) bent on its destruction. Along with studly Madmartigan (Val Kilmer), Willow battles dragons and vanquishes evildoers, all the while shielding the infant from harm. Taken for what it is, the movie's a tribute of sorts to another film starring a diminutive hero, Lord of the Rings. <p>   See movie reviews below. <p>  ]]>
</value>
<value instanceof="45">
<![CDATA[ <a href ='http://www.netflix.com/RoleDisplay?personid=49542'> Val Kilmer </a> , <a href ='http://www.netflix.com/RoleDisplay?personid=98695'> Joanne Whalley-Kilmer </a> , <a href ='http://www.netflix.com/RoleDisplay?personid=20000579'> Warwick Davis </a> , <a href ='http://www.netflix.com/RoleDisplay?personid=59602'> Jean Marsh </a> , <a href ='http://www.netflix.com/RoleDisplay?personid=20028429'> Patricia Hayes </a> , <a href ='http://www.netflix.com/RoleDisplay?personid=5267'> Billy Barty </a> , <a href ='http://www.netflix.com/RoleDisplay?personid=20025649'> Gavan O'Herlihy </a> , <a href ='http://www.netflix.com/RoleDisplay?personid=20014058'> David Steinberg </a> , <a href ='http://www.netflix.com/RoleDisplay?personid=30849'> Phil Fondacaro </a> , <a href ='http://www.netflix.com/RoleDisplay?personid=74276'> Kevin Pollak </a> , <a href ='http://www.netflix.com/RoleDisplay?personid=70572'> Rick Overton </a> , <a href ='http://www.netflix.com/RoleDisplay?personid=4516'> Kenny Baker </a> <p>  ]]>
</value>
<value instanceof="46">
<![CDATA[ Krull]]>
</value>
<value instanceof="47">
<![CDATA[ Prince Colwyn sets out on a daring mission to rescue his young bride, who's being held captive by a horrific, omnipotent beast -- the ruler of the planet Krull. But slayers and alien beings under the beast's command oppose the prince at every turn. To complete his mission, Colwyn must reach a faraway cavern to recover the legendary Goive, a flying blade capable of phenomenal powers.]]>
</value>
<value instanceof="48">
<![CDATA[ PG]]>
</value>
<value instanceof="49">
<![CDATA[ (1983)]]>
</value>
<value instanceof="50">
<![CDATA[ Masters of the Universe]]>
</value>
<value instanceof="51">
<![CDATA[ The popular children's character comes to life. Two small-town American kids are thrust into a world of mayhem where He-Man battles to save the universe from the clutches of the evil Skeletor.]]>
</value>
<value instanceof="52">
<![CDATA[ PG]]>
</value>
<value instanceof="53">
<![CDATA[ (1987)]]>
</value>
<value instanceof="54">
<![CDATA[ Deathstalker 2]]>
</value>
<value instanceof="55">
<![CDATA[ The powerful barbarian Deathstalker has a mission: to save the kingdom from the wicked grip of the immoral wizard Jerak and his satanic Queen Sultana. Together, they have ruled the land by magically creating a controllable evil twin of the lovely Princess Evie.]]>
</value>
<value instanceof="56">
<![CDATA[ R]]>
</value>
<value instanceof="57">
<![CDATA[ (1987)]]>
</value>
<value instanceof="58">
<![CDATA[ Big Trouble in Little China]]>
</value>
<value instanceof="59">
<![CDATA[ To end a curse that has made him immortal, a 2,000-year-old magician must marry a woman with green eyes. He chooses Gracie Law (Kim Cattrall) -- the fianc&#233;e of Jack Burton's (Kurt Russell) best friend. Taking it upon himself to save the day, Jack embarks on a rescue attempt that takes him under San Francisco's Chinatown into a dark world filled with supernatural creatures and spectacular action.]]>
</value>
<value instanceof="60">
<![CDATA[ PG-13]]>
</value>
<value instanceof="61">
<![CDATA[ (1986)]]>
</value>
<value instanceof="65">
</value>
<value instanceof="66">
<![CDATA[ 22]]>
</value>
<value instanceof="67">
<value instanceof="12">
<value instanceof="11">
<![CDATA[ <p>   <a> </a> <table> <tr> <td> </td> <td> <font> <i> Advocate none </i> </font> </td> <td> &nbsp; <font> <b> 16 </b> out of <b> 20 </b> people found this review helpful. </font> </td> </tr> </table> <font> George Lucas's Willow is one of his most anticipated releases. Long out of print, it is a sleeper hit with a large underground following. I'd venture to say this is the best fantasy movie ever made. Willow was a bit of a proving ground for Lucas to try ideas he later polished in Star ... <a> Complete Review </a> </font> <table> <tr> <td> </td> </tr> </table> I found this review &nbsp; <p>   <a> </a> <table> <tr> <td> </td> <td> <font> <i> Emo </i> <font> <br> </br> ( <a> Read more about me ... </a> ) </font> </font> </td> <td> &nbsp; <font> <b> 6 </b> out of <b> 7 </b> people found this review helpful. </font> </td> </tr> </table> <font> With talent such as George Lucas and Ron Howard involved, a film like Willow can't go wrong. Possessing all the elements of a good fair tale fantasy including a rogue hero, a lovely damnsel in distress and sentimental pint sized protagonists, Willow is a rousing and entertaining joust fit for the ... <a> Complete Review </a> </font> <table> <tr> <td> </td> </tr> </table> I found this review &nbsp; <p>   <a> </a> <table> <tr> <td> </td> <td> <font> <i> H&A from TX </i> <font> <br> </br> ( <a> Read more about me ... </a> ) </font> </font> </td> <td> &nbsp; <font> <b> 5 </b> out of <b> 6 </b> people found this review helpful. </font> </td> </tr> </table> <font> If you like fantasy, action, humor, beautiful landscapes, and a little romance, Willow is an excellent choice. It's fun to see the escalation of character size (Brownies to Nelwyns to Daikinis to the mutated Troll); watch for Kevin Pollack (The Usual Suspects; Casino) to deliver smart one-liners ... <a> Complete Review </a> </font> <table> <tr> <td> </td> </tr> </table> I found this review &nbsp; <p>   &nbsp;]]>
</value>
</value>
<value instanceof="14">
</value>
<value instanceof="12">
<value instanceof="11">
<![CDATA[ <p>   <a> </a> <table> <tr> <td> </td> <td> <font> <i> Rob Highfill </i> </font> </td> <td> </td> </tr> </table> <font> I had forgotten how good this movie was. Action and adventure with a good dose of light-hearted fun. This movie has a great story and good acting as well. The special effects look a little dated but they should because they are! I think the London Symphony Orchestra did the soundtrack and the ... <a> Complete Review </a> </font> <table> <tr> <td> </td> </tr> </table> I found this review &nbsp; <p>   <a> </a> <table> <tr> <td> </td> <td> <font> <i> Cecil </i> </font> </td> <td> </td> </tr> </table> <font> This is a keeper. A storie of people in different backgrounds, comming to gether for the commen good. heart breaking with a happy ending. I recomend it to any one wanting to explore your inner child fantasies. </font> <table> <tr> <td> </td> </tr> </table> I found this review &nbsp; <p>   <a> </a> <table> <tr> <td> </td> <td> <font> <i> JB from KS 4 </i> <font> <br> </br> ( <a> Read more about me ... </a> ) </font> </font> </td> <td> &nbsp; <font> <b> 1 </b> out of <b> 1 </b> people found this review helpful. </font> </td> </tr> </table> <font> Good entertainment for the grandparents as well as the 7 year old granddaughter. It was also nice to see a small adult person starring in a movie. </font> <table> <tr> <td> </td> </tr> </table> I found this review &nbsp; <p>   <table> <tr> <td> <a> <font> <b> See All Customer Reviews </b> </font> </a> </td> </tr> </table>]]>
</value>
</value>
</value>
</value>

