<value instanceof="68">
<value instanceof="17">
<![CDATA[ The Mummy Returns]]>
</value>
<value instanceof="18">
<![CDATA[ (2001)]]>
</value>
<value instanceof="19">
<![CDATA[ <br>  ]]>
</value>
<value instanceof="20">
<![CDATA[ English (Dolby Digital 5.1), French (Dolby Digital 2.0 Surround)]]>
</value>
<value instanceof="22">
</value>
<value instanceof="23">
<![CDATA[ <a href ='http://www.netflix.com/RoleDisplay?personid=20000735'> Brendan Fraser </a> , <a href ='http://www.netflix.com/RoleDisplay?personid=179894'> Rachel Weisz </a> , <a href ='/MovieDisplay?movieid=60020549&trkid=2069#cast'> More </a>]]>
</value>
<value instanceof="24">
<![CDATA[ <a href ='http://www.netflix.com/RoleDisplay?personid=87342'> Stephen Sommers </a>]]>
</value>
<value instanceof="25">
<![CDATA[ 130 minutes]]>
</value>
<value instanceof="26">
<![CDATA[ PG-13]]>
</value>
<value instanceof="27">
<![CDATA[ Action & Adventure]]>
</value>
<value instanceof="28">
<![CDATA[ Full Screen]]>
</value>
<value instanceof="29">
<![CDATA[ English]]>
</value>
<value instanceof="30">
<![CDATA[ 3.4]]>
</value>
<value instanceof="31">
<![CDATA[ (64,245]]>
</value>
<value instanceof="32">
<![CDATA[ Color; interactive menus; scene access; audio commentary by director Stephen Sommers; making of; interactive visual and special effects breakdown; outtakes; music video; production info; interview with The Rock; Egyptology 201; "Chamber of Doom" theme park attraction virtual tour; additional DVD-ROM features.]]>
</value>
<value instanceof="33">
<value instanceof="16">
</value>
</value>
<value instanceof="35">
<![CDATA[ <br> </br> <a> <img> </img> </a> <a> Netflix Review </a> <br> </br> <a> <img> </img> </a> <a> Official Movie Site </a> <br> </br>]]>
</value>
<value instanceof="44">
<![CDATA[ <p> <hr> </hr> <a> </a> <font> <b> Synopsis </b> </font> </p> The Mummy Returns is set in 1935, 10 years after the events of the first film. Rick O'Connell (Brendan Fraser) is now married to Evelyn (Rachel Weisz), and the couple has settled in London, where they are raising their 9-year-old son Alex (played by screen newcomer Freddie Boath). <p>   When a chain of events finds the corpse of Imhotep (Arnold Vosloo) resurrected in the British Museum, the mummy Imhotep walks the earth once more, determined to fulfill his quest for immortality. But another force has also been set loose on the world... one born of the darkest rituals of ancient Egyptian mysticism, and even more powerful than Imhotep. When these two forces clash, the fate of the world will hang in the balance, sending the O'Connells on a desperate race to save the world from unspeakable evil, and rescue their son before it is too late. <p>   See movie reviews below. <p>  ]]>
</value>
<value instanceof="45">
<![CDATA[ <a href ='http://www.netflix.com/RoleDisplay?personid=20000735'> Brendan Fraser </a> , <a href ='http://www.netflix.com/RoleDisplay?personid=179894'> Rachel Weisz </a> , <a href ='http://www.netflix.com/RoleDisplay?personid=106727'> John Hannah </a> , <a href ='http://www.netflix.com/RoleDisplay?personid=96189'> Arnold Vosloo </a> , <a href ='http://www.netflix.com/RoleDisplay?personid=20006880'> Oded Fehr </a> , <a href ='http://www.netflix.com/RoleDisplay?personid=20007424'> Patricia Velazquez </a> , <a href ='http://www.netflix.com/RoleDisplay?personid=20028666'> Freddie Boath </a> , <a href ='http://www.netflix.com/RoleDisplay?personid=20003100'> Alun Armstrong </a> , <a href ='http://www.netflix.com/RoleDisplay?personid=20014468'> Dwayne Johnson </a> , <a href ='http://www.netflix.com/RoleDisplay?personid=16957160'> Adewale Akinnuoye-Agbaje </a> , <a href ='http://www.netflix.com/RoleDisplay?personid=20011827'> Aharon Ipale </a> <p>  ]]>
</value>
<value instanceof="46">
<![CDATA[ The Mummy]]>
</value>
<value instanceof="47">
<![CDATA[ You'll want your mummy when you spin this action-packed thriller from Universal Studios (the dream factory that produced the 1932 original). This remake joins the Indiana Jones series in the pantheon of great adventure flix. With strong performances by Brendan Fraser and Rachel Weisz, and a treasure trove of extras -- including a primer on Egyptian mythology -- The Mummy is a scream.]]>
</value>
<value instanceof="48">
<![CDATA[ PG-13]]>
</value>
<value instanceof="49">
<![CDATA[ (1999)]]>
</value>
<value instanceof="50">
<![CDATA[ Jurassic Park III]]>
</value>
<value instanceof="51">
<![CDATA[ More like "Your-ass-kicked" Park! Sam Neill as Dr. Alan Grant returns to the infamous Isla Sorna, this time in the company of William H. Macy and T&#233;a Leoni (two parents on the trail of their son who disappeared on the island). It isn't long before all hell breaks loose and the stranded wayfarers are literally up a creek without a paddle. Beware the Terror-dactyls!]]>
</value>
<value instanceof="52">
<![CDATA[ PG-13]]>
</value>
<value instanceof="53">
<![CDATA[ (2001)]]>
</value>
<value instanceof="54">
<![CDATA[ Tomb Raider]]>
</value>
<value instanceof="55">
<![CDATA[ Talk about typecasting! Angelina Jolie as the English aristocrat Lara Croft who moonlights as a "tomb raider" was an inspired notion. Skilled in hand-to-hand combat and packing more weapons than a SWAT team, the curvaceous Lara battles a secret society called the Illuminati, which possesses a gizmo that could control time as we know it. Jon Voight appears in ghostly flashbacks as her dear, departed pater.]]>
</value>
<value instanceof="56">
<![CDATA[ PG-13]]>
</value>
<value instanceof="57">
<![CDATA[ (2001)]]>
</value>
<value instanceof="58">
<![CDATA[ Rush Hour 2]]>
</value>
<value instanceof="59">
<![CDATA[ Opposites attract once again in this sequel to the box office blockbuster Rush Hour. Martial arts star Jackie Chan is a fine foil for the disdainful dish meted out by comedian Chris Tucker. Together, they reprise their roles as buddy cops on vacation in Hong Kong. But their R&R is cut short when an explosion kills two custom agents and Chan and Tucker are put on the case.]]>
</value>
<value instanceof="60">
<![CDATA[ PG-13]]>
</value>
<value instanceof="61">
<![CDATA[ (2001)]]>
</value>
<value instanceof="65">
<value instanceof="64">
<value instanceof="62">
<![CDATA[ Tom Johnson]]>
</value>
<value instanceof="63">
<![CDATA[ I'm not a big fan of return engagements. Outside of a few flicks you can count on the fingers of one hand (The Godfather: Part II, Terminator 2: Judgment Day), most sequels pale in comparison to the original. Worse yet, they often demean the prior effort in a sort of smear-factor ... <a> Complete Review </a>]]>
</value>
</value>
</value>
<value instanceof="66">
<![CDATA[ 303]]>
</value>
<value instanceof="67">
<value instanceof="12">
<value instanceof="11">
<![CDATA[ <p>   <a> </a> <table> <tr> <td> </td> <td> <font> <i> IA from UT </i> <font> <br> </br> ( <a> Read more about me ... </a> ) </font> </font> </td> <td> &nbsp; <font> <b> 87 </b> out of <b> 104 </b> people found this review helpful. </font> </td> </tr> </table> <font> WARNING - THIS DVD IS THE "PAN 'n SCAN" VERSION. DO NOT RENT IF YOU WANT THE WIDESCREEN VERSION. </font> <table> <tr> <td> </td> </tr> </table> I found this review &nbsp; <p>   <a> </a> <table> <tr> <td> </td> <td> <font> <i> NL from CA 6 </i> <font> <br> </br> ( <a> Read more about me ... </a> ) </font> </font> </td> <td> &nbsp; <font> <b> 91 </b> out of <b> 117 </b> people found this review helpful. </font> </td> </tr> </table> <font> The storyline is great. HOWEVER, when will the studios realize that 99% of DVD owners own DVD's because of the LETTERBOX or WIDESCREEN format. What a dis-service to present this movie in full screen format, so much is lost. Also a 'play all' option would have been nice for the feature section! ... <a> Complete Review </a> </font> <table> <tr> <td> </td> </tr> </table> I found this review &nbsp; <p>   <a> </a> <table> <tr> <td> </td> <td> <font> <i> Rick Walker </i> </font> </td> <td> &nbsp; <font> <b> 96 </b> out of <b> 128 </b> people found this review helpful. </font> </td> </tr> </table> <font> Where was the widescreen version that the graphic of the DVD promised? I could not watch this disc. I didn't put in a ten foot screen to see the sides of the movie chopped off. </font> <table> <tr> <td> </td> </tr> </table> I found this review &nbsp; <p>   &nbsp;]]>
</value>
</value>
<value instanceof="14">
</value>
<value instanceof="12">
<value instanceof="11">
<![CDATA[ <p>   <a> </a> <table> <tr> <td> </td> <td> <font> <i> TM from NJ 2 </i> <font> <br> </br> ( <a> Read more about me ... </a> ) </font> </font> </td> <td> </td> </tr> </table> <font> This movie should have stayed dead. The special effects could not save this dog. I guess I found out what the Rock had cookin'...nothin'! </font> <table> <tr> <td> </td> </tr> </table> I found this review &nbsp; <p>   <a> </a> <table> <tr> <td> </td> <td> <font> <i> David Whitehead </i> </font> </td> <td> </td> </tr> </table> <font> Not as good as the original (like most sequels) but still fun and entertaining. The director relied a little too much on the special effects but overall an enjoyable, fun spectacle. Although the DVD serves as a big promotional vehicle for the spin-off, 'The Scorpion King'... </font> <table> <tr> <td> </td> </tr> </table> I found this review &nbsp; <p>   <a> </a> <table> <tr> <td> </td> <td> <font> <i> Srividhya Sivakumar </i> </font> </td> <td> &nbsp; <font> <b> 1 </b> out of <b> 2 </b> people found this review helpful. </font> </td> </tr> </table> <font> This movie is not as thrilling as the Mummy because we already knew the characters and didn't like to that extent </font> <table> <tr> <td> </td> </tr> </table> I found this review &nbsp; <p>   <table> <tr> <td> <a> <font> <b> See All Customer Reviews </b> </font> </a> </td> </tr> </table>]]>
</value>
</value>
</value>
</value>

