<value instanceof="68">
<value instanceof="17">
<![CDATA[ The X-Files: Fight the Future]]>
</value>
<value instanceof="18">
<![CDATA[ (1998)]]>
</value>
<value instanceof="19">
<![CDATA[ <br>   <font face ="arial, sans-serif" size =-1> X-Files: The Movie </font> <br>  ]]>
</value>
<value instanceof="20">
<![CDATA[ English (Dolby Digital 2.0 Surround), English (Dolby Digital 5.1), French (Dolby Digital 2.0 Surround)]]>
</value>
<value instanceof="22">
<value instanceof="21">
</value>
</value>
<value instanceof="23">
<![CDATA[ <a href ='http://www.netflix.com/RoleDisplay?personid=26029'> David Duchovny </a> , <a href ='http://www.netflix.com/RoleDisplay?personid=11638181'> Gillian Anderson </a> , <a href ='/MovieDisplay?movieid=15867693&trkid=2069#cast'> More </a>]]>
</value>
<value instanceof="24">
<![CDATA[ <a href ='http://www.netflix.com/RoleDisplay?personid=10300'> Rob Bowman </a>]]>
</value>
<value instanceof="25">
<![CDATA[ 122 minutes]]>
</value>
<value instanceof="26">
<![CDATA[ PG-13]]>
</value>
<value instanceof="27">
<![CDATA[ Sci-Fi & Fantasy]]>
</value>
<value instanceof="28">
<![CDATA[ Widescreen]]>
</value>
<value instanceof="29">
<![CDATA[ English, Spanish]]>
</value>
<value instanceof="30">
<![CDATA[ 3.5]]>
</value>
<value instanceof="31">
<![CDATA[ (52,028]]>
</value>
<value instanceof="32">
<![CDATA[ Color; interactive menus; scene access; audio commentary by creator Chris Carter and director Rob Bowman; making-of; deleted footage; trailer.]]>
</value>
<value instanceof="33">
<value instanceof="16">
</value>
</value>
<value instanceof="35">
<![CDATA[ <br> </br> <a> <img> </img> </a> <a> Netflix Review </a> <br> </br>]]>
</value>
<value instanceof="44">
<![CDATA[ <p> <hr> </hr> <a> </a> <font> <b> Synopsis </b> </font> </p> Thirty-seven thousand years ago, a deadly secret was buried in a cave in Texas. Now the secret has been unleashed. And its discovery may mean the end of all humanity. <p>   "The plague to end all plagues..." When a terrorist bomb destroys a building in Dallas, Texas, FBI Agents Fox Mulder (David Duchovny) and Dana Scully (Gillian Anderson) are drawn into a dangerous conspiracy surpassing anything they've ever encountered. With the dubious assistance of a paranoid doctor (Academy Award winner Martin Landau), Mulder and Scully risk their careers and their lives to hunt down a deadly virus which may be extraterrestrial in origin, and could destroy life on earth. Their pursuit of the truth pits them against the mysterious Syndicate, powerful men who will stop at nothing to keep their secrets safe, leading the agents from a cave in Texas, to the halls of the FBI and finally to a secret installation in Antarctica which holds the greatest secret of them all. <p>   See movie reviews below. <p>   <b> About the DVD: </b> A very nicely put-together disc. The film is only in widescreen, which is great -- wasn't the whole point of the exercise to see Mulder and Scully in 1.85:1 as opposed to the 1.33:1 you see them in every week? There's great sound (THX-certified Dolby 5.1 and 2.0 for English with French 2.0), and the English and Spanish subs are nice -- even if Fox's subtitler doesn't seem to know that you "defuse" a bomb, you don't "diffuse" it. On an extras level, the commentary by X-Files creator and screenwriter Chris Carter and director Rob Bowman is OK, while the featurette is an interesting behind-the-scenes look. The DVD also includes the three original theatrical trailers, which are terrific -- exciting without being too revealing, enigmatic without being obscure. <p>  ]]>
</value>
<value instanceof="45">
<![CDATA[ <a href ='http://www.netflix.com/RoleDisplay?personid=26029'> David Duchovny </a> , <a href ='http://www.netflix.com/RoleDisplay?personid=11638181'> Gillian Anderson </a> , <a href ='http://www.netflix.com/RoleDisplay?personid=52410'> Martin Landau </a> , <a href ='http://www.netflix.com/RoleDisplay?personid=22419'> William B. Davis </a> , <a href ='http://www.netflix.com/RoleDisplay?personid=20000096'> John Neville </a> , <a href ='http://www.netflix.com/RoleDisplay?personid=20004550'> Mitch Pileggi </a> , <a href ='http://www.netflix.com/RoleDisplay?personid=21795'> Blythe Danner </a> , <a href ='http://www.netflix.com/RoleDisplay?personid=66304'> Armin Mueller-Stahl </a> <p>  ]]>
</value>
<value instanceof="46">
<![CDATA[ Star Trek: Insurrection]]>
</value>
<value instanceof="47">
<![CDATA[ The Prime Directive was clear: No Star Fleet expedition would ever interfere with the natural development of other civilizations. Now, Capt. Picard is confronted with orders that undermine that decree.]]>
</value>
<value instanceof="48">
<![CDATA[ PG]]>
</value>
<value instanceof="49">
<![CDATA[ (1998)]]>
</value>
<value instanceof="50">
<![CDATA[ Lost in Space]]>
</value>
<value instanceof="51">
<![CDATA[ Bag a perfect score in the trivia game "Your Mission," and your reward will be a hilarious blooper reel. If you like spoilers, here are the answers: Part 1: c; b; c; b. Part 2: b; a; c; d. Part 3: 1965; 1966; 1966; 1980. Part 4: 15; 1997; 4; 1992. Make sure you enter the correct answers, or you'll have to start again.]]>
</value>
<value instanceof="52">
<![CDATA[ PG-13]]>
</value>
<value instanceof="53">
<![CDATA[ (1998)]]>
</value>
<value instanceof="54">
<![CDATA[ Star Trek V: The Final Frontier]]>
</value>
<value instanceof="55">
<![CDATA[ Captain Kirk (William Shatner) leads his crew on a mission to free kidnapped diplomats. Arriving at the planet Nimbus III, Kirk & Co. come face to face with the captor: a smiling Vulcan named Sybok (Laurence Luckinbill) who's Mr. Spock's half-brother. Obsessively searching for God, Sybok hijacks the Enterprise and sets a course for the center of the galaxy.]]>
</value>
<value instanceof="56">
<![CDATA[ PG]]>
</value>
<value instanceof="57">
<![CDATA[ (1989)]]>
</value>
<value instanceof="58">
<![CDATA[ Alien 3]]>
</value>
<value instanceof="59">
<![CDATA[]]>
</value>
<value instanceof="60">
<![CDATA[ R]]>
</value>
<value instanceof="61">
<![CDATA[ (1992)]]>
</value>
<value instanceof="65">
<value instanceof="64">
<value instanceof="62">
<![CDATA[ James Rocchi]]>
</value>
<value instanceof="63">
<![CDATA[ Bearing in mind that I've maybe watched one episode of the X-Files, and have no emotional investment in Mulder (David Duchovny) and Scully (Gillian Anderson) (or, as I wind up calling them on occasion, "Sculder") I was awestruck by how much I enjoyed the X-Files movie. The film starts with a bang, ... <a> Complete Review </a>]]>
</value>
</value>
</value>
<value instanceof="66">
<![CDATA[ 51]]>
</value>
<value instanceof="67">
<value instanceof="12">
<value instanceof="11">
<![CDATA[ <p>   <a> </a> <table> <tr> <td> </td> <td> <font> <i> Christy </i> <font> <br> </br> ( <a> Read more about me ... </a> ) </font> </font> </td> <td> &nbsp; <font> <b> 17 </b> out of <b> 20 </b> people found this review helpful. </font> </td> </tr> </table> <font> O.K. So everyone knows I love Duchovny. But, I am also an X-phile. Have been since the first episode. My husband, however, never watched the show, before we watched this movie together. He understood the movie fine, and is now an X-phile himself. You don't have to watch the show to love this ... <a> Complete Review </a> </font> <table> <tr> <td> </td> </tr> </table> I found this review &nbsp; <p>   <a> </a> <table> <tr> <td> </td> <td> <font> <i> MA from CA 13 </i> <font> <br> </br> ( <a> Read more about me ... </a> ) </font> </font> </td> <td> &nbsp; <font> <b> 35 </b> out of <b> 59 </b> people found this review helpful. </font> </td> </tr> </table> <font> This played like a subpar mytharc episode mixed with Alien. Considering the script wasn't even completed upon shooting of the film, its no wonder the story was badly written. After seeing the film, it was clear that FOX and 1013 were no longer interested in writing innovative and exciting ... <a> Complete Review </a> </font> <table> <tr> <td> </td> </tr> </table> I found this review &nbsp; <p>   <a> </a> <table> <tr> <td> </td> <td> <font> <i> DJ from CA 2 </i> <font> <br> </br> ( <a> Read more about me ... </a> ) </font> </font> </td> <td> &nbsp; <font> <b> 16 </b> out of <b> 27 </b> people found this review helpful. </font> </td> </tr> </table> <font> I've been an avid X-Files fan since its inception, and I was disappointed with this movie. As was the pattern in the series before the movie, you were left with more questions asked than answered, and it was just getting tiresome. The movie moved quite slowly, and I ended up not really ... <a> Complete Review </a> </font> <table> <tr> <td> </td> </tr> </table> I found this review &nbsp; <p>   &nbsp;]]>
</value>
</value>
<value instanceof="14">
</value>
<value instanceof="12">
<value instanceof="11">
<![CDATA[ <p>   <a> </a> <table> <tr> <td> </td> <td> <font> <i> Tony from TN </i> <font> <br> </br> ( <a> Read more about me ... </a> ) </font> </font> </td> <td> </td> </tr> </table> <font> This is a great work by Chris Carter! Duchevney, and Anderson are great, and makes the movie great. I have seen this several times, and would watch it again. (I can because I own it!) A must see and addition to your collection. </font> <table> <tr> <td> </td> </tr> </table> I found this review &nbsp; <p>   <a> </a> <table> <tr> <td> </td> <td> <font> <i> Juan Saldana </i> </font> </td> <td> &nbsp; <font> <b> 1 </b> out of <b> 2 </b> people found this review helpful. </font> </td> </tr> </table> <font> Chris Carter continues in the film, what he's been doing with the series. Always adding surprises along the way, bringing back the past, giving you clues and then taking them away. The film does the series justice. For those who've only seen the movie, it will be funny and exciting. For those who ... <a> Complete Review </a> </font> <table> <tr> <td> </td> </tr> </table> I found this review &nbsp; <p>   <a> </a> <table> <tr> <td> </td> <td> <font> <i> CG from NC </i> <font> <br> </br> ( <a> Read more about me ... </a> ) </font> </font> </td> <td> &nbsp; <font> <b> 2 </b> out of <b> 5 </b> people found this review helpful. </font> </td> </tr> </table> <font> There was really nothing that seperated the movie from the tv show. That may sound good, but it felt like I was just watching a really long episode from TV. No Movie quality about it and the plot was confusing and ended with zero answers. </font> <table> <tr> <td> </td> </tr> </table> I found this review &nbsp; <p>   <table> <tr> <td> <a> <font> <b> See All Customer Reviews </b> </font> </a> </td> </tr> </table>]]>
</value>
</value>
</value>
</value>

