<value instanceof="68">
<value instanceof="17">
<![CDATA[ A Knight's Tale]]>
</value>
<value instanceof="18">
<![CDATA[ (2001)]]>
</value>
<value instanceof="19">
<![CDATA[ <br>  ]]>
</value>
<value instanceof="20">
<![CDATA[ English (Dolby Digital 5.1), French (Dolby Digital 2.0 Stereo)]]>
</value>
<value instanceof="22">
</value>
<value instanceof="23">
<![CDATA[ <a href ='http://www.netflix.com/RoleDisplay?personid=20000005'> Heath Ledger </a> , <a href ='http://www.netflix.com/RoleDisplay?personid=191418'> Mark Addy </a> , <a href ='/MovieDisplay?movieid=60020626&trkid=2069#cast'> More </a>]]>
</value>
<value instanceof="24">
<![CDATA[ <a href ='http://www.netflix.com/RoleDisplay?personid=40814'> Brian Helgeland </a>]]>
</value>
<value instanceof="25">
<![CDATA[ 129 minutes]]>
</value>
<value instanceof="26">
<![CDATA[ PG-13]]>
</value>
<value instanceof="27">
<![CDATA[ Action & Adventure]]>
</value>
<value instanceof="28">
<![CDATA[ Widescreen]]>
</value>
<value instanceof="29">
<![CDATA[ English, French]]>
</value>
<value instanceof="30">
<![CDATA[ 3.5]]>
</value>
<value instanceof="31">
<![CDATA[ (41,885]]>
</value>
<value instanceof="32">
<![CDATA[ Color; interactive menus; scene access; trailer; audio commentary; HBO's making-of; music video; production info; behind-the-scenes featurettes; deleted scenes; cast and crew information; additional DVD ROM features.]]>
</value>
<value instanceof="33">
</value>
<value instanceof="35">
<![CDATA[ <br> </br> <a> <img> </img> </a> <a> Netflix Review </a> <br> </br> <a> <img> </img> </a> <a> Mr. DVD Recommends </a> <br> </br> <a> <img> </img> </a> <a> Official Movie Site </a> <br> </br>]]>
</value>
<value instanceof="44">
<![CDATA[ <p> <hr> </hr> <a> </a> <font> <b> Synopsis </b> </font> </p> Inspired by "The Canterbury Tales," this is the story of William , a young squire with a gift for jousting. After his master dies suddenly, the squire hits the road with his cohorts Roland and Wat. On the journey, they stumble across an unknown writer, Chaucer. William, lacking a proper pedigree, convinces Chaucer to forge genealogy documents that will pass him off as a knight. With his newly-minted history in hand, the young man sets out to prove himself a worthy knight at the country's jousting competition, and finds romance along the way. <p>   See movie reviews below. <p>  ]]>
</value>
<value instanceof="45">
<![CDATA[ <a href ='http://www.netflix.com/RoleDisplay?personid=20000005'> Heath Ledger </a> , <a href ='http://www.netflix.com/RoleDisplay?personid=191418'> Mark Addy </a> , <a href ='http://www.netflix.com/RoleDisplay?personid=84324'> Rufus Sewell </a> , <a href ='http://www.netflix.com/RoleDisplay?personid=20017662'> Paul Bettany </a> , <a href ='http://www.netflix.com/RoleDisplay?personid=20027437'> Shannyn Sossamon </a> , <a href ='http://www.netflix.com/RoleDisplay?personid=20015557'> Alan Tudyk </a> , <a href ='http://www.netflix.com/RoleDisplay?personid=20006971'> Laura Fraser </a> , <a href ='http://www.netflix.com/RoleDisplay?personid=20027438'> Christopher Cazenove </a> , <a href ='http://www.netflix.com/RoleDisplay?personid=20027439'> Berenice Bejo </a> , <a href ='http://www.netflix.com/RoleDisplay?personid=20023078'> Roger Ashton-Griffiths </a> <p>  ]]>
</value>
<value instanceof="46">
<![CDATA[ Believe]]>
</value>
<value instanceof="47">
<![CDATA[ Ben Stiles loves to scare people. But he's about to get the fright of his life when the mysterious wailing ghost of Wickwire House beckons Ben and his friend Katherine into the eerie world of the supernatural.]]>
</value>
<value instanceof="48">
<![CDATA[ PG-13]]>
</value>
<value instanceof="49">
<![CDATA[ (1999)]]>
</value>
<value instanceof="50">
<![CDATA[ Driven]]>
</value>
<value instanceof="51">
<![CDATA[ A high-tech action drama set in the dangerous, exhilarating world of open-wheel racing, Driven centers on the lives and careers of four drivers chasing the ultimate adrenaline rush.]]>
</value>
<value instanceof="52">
<![CDATA[ PG-13]]>
</value>
<value instanceof="53">
<![CDATA[ (2001)]]>
</value>
<value instanceof="54">
<![CDATA[ Pearl Harbor]]>
</value>
<value instanceof="55">
<![CDATA[ Ten-hut! Studly Air Force fighter pilots Ben Affleck and Josh Hartnett are tough-as-nails risk-takers who must battle Japanese Zeros -- and each other -- for the affections of comely nurse Kate Beckinsale. Set against the cataclysmic events of December 7, 1941, Pearl Harbor comes at you like a white-hot tracer bullet fired point-blank. Batten down the hatches, it's gonna be a bumpy war!]]>
</value>
<value instanceof="56">
<![CDATA[ PG-13]]>
</value>
<value instanceof="57">
<![CDATA[ (2001)]]>
</value>
<value instanceof="58">
<![CDATA[ Exit Wounds]]>
</value>
<value instanceof="59">
<![CDATA[ Steven Seagal stars as maverick Detroit police detective Orin Boyd, whose take-no-prisoners approach to domestic terrorism gets him booted downtown to the city's toughest precinct.]]>
</value>
<value instanceof="60">
<![CDATA[ R]]>
</value>
<value instanceof="61">
<![CDATA[ (2001)]]>
</value>
<value instanceof="65">
<value instanceof="64">
<value instanceof="62">
<![CDATA[ David Fear]]>
</value>
<value instanceof="63">
<![CDATA[ There's a telling scene, early in A Knight's Tale, where a young writer named Geoffrey Chaucer (yes, <i> that </i> Chaucer, of <i> The Canterbury Tales </i> renown) attempts to woo the crowd with a speech full of flowery poetics. The crowd remains silent and confused at this eloquence until a fellow ... <a> Complete Review </a>]]>
</value>
</value>
</value>
<value instanceof="66">
<![CDATA[ 333]]>
</value>
<value instanceof="67">
<value instanceof="12">
<value instanceof="11">
<![CDATA[ <p>   <a> </a> <table> <tr> <td> </td> <td> <font> <i> The Sheikh, MA </i> <font> <br> </br> ( <a> Read more about me ... </a> ) </font> </font> </td> <td> &nbsp; <font> <b> 100 </b> out of <b> 127 </b> people found this review helpful. </font> </td> </tr> </table> <font> I expected this movie to fall flat on its face...to my astonishment I enjoyed it thoroughly. Such a movie requires you to suspend your beliefs at certain moments to truly enjoy the film, if you can't do this, and all you crave is historical accuracy, then this movie is NOT for you. </font> <table> <tr> <td> </td> </tr> </table> I found this review &nbsp; <p>   <a> </a> <table> <tr> <td> </td> <td> <font> <i> MD from NC 2 </i> <font> <br> </br> ( <a> Read more about me ... </a> ) </font> </font> </td> <td> &nbsp; <font> <b> 84 </b> out of <b> 99 </b> people found this review helpful. </font> </td> </tr> </table> <font> I'm amazed when I read reviews of this movie - which sets a medieval story to a blatantly rock film score - and hear people use words like "history" (as in, not enough of) and "serious" (as if it was meant to be taken that way). This is not meant to be a history lesson or a serious analysis of ... <a> Complete Review </a> </font> <table> <tr> <td> </td> </tr> </table> I found this review &nbsp; <p>   <a> </a> <table> <tr> <td> </td> <td> <font> <i> Star Isford </i> </font> </td> <td> &nbsp; <font> <b> 54 </b> out of <b> 79 </b> people found this review helpful. </font> </td> </tr> </table> <font> I love movies set on a medevil atmosphere. Well I had to find a movie that I could take my kids to and this is the one we chose, they loved it and I loved it. This is a great way to get younger people interested in medevil life. </font> <table> <tr> <td> </td> </tr> </table> I found this review &nbsp; <p>   &nbsp;]]>
</value>
</value>
<value instanceof="14">
</value>
<value instanceof="12">
<value instanceof="11">
<![CDATA[ <p>   <a> </a> <table> <tr> <td> </td> <td> <font> <i> becky </i> </font> </td> <td> </td> </tr> </table> <font> This is a funny and well edited movie with lots of cool jousting scenes. Loved Chaucer's speeches and the Will was a babe. The contemporary soundtrack adds to the reality. The extras are also fun to watch. </font> <table> <tr> <td> </td> </tr> </table> I found this review &nbsp; <p>   <a> </a> <table> <tr> <td> </td> <td> <font> <i> Cary K. Conover </i> </font> </td> <td> </td> </tr> </table> <font> If you enjoy historical fiction, then this movie might be up your jousting alley. Some major deviations, but plot and storyline are believable. Internal strength and will to succeed always perservere! </font> <table> <tr> <td> </td> </tr> </table> I found this review &nbsp; <p>   <a> </a> <table> <tr> <td> </td> <td> <font> <i> MaxRebos </i> <font> <br> </br> ( <a> Read more about me ... </a> ) </font> </font> </td> <td> </td> </tr> </table> <font> I heard this movie was not suppose to be so good, but it WAS. A good plot, my kids age 9 and 5 liked it as well as my parents in their 60's, and me my upper 30's. Great joisting action. Well worth the rental. </font> <table> <tr> <td> </td> </tr> </table> I found this review &nbsp; <p>   <table> <tr> <td> <a> <font> <b> See All Customer Reviews </b> </font> </a> </td> </tr> </table>]]>
</value>
</value>
</value>
</value>

