<value instanceof="68">
<value instanceof="17">
<![CDATA[ Cast Away]]>
</value>
<value instanceof="18">
<![CDATA[ (2000)]]>
</value>
<value instanceof="19">
<![CDATA[ <br>   <font face ="arial, sans-serif" size =-1> Castaway </font> <br>  ]]>
</value>
<value instanceof="20">
<![CDATA[ English (DTS 5.1 Surround), English (Dolby Digital 5.1), French (Dolby Digital 2.0 Stereo)]]>
</value>
<value instanceof="22">
<value instanceof="21">
</value>
</value>
<value instanceof="23">
<![CDATA[ <a href ='http://www.netflix.com/RoleDisplay?personid=39020'> Tom Hanks </a> , <a href ='http://www.netflix.com/RoleDisplay?personid=44015'> Helen Hunt </a> , <a href ='/MovieDisplay?movieid=60020683&trkid=4368#cast'> More </a>]]>
</value>
<value instanceof="24">
<![CDATA[ <a href ='http://www.netflix.com/RoleDisplay?personid=102254'> Robert Zemeckis </a>]]>
</value>
<value instanceof="25">
<![CDATA[ 143 minutes]]>
</value>
<value instanceof="26">
<![CDATA[ PG-13]]>
</value>
<value instanceof="27">
<![CDATA[ Drama]]>
</value>
<value instanceof="28">
<![CDATA[ Widescreen Anamorphic]]>
</value>
<value instanceof="29">
<![CDATA[ Spanish]]>
</value>
<value instanceof="30">
<![CDATA[ 3.8]]>
</value>
<value instanceof="31">
<![CDATA[ (81,543]]>
</value>
<value instanceof="32">
<![CDATA[ Color; interactive menus; scene access; theatrical trailer; audio commentary by Robert Zemeckis; "The Charlie Rose Show" interview with Tom Hanks; "Wilson: The Life and Death of a Hollywood Extra" featurette; "The Island" featurette; "HBO First Look" documentary; "Survivalists" docmentary; special effects vignettes; still gallery; storyboard-to-film comparison]]>
</value>
<value instanceof="33">
</value>
<value instanceof="35">
<![CDATA[ <br> </br> <a> <img> </img> </a> <a> Official Movie Site </a> <br> </br>]]>
</value>
<value instanceof="44">
<![CDATA[ <p> <hr> </hr> <a> </a> <font> <b> Synopsis </b> </font> </p> Please note that this disc contains the movie only. If you'd like to see the bonus material, please rent <b> Cast Away: Bonus Disc </b> . <p>   At the edge of the world, his journey begins. <p>   In Cast Away, Academy Award-winning filmmaker Robert Zemeckis and two-time Oscar winner Tom Hanks reunite to explore the blessings and heartache of fate and the survival of the human spirit. <p>   Hanks stars as Chuck Noland, a FedEx systems engineer whose personal and professional life are ruled by the clock. His fast-paced career takes him, often at a moment's notice, to far-flung locales -and away from his girlfriend Kelly, played by Helen Hunt. <p>   Chuck's manic existence abruptly ends when, after a plane crash, he becomes isolated on a remote island - cast away into the most desolate environment imaginable. Stripped of the conveniences of everyday life, he first must meet the basic needs of survival, including water, food and shelter. Chuck, the consummate problem solver, eventually figures out how to sustain himself physically. But then what? Chuck begins his true personal journey. <p>   After four years, fate gives Chuck a chance to fight his way back to civilization, only to find an unexpected emotional challenge greater than all the earlier physical ones. His ability to persevere and to hope are a product of his life-changing experience. Though the conclusion of Chuck's story may not be a conventional Hollywood ending, it is, like life, full of truth, pain and promise. <p>   See movie reviews below. <p>  ]]>
</value>
<value instanceof="45">
<![CDATA[ <a href ='http://www.netflix.com/RoleDisplay?personid=39020'> Tom Hanks </a> , <a href ='http://www.netflix.com/RoleDisplay?personid=44015'> Helen Hunt </a> , <a href ='http://www.netflix.com/RoleDisplay?personid=83715'> Nick Searcy </a> , <a href ='http://www.netflix.com/RoleDisplay?personid=20017710'> Chris Noth </a> , <a href ='http://www.netflix.com/RoleDisplay?personid=20027567'> Lari White </a> , <a href ='http://www.netflix.com/RoleDisplay?personid=20013733'> Geoffrey Blake </a> , <a href ='http://www.netflix.com/RoleDisplay?personid=54996'> Jenifer Lewis </a> , <a href ='http://www.netflix.com/RoleDisplay?personid=20001987'> Nan Martin </a> , <a href ='http://www.netflix.com/RoleDisplay?personid=20018833'> Wendy Worthington </a> , <a href ='http://www.netflix.com/RoleDisplay?personid=20023027'> Valerie Wildman </a> , <a href ='http://www.netflix.com/RoleDisplay?personid=20018007'> Steve Monroe </a> , <a href ='http://www.netflix.com/RoleDisplay?personid=14556045'> Elden Henson </a> , <a href ='http://www.netflix.com/RoleDisplay?personid=414'> Jay Acovone </a> , <a href ='http://www.netflix.com/RoleDisplay?personid=51291'> Christopher Kriesa </a> , <a href ='http://www.netflix.com/RoleDisplay?personid=20008606'> Michael Forest </a> , <a href ='http://www.netflix.com/RoleDisplay?personid=20008526'> Ashley Edner </a> <p>  ]]>
</value>
<value instanceof="46">
<![CDATA[ The Perfect Storm]]>
</value>
<value instanceof="47">
<![CDATA[ Veteran fisherman Captain Billy Tyne (George Clooney), who has had a run of disappointing catches and is determined to change his luck, heads out to sea despite the danger of an oncoming storm.]]>
</value>
<value instanceof="48">
<![CDATA[ PG-13]]>
</value>
<value instanceof="49">
<![CDATA[ (2000)]]>
</value>
<value instanceof="50">
<![CDATA[ Six Days, Seven Nights]]>
</value>
<value instanceof="51">
<![CDATA[ This action-comedy finds a mismatched couple thrown together as their plane crash lands them on a deserted island. The bickering twosome must fight their way off the island, facing danger at every turn!]]>
</value>
<value instanceof="52">
<![CDATA[ PG-13]]>
</value>
<value instanceof="53">
<![CDATA[ (1998)]]>
</value>
<value instanceof="54">
<![CDATA[ The Family Man]]>
</value>
<value instanceof="55">
<![CDATA[ Cutthroat investment banker Jack Campbell (Nicolas Cage), who eschews emotional ties, is transported into the prosaic life he might have had if he'd wed his college sweetheart (T&#233;a Leoni). Instead of a Ferrari, Campbell drives a malfunctioning minivan and is saddled with two screaming kids &#8230; but learns to love every minute of it. A nice modern-day riff on It's a Wonderful Life.]]>
</value>
<value instanceof="56">
<![CDATA[ PG-13]]>
</value>
<value instanceof="57">
<![CDATA[ (2000)]]>
</value>
<value instanceof="58">
<![CDATA[ The Green Mile]]>
</value>
<value instanceof="59">
<![CDATA[ Set on death row in a Southern prison, The Green Mile chronicles the story of the cell block's head guard (Tom Hanks), who develops a poignant relationship with an inmate (Michael Clarke Duncan) who possesses a miraculous gift.]]>
</value>
<value instanceof="60">
<![CDATA[ R]]>
</value>
<value instanceof="61">
<![CDATA[ (1999)]]>
</value>
<value instanceof="65">
</value>
<value instanceof="66">
<![CDATA[ 375]]>
</value>
<value instanceof="67">
<value instanceof="12">
<value instanceof="11">
<![CDATA[ <p>   <a> </a> <table> <tr> <td> </td> <td> <font> <i> RB from OR </i> <font> <br> </br> ( <a> Read more about me ... </a> ) </font> </font> </td> <td> &nbsp; <font> <b> 96 </b> out of <b> 125 </b> people found this review helpful. </font> </td> </tr> </table> <font> The special effects alone are worth the time to watch this movie. Hanks does a great job, yet again, so versital. True to the psychological affects a crash of this magnatude would have on the human psychi. It was fascinating, I was riveted to my seat through the entire movie. It has it all, ... <a> Complete Review </a> </font> <table> <tr> <td> </td> </tr> </table> I found this review &nbsp; <p>   <a> </a> <table> <tr> <td> </td> <td> <font> <i> Lori Young </i> </font> </td> <td> &nbsp; <font> <b> 77 </b> out of <b> 102 </b> people found this review helpful. </font> </td> </tr> </table> <font> This is truly Tom Hanks at his best. For someone to play a part in a movie and be the only actor on the screen, speaking minimal lines, you know just what he is feeling and thinking. A great tribute to the man. He can really act. Wonderful movie. If you like Tom Hanks, you will love this movie. </font> <table> <tr> <td> </td> </tr> </table> I found this review &nbsp; <p>   <a> </a> <table> <tr> <td> </td> <td> <font> <i> DR from CA 16 </i> <font> <br> </br> ( <a> Read more about me ... </a> ) </font> </font> </td> <td> &nbsp; <font> <b> 69 </b> out of <b> 97 </b> people found this review helpful. </font> </td> </tr> </table> <font> The first and last 15 minutes are a waste but the rest of the movie is outstanding. That Hanks could carry the movie saying only a few words for 2 hours really speaks volumes about his acting ability. The plane crash, the abscessed tooth, the relationship with Wilson, and countless other scenes, ... <a> Complete Review </a> </font> <table> <tr> <td> </td> </tr> </table> I found this review &nbsp; <p>   &nbsp;]]>
</value>
</value>
<value instanceof="14">
</value>
<value instanceof="12">
<value instanceof="11">
<![CDATA[ <p>   <a> </a> <table> <tr> <td> </td> <td> <font> <i> Yvonne McDermott </i> </font> </td> <td> </td> </tr> </table> <font> Movie was long and had its points where it seemed to drag out the story line. The ending could have been better </font> <table> <tr> <td> </td> </tr> </table> I found this review &nbsp; <p>   <a> </a> <table> <tr> <td> </td> <td> <font> <i> Barbara from CA </i> </font> </td> <td> </td> </tr> </table> <font> Just a warning - don't listen to the commentary unless you want to know every detail about the fake sound, fake waves, fake wind and fake trees. If you are a sound, light or computer graphic engineer you might find this minutia fascinting, otherwise, keep the movie fantasy intact and skip the ... <a> Complete Review </a> </font> <table> <tr> <td> </td> </tr> </table> I found this review &nbsp; <p>   <a> </a> <table> <tr> <td> </td> <td> <font> <i> John Harris </i> </font> </td> <td> </td> </tr> </table> <font> Enjoyable movie. Hanks again turned in a great performance. Too bad though that so much of the movie is without Helen Hunt. It is worth viewing. </font> <table> <tr> <td> </td> </tr> </table> I found this review &nbsp; <p>   <table> <tr> <td> <a> <font> <b> See All Customer Reviews </b> </font> </a> </td> </tr> </table>]]>
</value>
</value>
</value>
</value>

