<value instanceof="68">
<value instanceof="17">
<![CDATA[ Shrek]]>
</value>
<value instanceof="18">
<![CDATA[ (2001)]]>
</value>
<value instanceof="19">
<![CDATA[ <br>  ]]>
</value>
<value instanceof="20">
<![CDATA[ English (DTS 5.1 Surround), English (Dolby Digital 2.0 Surround), French (Dolby Digital 2.0 Surround), Spanish (Dolby Digital 2.0 Surround)]]>
</value>
<value instanceof="22">
<value instanceof="21">
</value>
</value>
<value instanceof="23">
<![CDATA[ <a href ='http://www.netflix.com/RoleDisplay?personid=66904'> Mike Myers </a> , <a href ='http://www.netflix.com/RoleDisplay?personid=66658'> Eddie Murphy </a> , <a href ='/MovieDisplay?movieid=60020686&trkid=4368#cast'> More </a>]]>
</value>
<value instanceof="24">
<![CDATA[ <a href ='http://www.netflix.com/RoleDisplay?personid=20027765'> Andrew Adamson </a> , <a href ='http://www.netflix.com/RoleDisplay?personid=20027766'> Vicky Jenson </a>]]>
</value>
<value instanceof="25">
<![CDATA[ 93 minutes]]>
</value>
<value instanceof="26">
<![CDATA[ PG]]>
</value>
<value instanceof="27">
<![CDATA[ Children & Family]]>
</value>
<value instanceof="28">
<![CDATA[ Pan-and-Scan]]>
</value>
<value instanceof="29">
<![CDATA[ English, French, Spanish]]>
</value>
<value instanceof="30">
<![CDATA[ 4.3]]>
</value>
<value instanceof="31">
<![CDATA[ (60,437]]>
</value>
<value instanceof="32">
<![CDATA[ Color; interactive menus; scene access; HBO First-Look making-of featurette; sneak peeks; cast and crew information; production notes; interactive game; karoke dance party; additional DVD ROM features.]]>
</value>
<value instanceof="33">
<value instanceof="16">
</value>
</value>
<value instanceof="35">
<![CDATA[ <br> </br> <a> <img> </img> </a> <a> Netflix Review </a> <br> </br> <a> <img> </img> </a> <a> Official Movie Site </a> <br> </br>]]>
</value>
<value instanceof="44">
<![CDATA[ <p> <hr> </hr> <a> </a> <font> <b> Synopsis </b> </font> </p> <b> Please note that this disc features the full screen version of the film, as well as some bonus features. For the widescreen version, please rent the bonus disc. </b> <p>   Once upon a time in a far away swamp, there lived an ornery ogre named Shrek (Mike Myers) whose precious solitude is suddenly shattered by an invasion of annoying fairy-tale characters. There are blind mice in his food, a big, bad wolf in his bed, three little homeless pigs and more, all banished from their kingdom by the evil Lord Farquaad (John Lithgow). Determined to save their home-not to mention his own-Shrek cuts a deal with Farquaad and sets out to rescue the beautiful Princess Fiona (Cameron Diaz) to be Farquaad's bride. Accompanying him on his mission is a wisecracking Donkey (Eddie Murphy), who will do anything for Shrek ... except shut up. Rescuing the Princess from a fire-breathing dragon may prove the least of their problems when the deep, dark secret she has been keeping is revealed. <p>   See movie reviews below. <p>  ]]>
</value>
<value instanceof="45">
<![CDATA[ <a href ='http://www.netflix.com/RoleDisplay?personid=66904'> Mike Myers </a> , <a href ='http://www.netflix.com/RoleDisplay?personid=66658'> Eddie Murphy </a> , <a href ='http://www.netflix.com/RoleDisplay?personid=160536'> Cameron Diaz </a> , <a href ='http://www.netflix.com/RoleDisplay?personid=55643'> John Lithgow </a> , <a href ='http://www.netflix.com/RoleDisplay?personid=20010957'> Vincent Cassel </a> , <a href ='http://www.netflix.com/RoleDisplay?personid=115197'> Jim Cummings </a> , <a href ='http://www.netflix.com/RoleDisplay?personid=20012620'> Kathleen Freeman </a> <p>  ]]>
</value>
<value instanceof="46">
<![CDATA[ Dr. Dolittle 2]]>
</value>
<value instanceof="47">
<![CDATA[ Eddie Murphy talks to the animals once again in this well-loved family comedy. This time, it's up to the good doctor to defend the habitat of a lone female bear, Ava (voiced by Lisa Kudrow), and introduce her to a suitable (if intellectually challenged) mate (voiced by Steve Zahn). Adults will enjoy the sly humor of Issac Hayes playing a possum; kids will love the world-class animatronics.]]>
</value>
<value instanceof="48">
<![CDATA[ PG]]>
</value>
<value instanceof="49">
<![CDATA[ (2001)]]>
</value>
<value instanceof="50">
<![CDATA[ Toy Story]]>
</value>
<value instanceof="51">
<![CDATA[ When Andy gets a Buzz Lightyear action figure (voiced by Tim Allen), the other toys welcome him -- except Andy's favorite, Woody (Tom Hanks). After his jealousy hurls Buzz into the perilous outside world, can a contrite Woody save the day?]]>
</value>
<value instanceof="52">
<![CDATA[ G]]>
</value>
<value instanceof="53">
<![CDATA[ (1995)]]>
</value>
<value instanceof="54">
<![CDATA[ The Grinch]]>
</value>
<value instanceof="55">
<![CDATA[ Dr. Seuss's much-loved tome about the real meaning of Christmas finally makes it to the big screen, with comic wunderkind Jim Carrey starring in the titular role of a green-faced gnome who plots to rob Whoville of the Yuletide. Several songs from the classic 1966 animated cartoon have also made the transition. Pass that last can of Who Hash, will ya?]]>
</value>
<value instanceof="56">
<![CDATA[ PG]]>
</value>
<value instanceof="57">
<![CDATA[ (2000)]]>
</value>
<value instanceof="58">
<![CDATA[ Spy Kids]]>
</value>
<value instanceof="59">
<![CDATA[ The tables are turned when pint-sized kids Carmen and Juni must rescue their secret-agent parents (Antonio Banderas and Carla Gugino) from the diabolical clutches of Alexander Minion (Tony Shalhoub). Minion is after a powerful artificial brain that will automate his army of kid robots to do his bidding. Can world domination be far behind? A real winner for both kids and adults.]]>
</value>
<value instanceof="60">
<![CDATA[ PG]]>
</value>
<value instanceof="61">
<![CDATA[ (2001)]]>
</value>
<value instanceof="65">
<value instanceof="64">
<value instanceof="62">
<![CDATA[ Rob Blackwelder]]>
</value>
<value instanceof="63">
<![CDATA[ Once upon a time, there was a mean ogre who lived in an enchanted forest full of suspiciously familiar characters -- including a trio of little pigs forever on the run from a wolf, a little wooden boy who was a pathological liar and seven midgets fretting about a beautiful girl in a glass ... <a> Complete Review </a>]]>
</value>
</value>
</value>
<value instanceof="66">
<![CDATA[ 377]]>
</value>
<value instanceof="67">
<value instanceof="12">
<value instanceof="11">
<![CDATA[ <p>   <a> </a> <table> <tr> <td> </td> <td> <font> <i> Austringer </i> <font> <br> </br> ( <a> Read more about me ... </a> ) </font> </font> </td> <td> &nbsp; <font> <b> 42 </b> out of <b> 56 </b> people found this review helpful. </font> </td> </tr> </table> <font> This has been the best movie I've seen this year. Great fun for kids, teens, and adults alike. Like Bugs Bunny cartoons, there's some humor that'll fly over little kids' heads that adults will catch, and some physical humor that kids will love but will have more "proper" adults wincing. The ... <a> Complete Review </a> </font> <table> <tr> <td> </td> </tr> </table> I found this review &nbsp; <p>   <a> </a> <table> <tr> <td> </td> <td> <font> <i> Jada </i> <font> <br> </br> ( <a> Read more about me ... </a> ) </font> </font> </td> <td> &nbsp; <font> <b> 31 </b> out of <b> 43 </b> people found this review helpful. </font> </td> </tr> </table> <font> I can't remember laughing so hard during a movie that's come out recently... I took my 6 year old daughter and we both had a BLAST! Early in the movie when the Dragon is getting attacked, my daughter got lots of funny looks from the kids around her when she said (loudly) "Awww, poor Draggie!" -- ... <a> Complete Review </a> </font> <table> <tr> <td> </td> </tr> </table> I found this review &nbsp; <p>   <a> </a> <table> <tr> <td> </td> <td> <font> <i> Michelle Gardiner </i> <font> <br> </br> ( <a> Read more about me ... </a> ) </font> </font> </td> <td> &nbsp; <font> <b> 28 </b> out of <b> 46 </b> people found this review helpful. </font> </td> </tr> </table> <font> This is a great movie for all ages. there is something in it for everyone. We went as afamily and everyone was laughing out load. </font> <table> <tr> <td> </td> </tr> </table> I found this review &nbsp; <p>   &nbsp;]]>
</value>
</value>
<value instanceof="14">
</value>
<value instanceof="12">
<value instanceof="11">
<![CDATA[ <p>   <a> </a> <table> <tr> <td> </td> <td> <font> <i> Annette Huffstetler </i> </font> </td> <td> </td> </tr> </table> <font> What a wonderful movie. Kids got the game for Christmas. The movie really makes the game more understandable. Can't wait until they come out with a shrek 2 now. Kids stayed glued to the TV for 2 solid hours. 5 stars! </font> <table> <tr> <td> </td> </tr> </table> I found this review &nbsp; <p>   <a> </a> <table> <tr> <td> </td> <td> <font> <i> Shanese Davis </i> </font> </td> <td> </td> </tr> </table> <font> This movie was "GREAT". I watched it 4 times and I still can't get enough. It is great for grown ups and children. </font> <table> <tr> <td> </td> </tr> </table> I found this review &nbsp; <p>   <a> </a> <table> <tr> <td> </td> <td> <font> <i> roberterwong@yahoo.com.cn </i> </font> </td> <td> </td> </tr> </table> <font> It,s a really film gives so much imagination to childen and audits, and it broke the boundaryline between the cotton and the common film </font> <table> <tr> <td> </td> </tr> </table> I found this review &nbsp; <p>   <table> <tr> <td> <a> <font> <b> See All Customer Reviews </b> </font> </a> </td> </tr> </table>]]>
</value>
</value>
</value>
</value>

