<value instanceof="68">
<value instanceof="17">
<![CDATA[ Once Upon a Time in China 2]]>
</value>
<value instanceof="18">
<![CDATA[ (1992)]]>
</value>
<value instanceof="19">
<![CDATA[ <br>   <font face ="arial, sans-serif" size =-1> Wong Fei-hung ji yi: Naam yi dong ji keung / Huang Fei-hong zhi er nan er dang zi qiang </font> <br>  ]]>
</value>
<value instanceof="20">
<![CDATA[]]>
</value>
<value instanceof="22">
</value>
<value instanceof="23">
<![CDATA[ <a href ='http://www.netflix.com/RoleDisplay?personid=55096'> Jet Li </a> , <a href ='http://www.netflix.com/RoleDisplay?personid=20001304'> Donnie Yen </a> , <a href ='/MovieDisplay?movieid=60020706&trkid=2069#cast'> More </a>]]>
</value>
<value instanceof="24">
<![CDATA[ <a href ='http://www.netflix.com/RoleDisplay?personid=20000605'> Tsui Hark </a>]]>
</value>
<value instanceof="25">
<![CDATA[]]>
</value>
<value instanceof="26">
<![CDATA[ R]]>
</value>
<value instanceof="27">
<![CDATA[ Foreign]]>
</value>
<value instanceof="28">
<![CDATA[]]>
</value>
<value instanceof="29">
<![CDATA[]]>
</value>
<value instanceof="30">
<![CDATA[ 3.4]]>
</value>
<value instanceof="31">
<![CDATA[ (2,389]]>
</value>
<value instanceof="32">
<![CDATA[ Not Available]]>
</value>
<value instanceof="33">
</value>
<value instanceof="35">
<![CDATA[ <br> </br>]]>
</value>
<value instanceof="44">
<![CDATA[ <p> <hr> </hr> <a> </a> <font> <b> Synopsis </b> </font> </p> Jet Li stars as martial arts master Wong Fei-Hung in Part 2 of this continuing saga. In this spectacular sequel, Dr. Wong Fei-Hung (Jet Li), his assistant Foon, and his beloved Aunt arrive in Canton for a medical conference, in which Wong is to demonstrate the art of Chinese acupuncture. Unbeknownst to them, however, the city is on the brink or revolution, as pro-democracy rebels and anarchists alike threaten the stability of a crumbling dynasty. <p>   See movie reviews below. <p>  ]]>
</value>
<value instanceof="45">
<![CDATA[ <a href ='http://www.netflix.com/RoleDisplay?personid=55096'> Jet Li </a> , <a href ='http://www.netflix.com/RoleDisplay?personid=20001304'> Donnie Yen </a> , <a href ='http://www.netflix.com/RoleDisplay?personid=51739'> Rosamund Kwan </a> , <a href ='http://www.netflix.com/RoleDisplay?personid=20003088'> David Chiang </a> <p>  ]]>
</value>
<value instanceof="46">
<![CDATA[ Once Upon a Time in China 3]]>
</value>
<value instanceof="47">
<![CDATA[ A legendary folk-hero and martial artist visits his father and ends up defending his school and pride in a lion dance tournament.]]>
</value>
<value instanceof="48">
<![CDATA[ R]]>
</value>
<value instanceof="49">
<![CDATA[ (1992)]]>
</value>
<value instanceof="50">
<![CDATA[ Task Force]]>
</value>
<value instanceof="51">
<![CDATA[ Chow Yun Fat plays an undercover cop who infilitrates a gang of violent bandits. Another brilliant variation on the "Loyalty vs. Honor" theme. Chow was awarded Best Actor in the 1987 Hong Kong Film awards.]]>
</value>
<value instanceof="52">
<![CDATA[ NR]]>
</value>
<value instanceof="53">
<![CDATA[ (1997)]]>
</value>
<value instanceof="54">
<![CDATA[ First Shot]]>
</value>
<value instanceof="55">
<![CDATA[ Set in early 70's Hong Kong, Ti Lung, Simon Yam, Andy Hui and Maggie Cheung lead an excellent cast of characters in this actioner about police corruption and triad control.]]>
</value>
<value instanceof="56">
<![CDATA[ NR]]>
</value>
<value instanceof="57">
<![CDATA[ (1992)]]>
</value>
<value instanceof="58">
<![CDATA[ Tragic Fantasy: Tiger of Wanchai]]>
</value>
<value instanceof="59">
<![CDATA[ A parking attendent longs to race in the Grand Prix but finds himself in trouble as he gains notoriety during illegal midnight races. ]]>
</value>
<value instanceof="60">
<![CDATA[ NR]]>
</value>
<value instanceof="61">
<![CDATA[ (1994)]]>
</value>
<value instanceof="65">
</value>
<value instanceof="66">
<![CDATA[ 12]]>
</value>
<value instanceof="67">
<value instanceof="12">
<value instanceof="11">
<![CDATA[ <p>   <a> </a> <table> <tr> <td> </td> <td> <font> <i> althea </i> </font> </td> <td> &nbsp; <font> <b> 16 </b> out of <b> 16 </b> people found this review helpful. </font> </td> </tr> </table> <font> Better than the first one! Once Upon A Time In China is extremely good, but the political rhetoric gets in the way at times. In this sequel, the sentiments of the characters stay true, but more time is devoted to character development and action! A classic - must-see film for any fans of ... <a> Complete Review </a> </font> <table> <tr> <td> </td> </tr> </table> I found this review &nbsp; <p>   <a> </a> <table> <tr> <td> </td> <td> <font> <i> JR from MI 8 </i> <font> <br> </br> ( <a> Read more about me ... </a> ) </font> </font> </td> <td> &nbsp; <font> <b> 3 </b> out of <b> 3 </b> people found this review helpful. </font> </td> </tr> </table> <font> This one is better than the first. The "magic" is there. It's a technical predecessor to Crouching Tiger. A Must See for Jet Li fans. </font> <table> <tr> <td> </td> </tr> </table> I found this review &nbsp; <p>   <a> </a> <table> <tr> <td> </td> <td> <font> <i> HT from MN </i> <font> <br> </br> ( <a> Read more about me ... </a> ) </font> </font> </td> <td> &nbsp; <font> <b> 3 </b> out of <b> 4 </b> people found this review helpful. </font> </td> </tr> </table> <font> This is one of Jet Li's best action movies based on a martial arts novel. Nothing are better than Jet Li and Donnie Yen. </font> <table> <tr> <td> </td> </tr> </table> I found this review &nbsp; <p>   &nbsp;]]>
</value>
</value>
<value instanceof="14">
</value>
<value instanceof="12">
<value instanceof="11">
<![CDATA[ <p>   <a> </a> <table> <tr> <td> </td> <td> <font> <i> Wayne Shepard </i> </font> </td> <td> </td> </tr> </table> <font> The fight scenes were fun to watch and well choreographed. The plot of these three movies are typical of the Chinese Kung Fu genre. I enjoy the current Jet Li movies and wanted to see his earlier works. </font> <table> <tr> <td> </td> </tr> </table> I found this review &nbsp; <p>   <a> </a> <table> <tr> <td> </td> <td> <font> <i> Kenneth Cole </i> </font> </td> <td> &nbsp; <font> <b> 1 </b> out of <b> 9 </b> people found this review helpful. </font> </td> </tr> </table> <font> Use it for a drink coaster or Christmas tree ornament, but don't bother watching, unless you know Chinese!!! </font> <table> <tr> <td> </td> </tr> </table> I found this review &nbsp; <p>   <a> </a> <table> <tr> <td> </td> <td> <font> <i> Larry Denny </i> </font> </td> <td> </td> </tr> </table> <font> Action filled love story with plenty of martial arts and it seems some history and some fables.It also showed how intolerable people can be even to children who believe different than them. </font> <table> <tr> <td> </td> </tr> </table> I found this review &nbsp; <p>   <table> <tr> <td> <a> <font> <b> See All Customer Reviews </b> </font> </a> </td> </tr> </table>]]>
</value>
</value>
</value>
</value>

