<value instanceof="68">
<value instanceof="17">
<![CDATA[ Crossfire Trail]]>
</value>
<value instanceof="18">
<![CDATA[ (2001)]]>
</value>
<value instanceof="19">
<![CDATA[ <br>   <font face ="arial, sans-serif" size =-1> Louis L'Amour's Crossfire Trail </font> <br>  ]]>
</value>
<value instanceof="20">
<![CDATA[ English (Dolby Digital 2.0 Stereo)]]>
</value>
<value instanceof="22">
<value instanceof="21">
</value>
</value>
<value instanceof="23">
<![CDATA[ <a href ='http://www.netflix.com/RoleDisplay?personid=84020'> Tom Selleck </a> , <a href ='http://www.netflix.com/RoleDisplay?personid=39404'> Mark Harmon </a> , <a href ='/MovieDisplay?movieid=60020711&trkid=2069#cast'> More </a>]]>
</value>
<value instanceof="24">
<![CDATA[ <a href ='http://www.netflix.com/RoleDisplay?personid=100059'> Simon Wincer </a>]]>
</value>
<value instanceof="25">
<![CDATA[ 95 minutes]]>
</value>
<value instanceof="26">
<![CDATA[ NR]]>
</value>
<value instanceof="27">
<![CDATA[ Action & Adventure]]>
</value>
<value instanceof="28">
<![CDATA[ Widescreen Anamorphic]]>
</value>
<value instanceof="29">
<![CDATA[ English, French]]>
</value>
<value instanceof="30">
<![CDATA[ 3.4]]>
</value>
<value instanceof="31">
<![CDATA[ (2,099]]>
</value>
<value instanceof="32">
<![CDATA[ Color; interactive menus; scene access; cast and crew information]]>
</value>
<value instanceof="33">
<value instanceof="16">
</value>
</value>
<value instanceof="35">
<![CDATA[ <br> </br> <a> <img> </img> </a> <a> Official Movie Site </a> <br> </br>]]>
</value>
<value instanceof="44">
<![CDATA[ <p> <hr> </hr> <a> </a> <font> <b> Synopsis </b> </font> </p> A hero is measured by the enemies he makes. <p>   Tom Selleck returns to the Western frontier in Crossfire Trail, a film adaptation of Louis L'Amour's classic tale about a restless wanderer bound by a promise to a dying friend. <p>   Rafe Covington (Tom Selleck) values one thing above all--his word. Just before his good friend dies, Rafe makes a vow to look after his widow, Ann (Virginia Madsen), and promises to protect her Wyoming ranch. This strong code of honor leads Rafe and his two traveling companions, Rock and J.T. (David O'Hara and Christian Kane), to her small town, which is being terrorized by a conniving land owner, Bruce Barkow (Mark Harmon), and his hired gun, Bo Dorn (Brad Johnson). Rafe takes on Barkow, but Ann remains unsure of his motives. Ultimately, she must let her heart decide who to trust. <p>   See movie reviews below. <p>  ]]>
</value>
<value instanceof="45">
<![CDATA[ <a href ='http://www.netflix.com/RoleDisplay?personid=84020'> Tom Selleck </a> , <a href ='http://www.netflix.com/RoleDisplay?personid=39404'> Mark Harmon </a> , <a href ='http://www.netflix.com/RoleDisplay?personid=14225'> Barry Corbin </a> , <a href ='http://www.netflix.com/RoleDisplay?personid=81900'> William Sanderson </a> , <a href ='http://www.netflix.com/RoleDisplay?personid=20023315'> Joanna Miles </a> , <a href ='http://www.netflix.com/RoleDisplay?personid=55505'> Rex Linn </a> , <a href ='http://www.netflix.com/RoleDisplay?personid=11260'> Wilford Brimley </a> , <a href ='http://www.netflix.com/RoleDisplay?personid=170703'> Brad Johnson </a> , <a href ='http://www.netflix.com/RoleDisplay?personid=20027983'> Christian Kane </a> , <a href ='http://www.netflix.com/RoleDisplay?personid=20017579'> Patrick Kilpatrick </a> , <a href ='http://www.netflix.com/RoleDisplay?personid=57946'> Virginia Madsen </a> , <a href ='http://www.netflix.com/RoleDisplay?personid=69311'> David O'Hara </a> <p>  ]]>
</value>
<value instanceof="46">
<![CDATA[ To Walk with Lions]]>
</value>
<value instanceof="47">
<![CDATA[ Legendary conservationist George Adamson first sprang onto the scene in the book and film Born Free. Here, later in life, Adamson (Richard Harris) fights for survival of his lion rehabilitation program in Kenya; poachers, bandits and government unrest on all sides threaten his preserve and the lions it houses. But how far will Adamson go to preserve his work -- and his ego?]]>
</value>
<value instanceof="48">
<![CDATA[ PG-13]]>
</value>
<value instanceof="49">
<![CDATA[ (1999)]]>
</value>
<value instanceof="50">
<![CDATA[ El Diablo]]>
</value>
<value instanceof="51">
<![CDATA[ A schoolteacher in a small Texas town dreams of being a western hero. But his dreams become a hilarious nightmare when the legendary outlaw El Diablo rides into town.]]>
</value>
<value instanceof="52">
<![CDATA[ PG-13]]>
</value>
<value instanceof="53">
<![CDATA[ (1990)]]>
</value>
<value instanceof="54">
<![CDATA[ Quigley Down Under]]>
</value>
<value instanceof="55">
<![CDATA[ American sharpshooter Matt Quigley is hired by an Australian land baron to shoot aborigines from a distance. Quigley rejects the job offer and leaves. The rancher tries to kill him for refusing, spawning a deadly game of cat-and-mouse in which only one will be left alive.]]>
</value>
<value instanceof="56">
<![CDATA[ PG-13]]>
</value>
<value instanceof="57">
<![CDATA[ (1990)]]>
</value>
<value instanceof="58">
<![CDATA[ Halls of Montezuma]]>
</value>
<value instanceof="59">
<![CDATA[ Director Lewis Milestone traces the fate of a Marine platoon in the Pacific theater during WWII.]]>
</value>
<value instanceof="60">
<![CDATA[ NR]]>
</value>
<value instanceof="61">
<![CDATA[ (1950)]]>
</value>
<value instanceof="65">
</value>
<value instanceof="66">
<![CDATA[ 21]]>
</value>
<value instanceof="67">
<value instanceof="12">
<value instanceof="11">
<![CDATA[ <p>   <a> </a> <table> <tr> <td> </td> <td> <font> <i> TB from KS </i> <font> <br> </br> ( <a> Read more about me ... </a> ) </font> </font> </td> <td> &nbsp; <font> <b> 30 </b> out of <b> 32 </b> people found this review helpful. </font> </td> </tr> </table> <font> Excellent movie! Tom Selleck playing the hero in a Louis L'amour western -- how much better can it get? Another great role for a great actor! Recommend highly! </font> <table> <tr> <td> </td> </tr> </table> I found this review &nbsp; <p>   <a> </a> <table> <tr> <td> </td> <td> <font> <i> F. Gloor </i> </font> </td> <td> &nbsp; <font> <b> 10 </b> out of <b> 12 </b> people found this review helpful. </font> </td> </tr> </table> <font> Extremely well done!!! But then the team of Selleck & L'Amour always delivers. This is one for your library. </font> <table> <tr> <td> </td> </tr> </table> I found this review &nbsp; <p>   <a> </a> <table> <tr> <td> </td> <td> <font> <i> Jo Nunes </i> </font> </td> <td> &nbsp; <font> <b> 10 </b> out of <b> 13 </b> people found this review helpful. </font> </td> </tr> </table> <font> Tom Selleck is a great cowboy hero. He fits Louis Lamour's image perfectly and he even rides well. </font> <table> <tr> <td> </td> </tr> </table> I found this review &nbsp; <p>   &nbsp;]]>
</value>
</value>
<value instanceof="14">
</value>
<value instanceof="12">
<value instanceof="11">
<![CDATA[ <p>   <a> </a> <table> <tr> <td> </td> <td> <font> <i> Allan Bell, SR. </i> </font> </td> <td> </td> </tr> </table> <font> I like Tom Sellac as an actor. The beginning of the movie lacked a lot, it got better after he got of the clipper ship. Captain was just phony. The rest of the story was good, but predictable. I was hoping for more like the sharpshooter movie in Australia </font> <table> <tr> <td> </td> </tr> </table> I found this review &nbsp; <p>   <a> </a> <table> <tr> <td> </td> <td> <font> <i> Mitchell </i> </font> </td> <td> &nbsp; <font> <b> 1 </b> out of <b> 1 </b> people found this review helpful. </font> </td> </tr> </table> <font> Once you get by the first fight scene on the ship the movie is really good. That scene should have been deleted. But the movie overall was very good. One of the better westerns to come out lately. </font> <table> <tr> <td> </td> </tr> </table> I found this review &nbsp; <p>   <a> </a> <table> <tr> <td> </td> <td> <font> <i> web-mkt.com </i> </font> </td> <td> </td> </tr> </table> <font> A great western with action and plot that keep you interested from start to finish. Tom Selleck is at his best when he plays the role of a cowbow with good principles and a tough exterior you don't want to mess with. </font> <table> <tr> <td> </td> </tr> </table> I found this review &nbsp; <p>   <table> <tr> <td> <a> <font> <b> See All Customer Reviews </b> </font> </a> </td> </tr> </table>]]>
</value>
</value>
</value>
</value>

