<value instanceof="68">
<value instanceof="17">
<![CDATA[ Swordfish]]>
</value>
<value instanceof="18">
<![CDATA[ (2001)]]>
</value>
<value instanceof="19">
<![CDATA[ <br>  ]]>
</value>
<value instanceof="20">
<![CDATA[ English (Dolby Digital 5.1), French (Dolby Digital 2.0 Stereo)]]>
</value>
<value instanceof="22">
<value instanceof="21">
</value>
</value>
<value instanceof="23">
<![CDATA[ <a href ='http://www.netflix.com/RoleDisplay?personid=93470'> John Travolta </a> , <a href ='http://www.netflix.com/RoleDisplay?personid=20014653'> Hugh Jackman </a> , <a href ='/MovieDisplay?movieid=60020745&trkid=2069#cast'> More </a>]]>
</value>
<value instanceof="24">
<![CDATA[ <a href ='http://www.netflix.com/RoleDisplay?personid=84108'> Dominic Sena </a>]]>
</value>
<value instanceof="25">
<![CDATA[ 99 minutes]]>
</value>
<value instanceof="26">
<![CDATA[ R]]>
</value>
<value instanceof="27">
<![CDATA[ Action & Adventure]]>
</value>
<value instanceof="28">
<![CDATA[ Widescreen Anamorphic]]>
</value>
<value instanceof="29">
<![CDATA[ English, French, Spanish]]>
</value>
<value instanceof="30">
<![CDATA[ 3.5]]>
</value>
<value instanceof="31">
<![CDATA[ (65,350]]>
</value>
<value instanceof="32">
<![CDATA[ Color; interactive menus; scene access; trailer; deleted scenes; audio commentary; making-of featurettes; cast and crew information; cast and crew interview; alternate ending; restricted files: hidden features]]>
</value>
<value instanceof="33">
<value instanceof="16">
</value>
</value>
<value instanceof="35">
<![CDATA[ <br> </br> <a> <img> </img> </a> <a> Netflix Review </a> <br> </br> <a> <img> </img> </a> <a> Official Movie Site </a> <br> </br>]]>
</value>
<value instanceof="44">
<![CDATA[ <p> <hr> </hr> <a> </a> <font> <b> Synopsis </b> </font> </p> Once you know the password you can go anywhere. <p>   There exists a world within our world. A world beneath what we call cyberspace. A world protected by firewalls, passwords and the most advanced security systems. In this world we hide our deepest secrets, our most incriminating information, and of course, a whole lot of money. This is the world of Swordfish. <p>   Gabriel Shear (John Travolta), a charismatic and dangerous spy wanting to finance his own brand of patriotism, needs to get inside this world. If he can get in, billions in illegal government funds wait for the taking. To actually steal the money, however, he'll need a superhacker, someone whose talents make even the most airtight security systems of the world look like child's play. <p>   That's where Stanley Jobson (Hugh Jackman) enters the picture. One of the two best hackers on the planet, Stanley has been forbidden to get within 50 yards of the nearest electronics store after doing time for wreaking havoc on the FBI's controversial high-tech cyber surveillance operations. Now Stanley is living out his life in a broken-down trailer, penniless, alone and without the one thing that gives his life meaning &#8212; his daughter Holly, whom he lost in a divorce. <p>   Gabriel and his beautiful partner Ginger (Halle Berry) lure Stanley into their clandestine world, baiting him with the one thing he can't have &#8212; a chance to reunite with Holly and start a new life. But once Stanley enters their world, he realizes that nothing in this operation is what it seems and he has become a pawn in a plot that's a lot more sinister than a high-tech bank heist. <p>   Log on. Hack in. Go anywhere. Steal everything. <p>   See movie reviews below. <p>  ]]>
</value>
<value instanceof="45">
<![CDATA[ <a href ='http://www.netflix.com/RoleDisplay?personid=93470'> John Travolta </a> , <a href ='http://www.netflix.com/RoleDisplay?personid=20014653'> Hugh Jackman </a> , <a href ='http://www.netflix.com/RoleDisplay?personid=7759'> Halle Berry </a> , <a href ='http://www.netflix.com/RoleDisplay?personid=16381'> Don Cheadle </a> , <a href ='http://www.netflix.com/RoleDisplay?personid=16958055'> Vinnie Jones </a> , <a href ='http://www.netflix.com/RoleDisplay?personid=84993'> Sam Shepard </a> , <a href ='http://www.netflix.com/RoleDisplay?personid=20012546'> Zach Grenier </a> , <a href ='http://www.netflix.com/RoleDisplay?personid=20023582'> George Marshall Ruge </a> <p>  ]]>
</value>
<value instanceof="46">
<![CDATA[ Exit Wounds]]>
</value>
<value instanceof="47">
<![CDATA[ Steven Seagal stars as maverick Detroit police detective Orin Boyd, whose take-no-prisoners approach to domestic terrorism gets him booted downtown to the city's toughest precinct.]]>
</value>
<value instanceof="48">
<![CDATA[ R]]>
</value>
<value instanceof="49">
<![CDATA[ (2001)]]>
</value>
<value instanceof="50">
<![CDATA[ The Art of War]]>
</value>
<value instanceof="51">
<![CDATA[ Part of the United Nations' elite covert action unit, Shaw (Wesley Snipes) is trained in the art of victory without combat. But when terrorists threaten the signing of a worldwide free trade agreement and Shaw is framed for an ambassador's murder, he'll do whatever it takes to clear his name. Hard-driving action and bullet ballet are the name of the vicious game in The Art of War.]]>
</value>
<value instanceof="52">
<![CDATA[ R]]>
</value>
<value instanceof="53">
<![CDATA[ (2000)]]>
</value>
<value instanceof="54">
<![CDATA[ 3000 Miles to Graceland]]>
</value>
<value instanceof="55">
<![CDATA[ Viva Las Vegas meets Ocean's Eleven in this gritty caper film about Elvis impersonators, a $3 million heist and a big double cross. Kevin Costner and Kurt Russell slap on some sideburns, don the shades and rip off some major coin from the Riviera Hotel. But before they can make a clean break, Costner tries to abscond with the loot.]]>
</value>
<value instanceof="56">
<![CDATA[ R]]>
</value>
<value instanceof="57">
<![CDATA[ (2001)]]>
</value>
<value instanceof="58">
<![CDATA[ Reindeer Games]]>
</value>
<value instanceof="59">
<![CDATA[ Impersonation is a dangerous game -- a lesson Rudy Duncan (Ben Affleck) learns the hard way. Rudy's cellmate, Nick (James Frain), has a beautiful pen pal (Charlize Theron) he's never met. When Nick is killed just before they're both scheduled for parole, Rudy decides to switch identities. But he gets more than he bargained for when he's forced to don a Santa suit and hold up a casino.]]>
</value>
<value instanceof="60">
<![CDATA[ R]]>
</value>
<value instanceof="61">
<![CDATA[ (2000)]]>
</value>
<value instanceof="65">
<value instanceof="64">
<value instanceof="62">
<![CDATA[ David Fear]]>
</value>
<value instanceof="63">
<![CDATA[ Swordfish, the latest slicker-than-crude-oil thriller, starts off with a rhetorical question: "You know what the problem with Hollywood is? They don't know how to handle realism." True, but Tinseltown does know how to pump out loud, brash, over-the-top eye candy that draws many people to the movie ... <a> Complete Review </a>]]>
</value>
</value>
</value>
<value instanceof="66">
<![CDATA[ 390]]>
</value>
<value instanceof="67">
<value instanceof="12">
<value instanceof="11">
<![CDATA[ <p>   <a> </a> <table> <tr> <td> </td> <td> <font> <i> AS from NJ 3 </i> <font> <br> </br> ( <a> Read more about me ... </a> ) </font> </font> </td> <td> &nbsp; <font> <b> 125 </b> out of <b> 159 </b> people found this review helpful. </font> </td> </tr> </table> <font> If you liked Face Off and The Rock, you are going to like this. I won't spoil the plot for you, but its about terrorism and hacking. The special effects are good. Travolta is the man in this movie, kind of reminded me of his performance in Pulp Fiction. There is no deep plot to this movie, ... <a> Complete Review </a> </font> <table> <tr> <td> </td> </tr> </table> I found this review &nbsp; <p>   <a> </a> <table> <tr> <td> </td> <td> <font> <i> Eddie & Stephanie </i> </font> </td> <td> &nbsp; <font> <b> 86 </b> out of <b> 120 </b> people found this review helpful. </font> </td> </tr> </table> <font> The &#8220;Password: Swordfish&#8221; is an excellent crime/action hit. The movie is loosely and conceptually inspired by a big &#8220;what if&#8221; of a 1975 Al Pacino movie &#8220;Dog Day Afternoon.&#8221; But you don&#8217;t have to see it to understand &#8220;Swordfish&#8221;. This is a ... <a> Complete Review </a> </font> <table> <tr> <td> </td> </tr> </table> I found this review &nbsp; <p>   <a> </a> <table> <tr> <td> </td> <td> <font> <i> MARVIN SLACK </i> </font> </td> <td> &nbsp; <font> <b> 66 </b> out of <b> 96 </b> people found this review helpful. </font> </td> </tr> </table> <font> From the opening credits of Swordfish the audience is made well aware of what type of a film experience there in for the opening sequence featuring a explosion spanning a city block is done in a 360 degree rotating view while the on going action is slowed to a crawl. The rest of the film reaches ... <a> Complete Review </a> </font> <table> <tr> <td> </td> </tr> </table> I found this review &nbsp; <p>   &nbsp;]]>
</value>
</value>
<value instanceof="14">
</value>
<value instanceof="12">
<value instanceof="11">
<![CDATA[ <p>   <a> </a> <table> <tr> <td> </td> <td> <font> <i> Phillip Zoeller </i> </font> </td> <td> </td> </tr> </table> <font> Actor performances left a lot to be desired. Many scenes seemed diconnected and lost continuity. I consider this film to be mediocre at best. </font> <table> <tr> <td> </td> </tr> </table> I found this review &nbsp; <p>   <a> </a> <table> <tr> <td> </td> <td> <font> <i> gaddygirl </i> </font> </td> <td> </td> </tr> </table> <font> My husband and I were thoroughly disappointed by this movie. It's not that we don't enjoy a good action movie -- it's just that this was NOT a GOOD action movie. Plot full of holes, flat characters, unnecessary car chases and explosions. Sadly enough, we could tell in TEN MINUTES that it was going ... <a> Complete Review </a> </font> <table> <tr> <td> </td> </tr> </table> I found this review &nbsp; <p>   <a> </a> <table> <tr> <td> </td> <td> <font> <i> AMK </i> </font> </td> <td> </td> </tr> </table> <font> This movie was entertaining but somewhat predictable. The special effects and acting were good too. I recommend it for its action and fast pace. </font> <table> <tr> <td> </td> </tr> </table> I found this review &nbsp; <p>   <table> <tr> <td> <a> <font> <b> See All Customer Reviews </b> </font> </a> </td> </tr> </table>]]>
</value>
</value>
</value>
</value>

