<value instanceof="68">
<value instanceof="17">
<![CDATA[ Kiss of the Dragon]]>
</value>
<value instanceof="18">
<![CDATA[ (2001)]]>
</value>
<value instanceof="19">
<![CDATA[ <br>  ]]>
</value>
<value instanceof="20">
<![CDATA[ English (Dolby Digital 5.1), Spanish (Dolby Digital 2.0 Surround)]]>
</value>
<value instanceof="22">
<value instanceof="21">
</value>
</value>
<value instanceof="23">
<![CDATA[ <a href ='http://www.netflix.com/RoleDisplay?personid=55096'> Jet Li </a> , <a href ='http://www.netflix.com/RoleDisplay?personid=30845'> Bridget Fonda </a> , <a href ='/MovieDisplay?movieid=60020780&trkid=2069#cast'> More </a>]]>
</value>
<value instanceof="24">
<![CDATA[ <a href ='http://www.netflix.com/RoleDisplay?personid=20028098'> Chris Nahon </a>]]>
</value>
<value instanceof="25">
<![CDATA[ 98 minutes]]>
</value>
<value instanceof="26">
<![CDATA[ R]]>
</value>
<value instanceof="27">
<![CDATA[ Action & Adventure]]>
</value>
<value instanceof="28">
<![CDATA[ Widescreen Anamorphic]]>
</value>
<value instanceof="29">
<![CDATA[ None]]>
</value>
<value instanceof="30">
<![CDATA[ 3.5]]>
</value>
<value instanceof="31">
<![CDATA[ (3,022]]>
</value>
<value instanceof="32">
<![CDATA[ Color; interactive menus; scene access; trailer; audio commentary by Chris Nahon, Jet Li and Bridget Fonda; 4 making-of featurettes; storyboards; still gallery.]]>
</value>
<value instanceof="33">
<value instanceof="16">
</value>
</value>
<value instanceof="35">
<![CDATA[ <br> </br> <a> <img> </img> </a> <a> Official Movie Site </a> <br> </br>]]>
</value>
<value instanceof="44">
<![CDATA[ <p> <hr> </hr> <a> </a> <font> <b> Synopsis </b> </font> </p> Martial arts master Jet Li shows off his karate (and acting) chops in this dark, brooding film helmed by French director Luc Besson. Li plays Liu Jian, a narcotics cop sent to Paris to help crack a French-Chinese smuggling ring. When the mission goes horribly wrong, Liu becomes embroiled in a vast conspiracy and must race to prove his innocence and ensure his survival. Bridget Fonda co-stars. <p>   See movie reviews below. <p>  ]]>
</value>
<value instanceof="45">
<![CDATA[ <a href ='http://www.netflix.com/RoleDisplay?personid=55096'> Jet Li </a> , <a href ='http://www.netflix.com/RoleDisplay?personid=30845'> Bridget Fonda </a> , <a href ='http://www.netflix.com/RoleDisplay?personid=20000087'> Tcheky Karyo </a> , <a href ='http://www.netflix.com/RoleDisplay?personid=20028897'> Laurence Ashley </a> , <a href ='http://www.netflix.com/RoleDisplay?personid=20004266'> Burt Kwouk </a> , <a href ='http://www.netflix.com/RoleDisplay?personid=20028099'> Max Ryan </a> , <a href ='http://www.netflix.com/RoleDisplay?personid=20017289'> Ric Young </a> <p>  ]]>
</value>
<value instanceof="46">
<![CDATA[ Dragon Chronicles]]>
</value>
<value instanceof="47">
<![CDATA[ Legend has it that in a faraway place beyond the edge of the earth there lives a broken-hearted man with infinite power. Abandoned by his loved ones, the inheritance of the old man's powers becomes a battleground for evil outsiders.]]>
</value>
<value instanceof="48">
<![CDATA[ NR]]>
</value>
<value instanceof="49">
<![CDATA[ (1994)]]>
</value>
<value instanceof="50">
<![CDATA[ Downtown Torpedoes]]>
</value>
<value instanceof="51">
<![CDATA[ When the Hong Kong government traces the latest security breach to Jackal and Tango, the two men are forced to assist the government's own secretive G Team in stealing a set of counterfeit money.]]>
</value>
<value instanceof="52">
<![CDATA[ NR]]>
</value>
<value instanceof="53">
<![CDATA[ (1997)]]>
</value>
<value instanceof="54">
<![CDATA[ Task Force]]>
</value>
<value instanceof="55">
<![CDATA[ Chow Yun Fat plays an undercover cop who infilitrates a gang of violent bandits. Another brilliant variation on the "Loyalty vs. Honor" theme. Chow was awarded Best Actor in the 1987 Hong Kong Film awards.]]>
</value>
<value instanceof="56">
<![CDATA[ NR]]>
</value>
<value instanceof="57">
<![CDATA[ (1997)]]>
</value>
<value instanceof="58">
<![CDATA[ Young and Dangerous: The Prequel]]>
</value>
<value instanceof="59">
<![CDATA[ The young Chan and his childhood friend Chicken strive to make it big and leave the housing projects where they live. They eventually join the triads, thus paving the way for their ascent into becoming leaders of the underworld.]]>
</value>
<value instanceof="60">
<![CDATA[ NR]]>
</value>
<value instanceof="61">
<![CDATA[ (1998)]]>
</value>
<value instanceof="65">
</value>
<value instanceof="66">
<![CDATA[ 39]]>
</value>
<value instanceof="67">
<value instanceof="12">
<value instanceof="11">
<![CDATA[ <p>   <a> </a> <table> <tr> <td> </td> <td> <font> <i> Jacob Morris </i> </font> </td> <td> &nbsp; <font> <b> 30 </b> out of <b> 34 </b> people found this review helpful. </font> </td> </tr> </table> <font> I am a huge Jet Li fan, I love his action style and talents. I think he's amazing and I havent even seen Once Upon a Time in China, which is supposed to be his best martial arts movie. But in this movie, Jet was so impressive sometimes that i gaped at what he was capable of. Bridget Fonda isnt a ... <a> Complete Review </a> </font> <table> <tr> <td> </td> </tr> </table> I found this review &nbsp; <p>   <a> </a> <table> <tr> <td> </td> <td> <font> <i> HF from CA 2 </i> <font> <br> </br> ( <a> Read more about me ... </a> ) </font> </font> </td> <td> &nbsp; <font> <b> 17 </b> out of <b> 17 </b> people found this review helpful. </font> </td> </tr> </table> <font> This movie was awsome. I highly recommened it to all jet li fans. It was very fast Paced and amazing display of martial Arts skill. Go out and see it now. </font> <table> <tr> <td> </td> </tr> </table> I found this review &nbsp; <p>   <a> </a> <table> <tr> <td> </td> <td> <font> <i> Kleinzle from NE </i> <font> <br> </br> ( <a> Read more about me ... </a> ) </font> </font> </td> <td> &nbsp; <font> <b> 11 </b> out of <b> 11 </b> people found this review helpful. </font> </td> </tr> </table> <font> My husband dragged me to Kiss of the Dragon and I was entertained. Yes, acting abilities are lacking but the fight scenes are amazing. Overall an entertaining movie if there's nothing else to go see. </font> <table> <tr> <td> </td> </tr> </table> I found this review &nbsp; <p>   &nbsp;]]>
</value>
</value>
<value instanceof="14">
</value>
<value instanceof="12">
<value instanceof="11">
<![CDATA[ <p>   <a> </a> <table> <tr> <td> </td> <td> <font> <i> Christine Chavis </i> </font> </td> <td> </td> </tr> </table> <font> LOVED IT! there was lots of action. I would watch it many times over. The special effects were great. </font> <table> <tr> <td> </td> </tr> </table> I found this review &nbsp; <p>   <a> </a> <table> <tr> <td> </td> <td> <font> <i> EF from NY 2 </i> <font> <br> </br> ( <a> Read more about me ... </a> ) </font> </font> </td> <td> </td> </tr> </table> <font> If you have surround sound speakers you will really enjoy the soundtrack played in this movie. I know it had me pretty amped especially throughout the fighting scenes. The plot is cliche but it was entertaining. I enjoyed the bad guy chararcter (the french dude) but i rather watch jet li ... <a> Complete Review </a> </font> <table> <tr> <td> </td> </tr> </table> I found this review &nbsp; <p>   <a> </a> <table> <tr> <td> </td> <td> <font> <i> JW from TN 7 </i> <font> <br> </br> ( <a> Read more about me ... </a> ) </font> </font> </td> <td> </td> </tr> </table> <font> At last, Jet in a movie sans wires and speaking ENGLISH!!! I've seen just about all of his work, and this is one of the best. Some of it sort of stretches things a bit, like the scene in the police gym, but it was well choreographed. I like action films that keep moving WITHOUT a time out for ... <a> Complete Review </a> </font> <table> <tr> <td> </td> </tr> </table> I found this review &nbsp; <p>   <table> <tr> <td> <a> <font> <b> See All Customer Reviews </b> </font> </a> </td> </tr> </table>]]>
</value>
</value>
</value>
</value>

