<value instanceof="68">
<value instanceof="17">
<![CDATA[ Rush Hour 2]]>
</value>
<value instanceof="18">
<![CDATA[ (2001)]]>
</value>
<value instanceof="19">
<![CDATA[ <br>  ]]>
</value>
<value instanceof="20">
<![CDATA[ English (DTS 5.1 Surround), English (Dolby Digital 2.0 Surround), English (Dolby Digital 5.1)]]>
</value>
<value instanceof="22">
</value>
<value instanceof="23">
<![CDATA[ <a href ='http://www.netflix.com/RoleDisplay?personid=15894'> Jackie Chan </a> , <a href ='http://www.netflix.com/RoleDisplay?personid=93946'> Chris Tucker </a> , <a href ='/MovieDisplay?movieid=60020801&trkid=4368#cast'> More </a>]]>
</value>
<value instanceof="24">
<![CDATA[ <a href ='http://www.netflix.com/RoleDisplay?personid=192958'> Brett Ratner </a>]]>
</value>
<value instanceof="25">
<![CDATA[ 91 minutes]]>
</value>
<value instanceof="26">
<![CDATA[ PG-13]]>
</value>
<value instanceof="27">
<![CDATA[ Action & Adventure]]>
</value>
<value instanceof="28">
<![CDATA[ Widescreen Anamorphic]]>
</value>
<value instanceof="29">
<![CDATA[ None]]>
</value>
<value instanceof="30">
<![CDATA[ 3.6]]>
</value>
<value instanceof="31">
<![CDATA[ (36,619]]>
</value>
<value instanceof="32">
<![CDATA[ Color; interactive menus; scene access; audio commentary by Brett Ratner; deleted footage & outtakes with optional director commentary; cast and crew information; additional DVD ROM features.]]>
</value>
<value instanceof="33">
</value>
<value instanceof="35">
<![CDATA[ <br> </br> <a> <img> </img> </a> <a> Netflix Review </a> <br> </br> <a> <img> </img> </a> <a> Official Movie Site </a> <br> </br>]]>
</value>
<value instanceof="44">
<![CDATA[ <p> <hr> </hr> <a> </a> <font> <b> Synopsis </b> </font> </p> Opposites attract once again in this sequel to the box office blockbuster Rush Hour. Martial arts star Jackie Chan is a fine foil for the disdainful dish meted out by comedian Chris Tucker. Together, they reprise their roles as buddy cops on vacation in Hong Kong. But their R&R is cut short when an explosion kills two custom agents and Chan and Tucker are put on the case. <p>   See movie reviews below. <p>  ]]>
</value>
<value instanceof="45">
<![CDATA[ <a href ='http://www.netflix.com/RoleDisplay?personid=15894'> Jackie Chan </a> , <a href ='http://www.netflix.com/RoleDisplay?personid=93946'> Chris Tucker </a> , <a href ='http://www.netflix.com/RoleDisplay?personid=20000541'> Chris Penn </a> , <a href ='http://www.netflix.com/RoleDisplay?personid=16381'> Don Cheadle </a> , <a href ='http://www.netflix.com/RoleDisplay?personid=56151'> John Lone </a> , <a href ='http://www.netflix.com/RoleDisplay?personid=20018648'> Ziyi Zhang </a> , <a href ='http://www.netflix.com/RoleDisplay?personid=49677'> Alan King </a> , <a href ='http://www.netflix.com/RoleDisplay?personid=20028822'> Roselyn Sanchez </a> , <a href ='http://www.netflix.com/RoleDisplay?personid=101908'> Harris Yulin </a> <p>  ]]>
</value>
<value instanceof="46">
<![CDATA[ Dragon from Shaolin]]>
</value>
<value instanceof="47">
<![CDATA[ On his way to find "Fu-Yuen" (Buddha's predestiny), a young kung-fu master from the Shaolin temple becomes entangled in some rather enticing and life-threatening situations--but danger doesn't seem to stop him and his eternal search.]]>
</value>
<value instanceof="48">
<![CDATA[ NR]]>
</value>
<value instanceof="49">
<![CDATA[ (1996)]]>
</value>
<value instanceof="50">
<![CDATA[ Ninja Cadets]]>
</value>
<value instanceof="51">
<![CDATA[ To protect an infant princess from would-be kidnappers, the princess is rescued by a ninja and hidden in a village where she is raised as a common girl, and a ninja.]]>
</value>
<value instanceof="52">
<![CDATA[ NR]]>
</value>
<value instanceof="53">
<![CDATA[ (1996)]]>
</value>
<value instanceof="54">
<![CDATA[ Half a Loaf of Kung Fu]]>
</value>
<value instanceof="55">
<![CDATA[ Jackie Chan turns kung fu inside out with this martial-arts action comedy. Chan plays Jiang, an amiable but bungling ne'er-do-well who cons his way into a servant's job at a mansion. Then he mistakenly masquerades as the "Whip Hero," a renowned outlaw whose defense of choice is to plaster his opponents with eggs! This goofy parody made Chan a star.]]>
</value>
<value instanceof="56">
<![CDATA[ NR]]>
</value>
<value instanceof="57">
<![CDATA[ (1980)]]>
</value>
<value instanceof="58">
<![CDATA[ Fearless Hyena]]>
</value>
<value instanceof="59">
<![CDATA[ Jackie's world is turned upside down when he is forced to witness the murder of his grandfather but vows revenge and sharpens his Kung Fu skills.]]>
</value>
<value instanceof="60">
<![CDATA[ NR]]>
</value>
<value instanceof="61">
<![CDATA[ (1979)]]>
</value>
<value instanceof="65">
<value instanceof="64">
<value instanceof="62">
<![CDATA[ Rob Blackwelder]]>
</value>
<value instanceof="63">
<![CDATA[ When a high-concept action-comedy becomes a hit in spite of slapdash scripting and single joke themes weaved into an emaciated plot, the ball starts rolling toward the inevitable (lamer) sequel. <p> </p> Such is the half-baked, ham-fisted Rush Hour 2, another odd-couple buddy-cop picture pairing Hong ... <a> Complete Review </a>]]>
</value>
</value>
</value>
<value instanceof="66">
<![CDATA[ 184]]>
</value>
<value instanceof="67">
<value instanceof="12">
<value instanceof="11">
<![CDATA[ <p>   <a> </a> <table> <tr> <td> </td> <td> <font> <i> James Ross </i> </font> </td> <td> &nbsp; <font> <b> 121 </b> out of <b> 148 </b> people found this review helpful. </font> </td> </tr> </table> <font> Usually sequels to hit movies end up being a flop. Rush Hour 2, however, went against this tendency, being much more hilarious and full of more action. Anyone who enjoyed the first movie or enjoys comedies must see this. It is by far Chris Tucker's best work. </font> <table> <tr> <td> </td> </tr> </table> I found this review &nbsp; <p>   <a> </a> <table> <tr> <td> </td> <td> <font> <i> CJ from DE </i> <font> <br> </br> ( <a> Read more about me ... </a> ) </font> </font> </td> <td> &nbsp; <font> <b> 67 </b> out of <b> 93 </b> people found this review helpful. </font> </td> </tr> </table> <font> I loved Rush Hour 1 and this is every bit just as good! This team should make lots and lots of movies together. They can't lose. I haven't met a single person who saw this movie that didn't love it. Keep them coming - PLEASE </font> <table> <tr> <td> </td> </tr> </table> I found this review &nbsp; <p>   <a> </a> <table> <tr> <td> </td> <td> <font> <i> DF from NY 3 </i> <font> <br> </br> ( <a> Read more about me ... </a> ) </font> </font> </td> <td> &nbsp; <font> <b> 61 </b> out of <b> 83 </b> people found this review helpful. </font> </td> </tr> </table> <font> This movie was one of the funniest movies I have seen in a very long time. The first centered on Chan but this one was all Tucker. He is hilarious in this movie and Chan makes a great partner to Chris. From the moment the movie started I was laughing. This is what comedy is all about, laughing ... <a> Complete Review </a> </font> <table> <tr> <td> </td> </tr> </table> I found this review &nbsp; <p>   &nbsp;]]>
</value>
</value>
<value instanceof="14">
</value>
<value instanceof="12">
<value instanceof="11">
<![CDATA[ <p>   <a> </a> <table> <tr> <td> </td> <td> <font> <i> sick sick movie </i> </font> </td> <td> </td> </tr> </table> <font> jackie is always worth the price he is funny amazing stunts and reasonable plots that don't bore you to tears. I give this one a 3 thumbs up. </font> <table> <tr> <td> </td> </tr> </table> I found this review &nbsp; <p>   <a> </a> <table> <tr> <td> </td> <td> <font> <i> AM from NJ 7 </i> <font> <br> </br> ( <a> Read more about me ... </a> ) </font> </font> </td> <td> </td> </tr> </table> <font> Totally mindless movie just like the original. The jokes and physical humor are stupid but I still got a chuckle out of it. </font> <table> <tr> <td> </td> </tr> </table> I found this review &nbsp; <p>   <a> </a> <table> <tr> <td> </td> <td> <font> <i> IB from AZ </i> <font> <br> </br> ( <a> Read more about me ... </a> ) </font> </font> </td> <td> </td> </tr> </table> <font> I don't think this was quite as funny as the first one but it was still pretty good. Jackie Chan and Chris Tucker work well together. </font> <table> <tr> <td> </td> </tr> </table> I found this review &nbsp; <p>   <table> <tr> <td> <a> <font> <b> See All Customer Reviews </b> </font> </a> </td> </tr> </table>]]>
</value>
</value>
</value>
</value>

