<value instanceof="68">
<value instanceof="17">
<![CDATA[ Men of Honor]]>
</value>
<value instanceof="18">
<![CDATA[ (2000)]]>
</value>
<value instanceof="19">
<![CDATA[ <br>  ]]>
</value>
<value instanceof="20">
<![CDATA[ English (Dolby Digital 2.0 Surround), English (Dolby Digital 5.1), French (Dolby Digital 2.0 Surround)]]>
</value>
<value instanceof="22">
<value instanceof="21">
</value>
</value>
<value instanceof="23">
<![CDATA[ <a href ='http://www.netflix.com/RoleDisplay?personid=20004633'> George Tillman Jr. </a> , <a href ='http://www.netflix.com/RoleDisplay?personid=22588'> Robert De Niro </a> , <a href ='/MovieDisplay?movieid=60020857&trkid=4368#cast'> More </a>]]>
</value>
<value instanceof="24">
<![CDATA[ Not Available]]>
</value>
<value instanceof="25">
<![CDATA[ 128 minutes]]>
</value>
<value instanceof="26">
<![CDATA[ R]]>
</value>
<value instanceof="27">
<![CDATA[ Drama]]>
</value>
<value instanceof="28">
<![CDATA[ Widescreen Anamorphic]]>
</value>
<value instanceof="29">
<![CDATA[ English, Spanish]]>
</value>
<value instanceof="30">
<![CDATA[ 3.9]]>
</value>
<value instanceof="31">
<![CDATA[ (34,146]]>
</value>
<value instanceof="32">
<![CDATA[ Color; region 1 encoding; interactive; menus; scene access; story boards; music videos; TV spots; featurette; documentaries; audio commentary; deleted scenes; alternate ending; theatrical trailer]]>
</value>
<value instanceof="33">
<value instanceof="16">
</value>
</value>
<value instanceof="35">
<![CDATA[ <br> </br> <a> <img> </img> </a> <a> Official Movie Site </a> <br> </br>]]>
</value>
<value instanceof="44">
<![CDATA[ <p> <hr> </hr> <a> </a> <font> <b> Synopsis </b> </font> </p> Carl Brashear lets nothing stand in the way of his dreams. The son of a Kentucky sharecropper, Carl leaves home for what he expects would be a better life. "Never quit ... be the best," his father had told him, and Carl takes those words to heart. <p>   After he joins the newly-integrated Navy, Carl spends two years writing a hundred letters before the service accepts his application for its Dive School program. Carl's training officer, Billy Sunday, wants no part of Carl or his ambitions. Sunday, a celebrated Master Chief Navy Diver whose exploits as a troublemaker are as legendary as his accomplishments as a diver, relentlessly taunts and challenges Carl, expecting him to falter and quit. But Carl has other ideas. His goal is clear, his determination fixed. Nothing will stand in the way of his dream of becoming a Navy Diver. Not even Billy Sunday. <p>   Years later, after Carl suffers a crippling injury, he and Sunday unexpectedly join forces. Never one to turn down an opportunity to flout the system, the rebellious senior officer helps Carl buck Navy bureaucracy, overcome the loss of a leg, and go on to make military history. By the time he retires, Carl earns the esteemed titles of Master Diver and Master Chief, the Navy's highest rank for an enlisted man. <p>   See movie reviews below. <p>  ]]>
</value>
<value instanceof="45">
<![CDATA[ <a href ='http://www.netflix.com/RoleDisplay?personid=20004633'> George Tillman Jr. </a> , <a href ='http://www.netflix.com/RoleDisplay?personid=22588'> Robert De Niro </a> , <a href ='http://www.netflix.com/RoleDisplay?personid=35668'> Cuba Gooding Jr. </a> , <a href ='http://www.netflix.com/RoleDisplay?personid=179780'> Charlize Theron </a> , <a href ='http://www.netflix.com/RoleDisplay?personid=20016612'> Aunjanue Ellis </a> , <a href ='http://www.netflix.com/RoleDisplay?personid=42505'> Hal Holbrook </a> , <a href ='http://www.netflix.com/RoleDisplay?personid=76345'> Michael Rapaport </a> , <a href ='http://www.netflix.com/RoleDisplay?personid=20002788'> Powers Boothe </a> , <a href ='http://www.netflix.com/RoleDisplay?personid=48589'> David Keith </a> , <a href ='http://www.netflix.com/RoleDisplay?personid=20000731'> Joshua Leonard </a> , <a href ='http://www.netflix.com/RoleDisplay?personid=18887'> David Conrad </a> , <a href ='http://www.netflix.com/RoleDisplay?personid=20002539'> Bill Cosby </a> <p>  ]]>
</value>
<value instanceof="46">
<![CDATA[ Rules of Engagement]]>
</value>
<value instanceof="47">
<![CDATA[ Sensing a crisis in Yemen, the U.S. government sends Col. Terry Childers (Samuel L. Jackson) to remove the U.S. ambassador and his family. Childers succeeds but ends up killing 80 civilians in the process. Fearing a court martial that could put him behind bars for the rest of his life, Childers looks to Col. Hayes Hodges (Tommy Lee Jones) to defend him in court.]]>
</value>
<value instanceof="48">
<![CDATA[ R]]>
</value>
<value instanceof="49">
<![CDATA[ (2000)]]>
</value>
<value instanceof="50">
<![CDATA[ Pearl Harbor]]>
</value>
<value instanceof="51">
<![CDATA[ Ten-hut! Studly Air Force fighter pilots Ben Affleck and Josh Hartnett are tough-as-nails risk-takers who must battle Japanese Zeros -- and each other -- for the affections of comely nurse Kate Beckinsale. Set against the cataclysmic events of December 7, 1941, Pearl Harbor comes at you like a white-hot tracer bullet fired point-blank. Batten down the hatches, it's gonna be a bumpy war!]]>
</value>
<value instanceof="52">
<![CDATA[ PG-13]]>
</value>
<value instanceof="53">
<![CDATA[ (2001)]]>
</value>
<value instanceof="54">
<![CDATA[ Chill Factor]]>
</value>
<value instanceof="55">
<![CDATA[ Ordinary working stiffs Skeet Ulrich and Cuba Gooding Jr. see their lives turned upside down when a deadly chemical get dropped into their laps -- literally. And it's not just an ordinary deadly chemical: If it rises above 50 degrees Fahrenheit, it explodes like a nuclear device. With the desert the only way to safety, cooler heads had better prevail!]]>
</value>
<value instanceof="56">
<![CDATA[ R]]>
</value>
<value instanceof="57">
<![CDATA[ (1999)]]>
</value>
<value instanceof="58">
<![CDATA[ Remember the Titans]]>
</value>
<value instanceof="59">
<![CDATA[ It looks like fourth down and long yardage when Denzel Washington replaces a well-respected -- and white -- football coach (Will Patton) in a Virginia high school rampant with prejudice, circa 1970. Not to be discouraged, Washington welds the young players, the Titans, into a force to be reckoned with on the gridiron and off. Based on real-life events.]]>
</value>
<value instanceof="60">
<![CDATA[ PG]]>
</value>
<value instanceof="61">
<![CDATA[ (2000)]]>
</value>
<value instanceof="65">
</value>
<value instanceof="66">
<![CDATA[ 138]]>
</value>
<value instanceof="67">
<value instanceof="12">
<value instanceof="11">
<![CDATA[ <p>   <a> </a> <table> <tr> <td> </td> <td> <font> <i> Eric Davis </i> </font> </td> <td> &nbsp; <font> <b> 54 </b> out of <b> 65 </b> people found this review helpful. </font> </td> </tr> </table> <font> Cuba Gooding is great and DeNiro is his always talented self in a story of true courage, anyone can relate to. The true story speaks at the heart of racism in America, and the triumph over it, of the human spirit. The cast, prodution and directing are A1!!!!!!!!! </font> <table> <tr> <td> </td> </tr> </table> I found this review &nbsp; <p>   <a> </a> <table> <tr> <td> </td> <td> <font> <i> LM from AL </i> <font> <br> </br> ( <a> Read more about me ... </a> ) </font> </font> </td> <td> &nbsp; <font> <b> 39 </b> out of <b> 45 </b> people found this review helpful. </font> </td> </tr> </table> <font> I served in the USN as one the few female jet engine mechanics. I give my salute to Cuba Gooding Jr. and Robert DeNiro. If you want to see what the Navy is really about, watch this movie. The details are impecible, and it hit me hard with memories of my own struggles to prove my self worth to ... <a> Complete Review </a> </font> <table> <tr> <td> </td> </tr> </table> I found this review &nbsp; <p>   <a> </a> <table> <tr> <td> </td> <td> <font> <i> So. Cal Movie Gal </i> <font> <br> </br> ( <a> Read more about me ... </a> ) </font> </font> </td> <td> &nbsp; <font> <b> 33 </b> out of <b> 37 </b> people found this review helpful. </font> </td> </tr> </table> <font> This movie is about the first African American to become a Navy Diver, the racism he had to endure and overcome, and his own determination as a man to succeed. Cuba Gooding Jr. and Robert DeNiro do not disappoint you in this movie. The acting is superb!!! The story is a bit slow in spots but ... <a> Complete Review </a> </font> <table> <tr> <td> </td> </tr> </table> I found this review &nbsp; <p>   &nbsp;]]>
</value>
</value>
<value instanceof="14">
</value>
<value instanceof="12">
<value instanceof="11">
<![CDATA[ <p>   <a> </a> <table> <tr> <td> </td> <td> <font> <i> Ny JoKeRs WiLd </i> <font> <br> </br> ( <a> Read more about me ... </a> ) </font> </font> </td> <td> &nbsp; <font> <b> 1 </b> out of <b> 1 </b> people found this review helpful. </font> </td> </tr> </table> <font> This was a great movie. It grabs you & keeps you on this emotional ride that at times made you want to cry,& other times made you want to stand up & salute. Robert De Niro, Cuba Gooding Jr were excellent in this movie. They made you feel every emotion like it was real. I highly recommend this ... <a> Complete Review </a> </font> <table> <tr> <td> </td> </tr> </table> I found this review &nbsp; <p>   <a> </a> <table> <tr> <td> </td> <td> <font> <i> CB from CO 2 </i> <font> <br> </br> ( <a> Read more about me ... </a> ) </font> </font> </td> <td> </td> </tr> </table> <font> Gooding and DeNiro are good, as one would expect, but the movie is simply boring--it plays like a stock hollywood formula film even though it is based on a compelling true story. </font> <table> <tr> <td> </td> </tr> </table> I found this review &nbsp; <p>   <a> </a> <table> <tr> <td> </td> <td> <font> <i> jameme </i> <font> <br> </br> ( <a> Read more about me ... </a> ) </font> </font> </td> <td> &nbsp; <font> <b> 1 </b> out of <b> 2 </b> people found this review helpful. </font> </td> </tr> </table> <font> Another opportunity to see why Robert De Niro is one of, if not THE, best actor of our time. Keen insight into his character, coupled with integrity of character portrayal that is rare to less "natural" actors is again highlited in this film. Cuba Gooding jr. is superb... </font> <table> <tr> <td> </td> </tr> </table> I found this review &nbsp; <p>   <table> <tr> <td> <a> <font> <b> See All Customer Reviews </b> </font> </a> </td> </tr> </table>]]>
</value>
</value>
</value>
</value>

