<value instanceof="68">
<value instanceof="17">
<![CDATA[ Quigley Down Under]]>
</value>
<value instanceof="18">
<![CDATA[ (1990)]]>
</value>
<value instanceof="19">
<![CDATA[ <br>  ]]>
</value>
<value instanceof="20">
<![CDATA[ English (Dolby Digital 2.0 Stereo), French (Dolby Digital Mono), Spanish (Dolby Digital Mono)]]>
</value>
<value instanceof="22">
</value>
<value instanceof="23">
<![CDATA[ <a href ='http://www.netflix.com/RoleDisplay?personid=84020'> Tom Selleck </a> , <a href ='http://www.netflix.com/RoleDisplay?personid=78114'> Alan Rickman </a> , <a href ='/MovieDisplay?movieid=60020977&trkid=2069#cast'> More </a>]]>
</value>
<value instanceof="24">
<![CDATA[ <a href ='http://www.netflix.com/RoleDisplay?personid=100059'> Simon Wincer </a>]]>
</value>
<value instanceof="25">
<![CDATA[ 120 minutes]]>
</value>
<value instanceof="26">
<![CDATA[ PG-13]]>
</value>
<value instanceof="27">
<![CDATA[ Action & Adventure]]>
</value>
<value instanceof="28">
<![CDATA[ Widescreen Anamorphic]]>
</value>
<value instanceof="29">
<![CDATA[ French, Spanish]]>
</value>
<value instanceof="30">
<![CDATA[ 3.4]]>
</value>
<value instanceof="31">
<![CDATA[ (424]]>
</value>
<value instanceof="32">
<![CDATA[ Color; interactive menus; scene access; trailer.]]>
</value>
<value instanceof="33">
</value>
<value instanceof="35">
<![CDATA[ <br> </br>]]>
</value>
<value instanceof="44">
<![CDATA[ <p> <hr> </hr> <a> </a> <font> <b> Synopsis </b> </font> </p> American sharpshooter Matt Quigley is hired by an Australian land baron to shoot aborigines from a distance. Quigley rejects the job offer and leaves. The rancher tries to kill him for refusing, spawning a deadly game of cat-and-mouse in which only one will be left alive. <p>   See movie reviews below. <p>  ]]>
</value>
<value instanceof="45">
<![CDATA[ <a href ='http://www.netflix.com/RoleDisplay?personid=84020'> Tom Selleck </a> , <a href ='http://www.netflix.com/RoleDisplay?personid=78114'> Alan Rickman </a> , <a href ='http://www.netflix.com/RoleDisplay?personid=62834'> Ben Mendelsohn </a> , <a href ='http://www.netflix.com/RoleDisplay?personid=40499'> Chris Haywood </a> , <a href ='http://www.netflix.com/RoleDisplay?personid=34253'> Laura San Giacomo </a> , <a href ='http://www.netflix.com/RoleDisplay?personid=20027464'> William Zappa </a> <p>  ]]>
</value>
<value instanceof="46">
<![CDATA[ Crossfire Trail]]>
</value>
<value instanceof="47">
<![CDATA[ At his dying friend's side, Rafe Covington (Tom Selleck) vows he'll take care of his buddy's wife, Ann, and protect her ranch. But Rafe's solemn promise angers land-grabbing cattle baron Bruce Barkow (Mark Harmon), who's threatening Ann and other townsfolk in an effort to acquire their property. As the time for Rafe's clash with Barkow draws closer, Rafe also struggles with his feelings for Ann.]]>
</value>
<value instanceof="48">
<![CDATA[ NR]]>
</value>
<value instanceof="49">
<![CDATA[ (2001)]]>
</value>
<value instanceof="50">
<![CDATA[ Knock Off]]>
</value>
<value instanceof="51">
<![CDATA[ Another action packed thriller from Van Damme complete with terrorist conspiracies and non-stop violence typical of this genre.]]>
</value>
<value instanceof="52">
<![CDATA[ R]]>
</value>
<value instanceof="53">
<![CDATA[ (1998)]]>
</value>
<value instanceof="54">
<![CDATA[ Rio Grande]]>
</value>
<value instanceof="55">
<![CDATA[ A Civil War Union officer and his southern-born wife are embroiled in an epic battle with the Apaches and each other. A classic directed by John Ford. Includes a making-of featurette.]]>
</value>
<value instanceof="56">
<![CDATA[ NR]]>
</value>
<value instanceof="57">
<![CDATA[ (1950)]]>
</value>
<value instanceof="58">
<![CDATA[ Magnum Force]]>
</value>
<value instanceof="59">
<![CDATA[ In this sequel to Dirty Harry, a San Francisco homicide detective investigating a rash of gangster murders discovers they are the work of a rookie police assassination squad.]]>
</value>
<value instanceof="60">
<![CDATA[ R]]>
</value>
<value instanceof="61">
<![CDATA[ (1973)]]>
</value>
<value instanceof="65">
</value>
<value instanceof="66">
<![CDATA[ 2]]>
</value>
<value instanceof="67">
<value instanceof="12">
<value instanceof="11">
<![CDATA[ <p>   <a> </a> <table> <tr> <td> </td> <td> <font> <i> Bryan Padilla </i> </font> </td> <td> &nbsp; <font> <b> 3 </b> out of <b> 3 </b> people found this review helpful. </font> </td> </tr> </table> <font> This movie is destined to become a western classic. Mr. Selleck does an excellent job in re-creating the western hero who must stand for what he believes in, there's also a showdown between the bad and good guy too! </font> <table> <tr> <td> </td> </tr> </table> I found this review &nbsp; <p>   <a> </a> <table> <tr> <td> </td> <td> <font> <i> Thomas Hatton </i> </font> </td> <td> &nbsp; <font> <b> 2 </b> out of <b> 4 </b> people found this review helpful. </font> </td> </tr> </table> <font> This is one of my favorite movies. It has a real hero, a real heroine and a really evil villian. There aren't many movies I will watch more than once but this is one I will always want to see this one again. </font> <table> <tr> <td> </td> </tr> </table> I found this review &nbsp; <p>  ]]>
</value>
</value>
</value>
</value>

