<value instanceof="68">
<value instanceof="17">
<![CDATA[ The Edge]]>
</value>
<value instanceof="18">
<![CDATA[ (1997)]]>
</value>
<value instanceof="19">
<![CDATA[ <br>  ]]>
</value>
<value instanceof="20">
<![CDATA[ English (Dolby Digital 2.0 Surround), English (Dolby Digital 5.1), French (Dolby Digital 2.0 Surround)]]>
</value>
<value instanceof="22">
</value>
<value instanceof="23">
<![CDATA[ <a href ='http://www.netflix.com/RoleDisplay?personid=43014'> Anthony Hopkins </a> , <a href ='http://www.netflix.com/RoleDisplay?personid=4646'> Alec Baldwin </a> , <a href ='/MovieDisplay?movieid=18114890&trkid=2069#cast'> More </a>]]>
</value>
<value instanceof="24">
<![CDATA[ <a href ='http://www.netflix.com/RoleDisplay?personid=20001677'> Lee Tamahori </a>]]>
</value>
<value instanceof="25">
<![CDATA[ 117 minutes]]>
</value>
<value instanceof="26">
<![CDATA[ R]]>
</value>
<value instanceof="27">
<![CDATA[ Action & Adventure]]>
</value>
<value instanceof="28">
<![CDATA[ Widescreen]]>
</value>
<value instanceof="29">
<![CDATA[ English, Spanish]]>
</value>
<value instanceof="30">
<![CDATA[ 3.4]]>
</value>
<value instanceof="31">
<![CDATA[ (17,047]]>
</value>
<value instanceof="32">
<![CDATA[ Not Available]]>
</value>
<value instanceof="33">
<value instanceof="16">
</value>
</value>
<value instanceof="35">
<![CDATA[ <br> </br> <a> <img> </img> </a> <a> Netflix Review </a> <br> </br>]]>
</value>
<value instanceof="44">
<![CDATA[ <p> <hr> </hr> <a> </a> <font> <b> Synopsis </b> </font> </p> A plane crash in the freezing Alaskan wilderness pits intellectual billionaire Charles Morse (Hopkins) against self-satisfied fashion photographer Robert Green (Baldwin) in a brutal struggle for survival. Each soon discovers that the greatest danger resides not in nature, but from human fear, treachery, and quite possibly, murder. <p>   This 'nerve-racking adventure' (Janet Maslin, <i> New York Times </i> ) filled with non-stop action and 'gripping suspense' (David Ansen, <i> Newsweek </i> ), is a harrowing tale from one of America's leading screenwriters, David Mamet ( <i> The Untouchables, Glengarry Glen Ross </i> ). <p>   See movie reviews below. <p>   <b> About the DVD: </b> A great Widescreen transfer that allows you to enjoy the glorious mountain and forest scenery (Alberta standing in for Alaska) and Surround Sound in English and French with Dolby 5.1 in English as well. There's English and Spanish subtitles and extensive cast/crew information. <p>  ]]>
</value>
<value instanceof="45">
<![CDATA[ <a href ='http://www.netflix.com/RoleDisplay?personid=43014'> Anthony Hopkins </a> , <a href ='http://www.netflix.com/RoleDisplay?personid=4646'> Alec Baldwin </a> , <a href ='http://www.netflix.com/RoleDisplay?personid=57660'> Elle Macpherson </a> , <a href ='http://www.netflix.com/RoleDisplay?personid=179509'> Harold Perrineau </a> <p>  ]]>
</value>
<value instanceof="46">
<![CDATA[ Black Dog]]>
</value>
<value instanceof="47">
<![CDATA[ A fond depiction of 18 wheelers and the adventures of the truckers who drive them. In this thriller an ex-con with no drivers license agrees to do an "under the table" job for his seedy boss. An intense highway duel fuels the excitement.]]>
</value>
<value instanceof="48">
<![CDATA[ R]]>
</value>
<value instanceof="49">
<![CDATA[ (1998)]]>
</value>
<value instanceof="50">
<![CDATA[ Hunted]]>
</value>
<value instanceof="51">
<![CDATA[ A high powered business executive and his companion are the targets of assassins. To survive they must join forces with a samurai warrior and fight the evil forces in a battle steeped in centuries of brutal conflict.]]>
</value>
<value instanceof="52">
<![CDATA[ R]]>
</value>
<value instanceof="53">
<![CDATA[ (1995)]]>
</value>
<value instanceof="54">
<![CDATA[ Red Heat]]>
</value>
<value instanceof="55">
<![CDATA[ A pair of mismatched cops are hot on the trail of Russia's deadliest drug smuggler throughout the mean streets of Chicago.]]>
</value>
<value instanceof="56">
<![CDATA[ R]]>
</value>
<value instanceof="57">
<![CDATA[ (1988)]]>
</value>
<value instanceof="58">
<![CDATA[ The Substitute/The Substitute 3]]>
</value>
<value instanceof="59">
<![CDATA[ This title contains two features: "The Substitute", starring Tom Berenger, and "The Substitute 3: Winner Takes All", starring Treat Williams.]]>
</value>
<value instanceof="60">
<![CDATA[ R]]>
</value>
<value instanceof="61">
<![CDATA[ (1999)]]>
</value>
<value instanceof="65">
<value instanceof="64">
<value instanceof="62">
<![CDATA[ James Rocchi]]>
</value>
<value instanceof="63">
<![CDATA[ The Edge has an unlikely pedigree for an outdoors survival saga; it's directed by New Zeland director Lee Tamahori (Mulholland Falls, Once we Were Warriors) and written by American urban dramatist David Mamet. The set-up is simple: A genius billionaire (Anthony Hopkins) and his lovely young ... <a> Complete Review </a>]]>
</value>
</value>
</value>
<value instanceof="66">
<![CDATA[ 13]]>
</value>
<value instanceof="67">
<value instanceof="12">
<value instanceof="11">
<![CDATA[ <p>   <a> </a> <table> <tr> <td> </td> <td> <font> <i> PH from TX </i> <font> <br> </br> ( <a> Read more about me ... </a> ) </font> </font> </td> <td> &nbsp; <font> <b> 4 </b> out of <b> 4 </b> people found this review helpful. </font> </td> </tr> </table> <font> I love a movie where there's no wasted dialogue - nothing that takes place in this movie is idle filler. The acting is very good - exceptional when you consider that there was a Baldwin and a model in the cast. Even the bear gave a great acting effort (and is rightly the first actor named in the ... <a> Complete Review </a> </font> <table> <tr> <td> </td> </tr> </table> I found this review &nbsp; <p>   <a> </a> <table> <tr> <td> </td> <td> <font> <i> HD from VA </i> <font> <br> </br> ( <a> Read more about me ... </a> ) </font> </font> </td> <td> &nbsp; <font> <b> 4 </b> out of <b> 4 </b> people found this review helpful. </font> </td> </tr> </table> <font> A reasonably executed film with a "subtle yet deep" underlying current throughout. There were very few aspects of human life that weren't touched by the story. So the story was EXCELLENT, but was the delivery? Well, if one can overlook a few small doses of "hollywoodism", then it was a pretty ... <a> Complete Review </a> </font> <table> <tr> <td> </td> </tr> </table> I found this review &nbsp; <p>   <a> </a> <table> <tr> <td> </td> <td> <font> <i> CoreyKiller </i> <font> <br> </br> ( <a> Read more about me ... </a> ) </font> </font> </td> <td> &nbsp; <font> <b> 3 </b> out of <b> 3 </b> people found this review helpful. </font> </td> </tr> </table> <font> Combine the dangerous, hostile wilderness with a script by David Mamet and you come up with a thrilling, exciting film ! Alec Baldwin is understandably great having appeared, brilliantly in Mamet's "Glengarry Glen Ross", but Anthony Hopkins, of course, is the star, and for good reason. This is the ... <a> Complete Review </a> </font> <table> <tr> <td> </td> </tr> </table> I found this review &nbsp; <p>   &nbsp;]]>
</value>
</value>
<value instanceof="14">
</value>
<value instanceof="12">
<value instanceof="11">
<![CDATA[ <p>   <a> </a> <table> <tr> <td> </td> <td> <font> <i> CR from MA </i> <font> <br> </br> ( <a> Read more about me ... </a> ) </font> </font> </td> <td> &nbsp; <font> <b> 2 </b> out of <b> 2 </b> people found this review helpful. </font> </td> </tr> </table> <font> ...then watch this film, and marvel at the scenery, and the intelligent way in which the characters handle being pushed to their limits. Baldwin manages a good version of a callousness, and Hopkins shines, as ever. Bart (the bear), in my opinion, should receive an an oscar nomination for his ... <a> Complete Review </a> </font> <table> <tr> <td> </td> </tr> </table> I found this review &nbsp; <p>   <a> </a> <table> <tr> <td> </td> <td> <font> <i> TS from NJ 3 </i> <font> <br> </br> ( <a> Read more about me ... </a> ) </font> </font> </td> <td> &nbsp; <font> <b> 2 </b> out of <b> 2 </b> people found this review helpful. </font> </td> </tr> </table> <font> The Edge is very entertaining with non- stop action. The scenes with the bear were exciting and the scenery was quite beautiful. I would definitely recommend it. It may not be Oscar material,and there are a few holes in the story, but you will not be bored. I was disappointed that the extras did ... <a> Complete Review </a> </font> <table> <tr> <td> </td> </tr> </table> I found this review &nbsp; <p>   <a> </a> <table> <tr> <td> </td> <td> <font> <i> E. Ronald Smith </i> </font> </td> <td> &nbsp; <font> <b> 3 </b> out of <b> 4 </b> people found this review helpful. </font> </td> </tr> </table> <font> Hopkins and Baldwin at their best!Very suspenseful and touching movie of finding oneself. </font> <table> <tr> <td> </td> </tr> </table> I found this review &nbsp; <p>   <table> <tr> <td> <a> <font> <b> See All Customer Reviews </b> </font> </a> </td> </tr> </table>]]>
</value>
</value>
</value>
</value>

