<value instanceof="68">
<value instanceof="17">
<![CDATA[ Payback]]>
</value>
<value instanceof="18">
<![CDATA[ (1999)]]>
</value>
<value instanceof="19">
<![CDATA[ <br>  ]]>
</value>
<value instanceof="20">
<![CDATA[ English (Dolby Digital 2.0 Surround), English (Dolby Digital 5.1), French (Dolby Digital 2.0 Surround)]]>
</value>
<value instanceof="22">
</value>
<value instanceof="23">
<![CDATA[ <a href ='http://www.netflix.com/RoleDisplay?personid=34396'> Mel Gibson </a> , <a href ='http://www.netflix.com/RoleDisplay?personid=72062'> David Paymer </a> , <a href ='/MovieDisplay?movieid=18957710&trkid=2069#cast'> More </a>]]>
</value>
<value instanceof="24">
<![CDATA[ <a href ='http://www.netflix.com/RoleDisplay?personid=40814'> Brian Helgeland </a>]]>
</value>
<value instanceof="25">
<![CDATA[ 101 minutes]]>
</value>
<value instanceof="26">
<![CDATA[ R]]>
</value>
<value instanceof="27">
<![CDATA[ Action & Adventure]]>
</value>
<value instanceof="28">
<![CDATA[ Widescreen Anamorphic]]>
</value>
<value instanceof="29">
<![CDATA[ English]]>
</value>
<value instanceof="30">
<![CDATA[ 3.4]]>
</value>
<value instanceof="31">
<![CDATA[ (87,801]]>
</value>
<value instanceof="32">
<![CDATA[ Behind-the-scenes featurette; theatrical trailers]]>
</value>
<value instanceof="33">
<value instanceof="16">
</value>
</value>
<value instanceof="35">
<![CDATA[ <br> </br> <a> <img> </img> </a> <a> Netflix Review </a> <br> </br>]]>
</value>
<value instanceof="44">
<![CDATA[ <p> <hr> </hr> <a> </a> <font> <b> Synopsis </b> </font> </p> Mel Gibson 'gives one of his strongest performances,'** teaming with director and co-screenwriter Brian Helgeland (co-writer of L.A. Confidential) and a superb supporting cast to ignite Payback's explosive mix of story, stars and style. <p>   The dynamic superstar portrays Porter, a career criminal bent on revenge after his partners in a street heist pump metal into him and take off with his $70,000 cut. Bad move, thugs. Because if you plan to double-cross Porter, you'd better make sure he's dead. Porter resurfaces, wading into a lurid urban underworld of syndicate kingpins, cops on the take, sniveling informants and deadly gangs. Porter wants his money back. And the way he sets out to get it assures that, from beginning to heartpounding end, Payback pays off big. <p>   **Philip Wuntch, Dallas Morning News <p>   See movie reviews below. <p> <b> About the DVD: </b> The look and sound of this DVD are exceptional. Payback was filmed using an interestingly subdued, desaturated color palette, so don't use this DVD to set your color levels. </p> <p>  ]]>
</value>
<value instanceof="45">
<![CDATA[ <a href ='http://www.netflix.com/RoleDisplay?personid=34396'> Mel Gibson </a> , <a href ='http://www.netflix.com/RoleDisplay?personid=72062'> David Paymer </a> , <a href ='http://www.netflix.com/RoleDisplay?personid=41139'> Gregg Henry </a> , <a href ='http://www.netflix.com/RoleDisplay?personid=20002630'> Maria Bello </a> <p>  ]]>
</value>
<value instanceof="46">
<![CDATA[ Hard Rain]]>
</value>
<value instanceof="47">
<![CDATA[ Hard Rain is a great mix of heist flick and disaster epic rolled into one. While a horrendous flood ravages a town, armored-car driver Christian Slater must prevent a holdup by Morgan Freeman's band of crooks! Hard Rain co-stars Minnie Driver (as a local who helps Slater) and Randy Quaid (as the sheriff tempted by the stolen loot).]]>
</value>
<value instanceof="48">
<![CDATA[ R]]>
</value>
<value instanceof="49">
<![CDATA[ (1998)]]>
</value>
<value instanceof="50">
<![CDATA[ The Siege]]>
</value>
<value instanceof="51">
<![CDATA[ When U.S. military zealots abduct a Muslim religious leader, constitutional rights get summarily suspended, and martial law is imposed in New York City as hard-line Army Gen. Bruce Willis cordons off Queens to form one big detention camp. FBI agents Denzel Washington and Tony Shalhoub and CIA operative Annette Bening struggle to save the day in this 1998 action-packed thriller.]]>
</value>
<value instanceof="52">
<![CDATA[ R]]>
</value>
<value instanceof="53">
<![CDATA[ (1998)]]>
</value>
<value instanceof="54">
<![CDATA[ Con Air]]>
</value>
<value instanceof="55">
<![CDATA[ When the government puts all its rotten criminal eggs in one airborne basket, it's asking for trouble. Before you can say, "Pass the barf bag," the crooks control the plane, led by creepy Cyrus "The Virus" Grissom (John Malkovich). Watching his every move is the just-released Nicolas Cage, who'd rather reunite with his family. The action climaxes with an incredible crash sequence in Las Vegas.]]>
</value>
<value instanceof="56">
<![CDATA[ R]]>
</value>
<value instanceof="57">
<![CDATA[ (1997)]]>
</value>
<value instanceof="58">
<![CDATA[ End of Days]]>
</value>
<value instanceof="59">
<![CDATA[ Arnold Schwarzenegger stars as Jericho Cane, a burned-out ex-cop with the world on his shoulders -- literally! Satan has taken over the body of a Wall Street banker (Gabriel Byrne) and has one goal in mind: mating with an innocent woman (Robin Tunney) before the end of the millennium (thus setting off Armageddon). Can Arnold save her -- and the world -- in time?]]>
</value>
<value instanceof="60">
<![CDATA[ R]]>
</value>
<value instanceof="61">
<![CDATA[ (1999)]]>
</value>
<value instanceof="65">
<value instanceof="64">
<value instanceof="62">
<![CDATA[ Dan Auiler]]>
</value>
<value instanceof="63">
<![CDATA[ <p> A solid remake of another solid film (1967's Point Blank) about a bad guy who wants his fair share of heist money. When he doesn't get it, bad things start to happen to everybody involved. Mel Gibson is terrific, and the film hits (sometimes literally) all the right notes. </p> <p> </p>]]>
</value>
</value>
</value>
<value instanceof="66">
<![CDATA[ 82]]>
</value>
<value instanceof="67">
<value instanceof="12">
<value instanceof="11">
<![CDATA[ <p>   <a> </a> <table> <tr> <td> </td> <td> <font> <i> SS from OK </i> <font> <br> </br> ( <a> Read more about me ... </a> ) </font> </font> </td> <td> &nbsp; <font> <b> 14 </b> out of <b> 15 </b> people found this review helpful. </font> </td> </tr> </table> <font> If you like Mel Gibson...Get it! If you like thrillers...Get it! If you like surprises...Get it! You won't be disappointed. I'll be adding this one to my Mel Gibson collection. </font> <table> <tr> <td> </td> </tr> </table> I found this review &nbsp; <p>   <a> </a> <table> <tr> <td> </td> <td> <font> <i> Harish from KY </i> <font> <br> </br> ( <a> Read more about me ... </a> ) </font> </font> </td> <td> &nbsp; <font> <b> 17 </b> out of <b> 23 </b> people found this review helpful. </font> </td> </tr> </table> <font> Anybody read any James Hadley Chase books when they were young? This movie has that good bad guy theme down that after so long its actually refreshing. The movie is just super slick in its direction and Mel Gibson played this role to perfection. Its among the best action flicks I have seen in a ... <a> Complete Review </a> </font> <table> <tr> <td> </td> </tr> </table> I found this review &nbsp; <p>   <a> </a> <table> <tr> <td> </td> <td> <font> <i> linda mockler </i> </font> </td> <td> &nbsp; <font> <b> 7 </b> out of <b> 7 </b> people found this review helpful. </font> </td> </tr> </table> <font> The perfect movie for your dark side. Have you ever had thoughts about what you would like to do to get even with someone? Have you ever thought, "It's too bad I have a conscience."? Mel's character acts on these thoughts. And nobody gets hurt but the bad guys. Lots of action, good story, ... <a> Complete Review </a> </font> <table> <tr> <td> </td> </tr> </table> I found this review &nbsp; <p>   &nbsp;]]>
</value>
</value>
<value instanceof="14">
</value>
<value instanceof="12">
<value instanceof="11">
<![CDATA[ <p>   <a> </a> <table> <tr> <td> </td> <td> <font> <i> Marc Saunders </i> </font> </td> <td> </td> </tr> </table> <font> This goes back to the style of movie where the main character just gets even. There's no need for further motivation, plot, or theme. Just time to get some payback. Plus, I recommend the soundtrack. Three's a lot of old school hits throughout the movie. </font> <table> <tr> <td> </td> </tr> </table> I found this review &nbsp; <p>   <a> </a> <table> <tr> <td> </td> <td> <font> <i> LG from MA </i> <font> <br> </br> ( <a> Read more about me ... </a> ) </font> </font> </td> <td> </td> </tr> </table> <font> This movie had to be one of Mel Gibson's worst flicks. It was hard to follow and I couldnt get into the movie at all. </font> <table> <tr> <td> </td> </tr> </table> I found this review &nbsp; <p>   <a> </a> <table> <tr> <td> </td> <td> <font> <i> PB from OH 2 </i> <font> <br> </br> ( <a> Read more about me ... </a> ) </font> </font> </td> <td> </td> </tr> </table> <font> Wow, one of Mel's good movies. But unfortunately the DVD I got was skipping every few minutes and hence could not enjoy the movie as much as I did when I saw it in the theater. </font> <table> <tr> <td> </td> </tr> </table> I found this review &nbsp; <p>   <table> <tr> <td> <a> <font> <b> See All Customer Reviews </b> </font> </a> </td> </tr> </table>]]>
</value>
</value>
</value>
</value>

