<value instanceof="68">
<value instanceof="17">
<![CDATA[ Don]]>
</value>
<value instanceof="18">
<![CDATA[ (1978)]]>
</value>
<value instanceof="19">
<![CDATA[ <br>  ]]>
</value>
<value instanceof="20">
<![CDATA[ Hindi (Dolby Digital 4.0)]]>
</value>
<value instanceof="22">
</value>
<value instanceof="23">
<![CDATA[ <a href ='http://www.netflix.com/RoleDisplay?personid=20005789'> Amitabh Bachchan </a> , <a href ='http://www.netflix.com/RoleDisplay?personid=20006127'> Zeenat Aman </a> , <a href ='/MovieDisplay?movieid=20255837&trkid=2069#cast'> More </a>]]>
</value>
<value instanceof="24">
<![CDATA[ <a href ='http://www.netflix.com/RoleDisplay?personid=20006868'> Chandra Barot </a>]]>
</value>
<value instanceof="25">
<![CDATA[ 160 minutes]]>
</value>
<value instanceof="26">
<![CDATA[ NR]]>
</value>
<value instanceof="27">
<![CDATA[ Foreign]]>
</value>
<value instanceof="28">
<![CDATA[ Full Screen]]>
</value>
<value instanceof="29">
<![CDATA[]]>
</value>
<value instanceof="30">
<![CDATA[ 3.5]]>
</value>
<value instanceof="31">
<![CDATA[ (442]]>
</value>
<value instanceof="32">
<![CDATA[ Not Available]]>
</value>
<value instanceof="33">
</value>
<value instanceof="35">
<![CDATA[ <br> </br>]]>
</value>
<value instanceof="44">
<![CDATA[ <p> <hr> </hr> <a> </a> <font> <b> Synopsis </b> </font> </p> Bachchan, in a double-role as both a master criminal and his simple-minded look-alike, again relies on his ability to play both kinds of roles. The highly popular "Yaari Yeh Iman Mera" song had audiences tossing money at the screen. <p>   See movie reviews below. <p>  ]]>
</value>
<value instanceof="45">
<![CDATA[ <a href ='http://www.netflix.com/RoleDisplay?personid=20005789'> Amitabh Bachchan </a> , <a href ='http://www.netflix.com/RoleDisplay?personid=20006127'> Zeenat Aman </a> , <a href ='http://www.netflix.com/RoleDisplay?personid=20006537'> Pran </a> <p>  ]]>
</value>
<value instanceof="46">
<![CDATA[ Best of Kishore Kumar]]>
</value>
<value instanceof="47">
<![CDATA[]]>
</value>
<value instanceof="48">
<![CDATA[ NR]]>
</value>
<value instanceof="49">
<![CDATA[ (2000)]]>
</value>
<value instanceof="50">
<![CDATA[ Main Azaad Hoon]]>
</value>
<value instanceof="51">
<![CDATA[]]>
</value>
<value instanceof="52">
<![CDATA[ NR]]>
</value>
<value instanceof="53">
<![CDATA[ (1989)]]>
</value>
<value instanceof="54">
<![CDATA[ Kala Pani]]>
</value>
<value instanceof="55">
<![CDATA[ Karan (Anand) discovers that his father, believed dead, is in fact in jail for a murder he did not commit. Karan sets out to prove his father's innocence with the help of a fearless journalist, Asha (Madhubala).]]>
</value>
<value instanceof="56">
<![CDATA[ NR]]>
</value>
<value instanceof="57">
<![CDATA[ (1958)]]>
</value>
<value instanceof="58">
<![CDATA[ Deewaar]]>
</value>
<value instanceof="59">
<![CDATA[ Stellar crime drama staging a superbly crafted family rift has anguished mother unable to choose between two sons from opposite sides of the law. Along with Zanzeer, this megahit signaled the beginning of the Bachchan phenomenon.]]>
</value>
<value instanceof="60">
<![CDATA[ NR]]>
</value>
<value instanceof="61">
<![CDATA[ (1975)]]>
</value>
<value instanceof="65">
</value>
<value instanceof="66">
<![CDATA[ 3]]>
</value>
<value instanceof="67">
<value instanceof="12">
<value instanceof="11">
<![CDATA[ <p>   <a> </a> <table> <tr> <td> </td> <td> <font> <i> Neeraj Mainkar </i> </font> </td> <td> &nbsp; <font> <b> 2 </b> out of <b> 2 </b> people found this review helpful. </font> </td> </tr> </table> <font> Whoever has written the synopsis for this movie obviously has never seen this movie. Yaari Hai Iman was not a song from this movie. Its from Zanjeer the movie that started the Amitabh phenomenon. Don is a typical Amitabh-entertainer. It was famous for its super hit song "Khaike Paan ... <a> Complete Review </a> </font> <table> <tr> <td> </td> </tr> </table> I found this review &nbsp; <p>   <a> </a> <table> <tr> <td> </td> <td> <font> <i> T Ravi </i> </font> </td> <td> &nbsp; <font> <b> 1 </b> out of <b> 1 </b> people found this review helpful. </font> </td> </tr> </table> <font> The best Hindi movie ever made. Best story, best music, superb action, there are no words to describe this all time classic. Two enthusiastic thunbs up. Must see for all Hindi speaking people. </font> <table> <tr> <td> </td> </tr> </table> I found this review &nbsp; <p>   <a> </a> <table> <tr> <td> </td> <td> <font> <i> Sadananda Patil </i> </font> </td> <td> </td> </tr> </table> <font> Excellent Entertraining movie with nice sonngs.But the quality of the DVD makes you go mad ( Specially the color ). </font> <table> <tr> <td> </td> </tr> </table> I found this review &nbsp; <p>  ]]>
</value>
</value>
</value>
</value>

