<value instanceof="68">
<value instanceof="17">
<![CDATA[ Saving Private Ryan]]>
</value>
<value instanceof="18">
<![CDATA[ (1998)]]>
</value>
<value instanceof="19">
<![CDATA[ <br>  ]]>
</value>
<value instanceof="20">
<![CDATA[ English (Dolby Digital 5.1)]]>
</value>
<value instanceof="22">
</value>
<value instanceof="23">
<![CDATA[ <a href ='http://www.netflix.com/RoleDisplay?personid=39020'> Tom Hanks </a> , <a href ='http://www.netflix.com/RoleDisplay?personid=20000395'> Tom Sizemore </a> , <a href ='/MovieDisplay?movieid=21878564&trkid=4368#cast'> More </a>]]>
</value>
<value instanceof="24">
<![CDATA[ <a href ='http://www.netflix.com/RoleDisplay?personid=87835'> Steven Spielberg </a>]]>
</value>
<value instanceof="25">
<![CDATA[ 169 minutes]]>
</value>
<value instanceof="26">
<![CDATA[ R]]>
</value>
<value instanceof="27">
<![CDATA[ Drama]]>
</value>
<value instanceof="28">
<![CDATA[ Widescreen Anamorphic]]>
</value>
<value instanceof="29">
<![CDATA[ None]]>
</value>
<value instanceof="30">
<![CDATA[ 4.3]]>
</value>
<value instanceof="31">
<![CDATA[ (246,678]]>
</value>
<value instanceof="32">
<![CDATA[ A special message from Steven Spielberg kicks off a long list of extras that includes a 1.85:1 anamorphic widescreen picture, trailers, a behind-the-scenes featurette, and cast and crew information.]]>
</value>
<value instanceof="33">
<value instanceof="16">
</value>
</value>
<value instanceof="35">
<![CDATA[ <br> </br> <a> <img> </img> </a> <a> Netflix Review </a> <br> </br> <a> <img> </img> </a> <a> Awards </a> <br> </br> <a> <img> </img> </a> <a> Mr. DVD Recommends </a> <br> </br> <a> <img> </img> </a> <a> Official Movie Site </a> <br> </br>]]>
</value>
<value instanceof="44">
<![CDATA[ <p> <hr> </hr> <a> </a> <font> <b> Synopsis </b> </font> </p> Internationally acclaimed by critics and audiences alike, Steven Spielberg's Saving Private Ryan is an unforgettable film achievement that has profound and lasting impact throughout the world. Winner of five Academy Awards including Best Director, the film also captured Oscars for Cinematography, Film Editing, Sound and Sound Effects Editing. More than 70 critics (including those at Time magazine, USA Today, The New York Times and Entertainment Weekly) and critics' groups in New York, Chicago, Dallas-Ft. Worth and Great Britain named the film Best Picture of the Year, while the Los Angeles, Toronto and Broadcast Film Critics honored it with both Best Picture and Best Director awards. In addition, Spielberg received his third Directors Guild of America Award, the American Legion ""The Spirit of Normandy"" Award, a USO Merit Award from the USO of Metropolitan Washington, as well as the highest civilian public service award from the Department of the Army. Selected for more than 160 Top Ten lists, Saving Private Ryan's other honors include Golden Globes for Best Picture (Drama) and Best Director, the Producers Guild of America Award and ten nominations from the British Academy Film Awards. Saving Private Ryan was the top-grossing motion picture of 1998. <p>   Seen through the eyes of a squad of American soldiers, the story begins with World War II's historic D-Day invasion, then moves beyond the beach as the men embark on a dangerous special mission. Captain John Miller (Tom Hanks) must take his men behind enemy lines to find Private James Ryan, whose three brothers have been killed in combat. Faced with impossible odds, the men question their orders. Why are eight men risking their lives to save just one? Surrounded by the brutal realities of war, each man searches for his own answer &#8211; and the strength to triumph over an uncertain future with honor, decency and courage. <p>   See movie reviews below. <p>   <b> About the DVD: </b> A 1.85:1 anamorphic widescreen picture with Dolby Digital 5.1 sound, but saying that doesn't do justice to how well this disc captures the movie's cinematography, sound and feel. The transfer is first-rate. There are English subtitles and other extras, including "A Special Message from Steven Spielberg," promoting the D-Day museum. <p>  ]]>
</value>
<value instanceof="45">
<![CDATA[ <a href ='http://www.netflix.com/RoleDisplay?personid=39020'> Tom Hanks </a> , <a href ='http://www.netflix.com/RoleDisplay?personid=20000395'> Tom Sizemore </a> , <a href ='http://www.netflix.com/RoleDisplay?personid=20002120'> Matt Damon </a> , <a href ='http://www.netflix.com/RoleDisplay?personid=12832'> Edward Burns </a> , <a href ='http://www.netflix.com/RoleDisplay?personid=196172'> Barry Pepper </a> , <a href ='http://www.netflix.com/RoleDisplay?personid=20010012'> Adam Goldberg </a> , <a href ='http://www.netflix.com/RoleDisplay?personid=183425'> Vin Diesel </a> , <a href ='http://www.netflix.com/RoleDisplay?personid=179591'> Giovanni Ribisi </a> , <a href ='http://www.netflix.com/RoleDisplay?personid=160478'> Jeremy Davies </a> , <a href ='http://www.netflix.com/RoleDisplay?personid=21817'> Ted Danson </a> , <a href ='http://www.netflix.com/RoleDisplay?personid=34263'> Paul Giamatti </a> , <a href ='http://www.netflix.com/RoleDisplay?personid=20001676'> Dennis Farina </a> , <a href ='http://www.netflix.com/RoleDisplay?personid=16796962'> Dylan Bruno </a> <p>  ]]>
</value>
<value instanceof="46">
<![CDATA[ Apollo 13]]>
</value>
<value instanceof="47">
<![CDATA[ Apollo 13 was supposed to be just another routine space flight ... until Astronaut Jim Lovell pierced the immense void of space with the words, "Houston, we have a problem." A riveting, suspense-filled thriller based on real events.]]>
</value>
<value instanceof="48">
<![CDATA[ PG]]>
</value>
<value instanceof="49">
<![CDATA[ (1995)]]>
</value>
<value instanceof="50">
<![CDATA[ Braveheart]]>
</value>
<value instanceof="51">
<![CDATA[ Based on historical events, this Oscar-winning epic tells the story of legendary Scotsman William Wallace (Mel Gibson), a courageous young man who fights for his country's freedom in the midst of 13th century British oppression.]]>
</value>
<value instanceof="52">
<![CDATA[ R]]>
</value>
<value instanceof="53">
<![CDATA[ (1995)]]>
</value>
<value instanceof="54">
<![CDATA[ Gladiator]]>
</value>
<value instanceof="55">
<![CDATA[ Upon the death of Roman emperor Marcus Aurelius, his trusted and successful general Maximus is unlawfully imprisoned and condemned to the gladiator games by Marcus' twisted son Commodus.]]>
</value>
<value instanceof="56">
<![CDATA[ R]]>
</value>
<value instanceof="57">
<![CDATA[ (2000)]]>
</value>
<value instanceof="58">
<![CDATA[ The Green Mile]]>
</value>
<value instanceof="59">
<![CDATA[ Set on death row in a Southern prison, The Green Mile chronicles the story of the cell block's head guard (Tom Hanks), who develops a poignant relationship with an inmate (Michael Clarke Duncan) who possesses a miraculous gift.]]>
</value>
<value instanceof="60">
<![CDATA[ R]]>
</value>
<value instanceof="61">
<![CDATA[ (1999)]]>
</value>
<value instanceof="65">
<value instanceof="64">
<value instanceof="62">
<![CDATA[ James Rocchi]]>
</value>
<value instanceof="63">
<![CDATA[ Steven Spielberg is one of cinema's greatest storytellers: He has directed such gems as E.T. the Extra-Terrestrial, The Color Purple, Raiders of the Lost Ark and Jaws. With Saving Private Ryan, his storytelling skills have reached their zenith. <p> </p> The movie opens with a depiction of the D-Day ... <a> Complete Review </a>]]>
</value>
</value>
</value>
<value instanceof="66">
<![CDATA[ 319]]>
</value>
<value instanceof="67">
<value instanceof="12">
<value instanceof="11">
<![CDATA[ <p>   <a> </a> <table> <tr> <td> </td> <td> <font> <i> Andy </i> </font> </td> <td> &nbsp; <font> <b> 35 </b> out of <b> 41 </b> people found this review helpful. </font> </td> </tr> </table> <font> Awesome movie!!! It was great!!! It didnt have that image of totally proud, couragous and superhero Americans going into battle like they showed in war movies during the fiftys and sixtys (Sands of Iwo Jima, Green Berets). Yet, it dosent have that anti-war feeling in the eightys war movies ... <a> Complete Review </a> </font> <table> <tr> <td> </td> </tr> </table> I found this review &nbsp; <p>   <a> </a> <table> <tr> <td> </td> <td> <font> <i> MH from NY 4 </i> <font> <br> </br> ( <a> Read more about me ... </a> ) </font> </font> </td> <td> &nbsp; <font> <b> 33 </b> out of <b> 42 </b> people found this review helpful. </font> </td> </tr> </table> <font> This is why we watch movies. This will be regarded as one of the 10 best movies of all time. Graphic, but not gratuitously violent and thoroughly authentic, Private Ryan tells the story of why America is the greatest country in history. We all have flaws, but our core values are always intact. ... <a> Complete Review </a> </font> <table> <tr> <td> </td> </tr> </table> I found this review &nbsp; <p>   <a> </a> <table> <tr> <td> </td> <td> <font> <i> Mark </i> </font> </td> <td> &nbsp; <font> <b> 29 </b> out of <b> 36 </b> people found this review helpful. </font> </td> </tr> </table> <font> This is my favorite movie of all time. Not for the squeamish, this movie portrays a great story with incredible realism. Positively must see. </font> <table> <tr> <td> </td> </tr> </table> I found this review &nbsp; <p>   &nbsp;]]>
</value>
</value>
<value instanceof="14">
</value>
<value instanceof="12">
<value instanceof="11">
<![CDATA[ <p>   <a> </a> <table> <tr> <td> </td> <td> <font> <i> Lucinda Martinez </i> </font> </td> <td> </td> </tr> </table> <font> This was an awesome war story that focused on many different aspects of war, including the human element, rather than simply utilizing multiple explosions and special effects to create the entire movie. We really enjoyed this film. </font> <table> <tr> <td> </td> </tr> </table> I found this review &nbsp; <p>   <a> </a> <table> <tr> <td> </td> <td> <font> <i> Matthew Phillips </i> </font> </td> <td> </td> </tr> </table> <font> It certainly made the horrors of war more prolifically accessible to those of us with no war experience. I felt it was well acted and directed. Well worth watching but be prepared for the Gore! </font> <table> <tr> <td> </td> </tr> </table> I found this review &nbsp; <p>   <a> </a> <table> <tr> <td> </td> <td> <font> <i> Nick </i> </font> </td> <td> </td> </tr> </table> <font> Hey this was an Awsome movie! Soo many military mistakes thougth.. First of all in Operation Overlord ( the beginning of the movie) was great but i like two men carrying a GI m1 carbine rifle that had a bayonet on it.. Thats a mistake right there by Speilberg and USMC Dale Dye..... The M1 carbine ... <a> Complete Review </a> </font> <table> <tr> <td> </td> </tr> </table> I found this review &nbsp; <p>   <table> <tr> <td> <a> <font> <b> See All Customer Reviews </b> </font> </a> </td> </tr> </table>]]>
</value>
</value>
</value>
</value>

