<value instanceof="68">
<value instanceof="17">
<![CDATA[ GoldenEye]]>
</value>
<value instanceof="18">
<![CDATA[ (1995)]]>
</value>
<value instanceof="19">
<![CDATA[ <br>  ]]>
</value>
<value instanceof="20">
<![CDATA[ English (Dolby Digital 5.1)]]>
</value>
<value instanceof="22">
<value instanceof="21">
</value>
</value>
<value instanceof="23">
<![CDATA[ <a href ='http://www.netflix.com/RoleDisplay?personid=11699'> Pierce Brosnan </a> , <a href ='http://www.netflix.com/RoleDisplay?personid=6267'> Sean Bean </a> , <a href ='/MovieDisplay?movieid=22040803&trkid=2069#cast'> More </a>]]>
</value>
<value instanceof="24">
<![CDATA[ <a href ='http://www.netflix.com/RoleDisplay?personid=13889'> Martin Campbell </a>]]>
</value>
<value instanceof="25">
<![CDATA[ 130 minutes]]>
</value>
<value instanceof="26">
<![CDATA[ PG-13]]>
</value>
<value instanceof="27">
<![CDATA[ Action & Adventure]]>
</value>
<value instanceof="28">
<![CDATA[ Widescreen Anamorphic]]>
</value>
<value instanceof="29">
<![CDATA[ English, French]]>
</value>
<value instanceof="30">
<![CDATA[ 3.4]]>
</value>
<value instanceof="31">
<![CDATA[ (95,979]]>
</value>
<value instanceof="32">
<![CDATA[ Color; region 1 encoding; interactive menus; scene access; enhanced for 16x9 TVs; audio commentary track with director; "The World of 007" documentary; making-of and behind-the-scenes featurettes; Tina Turner music video; theatrical trailer(s)]]>
</value>
<value instanceof="33">
<value instanceof="16">
</value>
</value>
<value instanceof="35">
<![CDATA[ <br> </br> <a> <img> </img> </a> <a> Netflix Review </a> <br> </br>]]>
</value>
<value instanceof="44">
<![CDATA[ <p> <hr> </hr> <a> </a> <font> <b> Synopsis </b> </font> </p> You know the name. You know the number. Ian Fleming's James Bond is back, as Albert R. Broccoli presents the 17th installment of the most successful film franchise in history. Pierce Brosnan takes on the role of legendary Agent 007 in the most ambitious James Bond adventure ever to explode onto the big screen. Goldeneye delivers all the pulse-pounding action, spectacular effects, torrid sexuality and trademark wit that have made James Bond a favorite of audiences the world over. <p>   See movie reviews below. <p>   <b> About the DVD: </b> You'll be shaken <i> and </i> stirred by all the features packed into this Special Edition: audio commentary by director Martin Campbell and producer Michael G. Wilson, a video diary about the making of the film, a cheesy featurette called "The World of 007," 12 television spots, two theatrical trailers and the Tina Turner music video. The 2.35:1 anamorphic widescreen transfer (subtitled in English and French) is sharp, with the English soundtrack in Dolby Digital 5.1 and the French in Dolby 2.0. <p>  ]]>
</value>
<value instanceof="45">
<![CDATA[ <a href ='http://www.netflix.com/RoleDisplay?personid=11699'> Pierce Brosnan </a> , <a href ='http://www.netflix.com/RoleDisplay?personid=6267'> Sean Bean </a> , <a href ='http://www.netflix.com/RoleDisplay?personid=4509'> Joe Don Baker </a> , <a href ='http://www.netflix.com/RoleDisplay?personid=20001446'> Famke Janssen </a> , <a href ='http://www.netflix.com/RoleDisplay?personid=129585'> Izabella Scorupco </a> , <a href ='http://www.netflix.com/RoleDisplay?personid=20000087'> Tcheky Karyo </a> , <a href ='http://www.netflix.com/RoleDisplay?personid=23831'> Judi Dench </a> , <a href ='http://www.netflix.com/RoleDisplay?personid=18579'> Robbie Coltrane </a> , <a href ='http://www.netflix.com/RoleDisplay?personid=20829'> Alan Cumming </a> , <a href ='http://www.netflix.com/RoleDisplay?personid=20009783'> Desmond Llewelyn </a> , <a href ='http://www.netflix.com/RoleDisplay?personid=109476'> Samantha Bond </a> , <a href ='http://www.netflix.com/RoleDisplay?personid=20003575'> Michael Kitchen </a> , <a href ='http://www.netflix.com/RoleDisplay?personid=20011254'> Simon Kunz </a> <p>  ]]>
</value>
<value instanceof="46">
<![CDATA[ The World Is Not Enough]]>
</value>
<value instanceof="47">
<![CDATA[ Greed, revenge, world dominance, high-tech terrorism -- it's all in a day's work for James Bond, who races to defuse an international power struggle that has the world's oil supply hanging in the balance.]]>
</value>
<value instanceof="48">
<![CDATA[ PG-13]]>
</value>
<value instanceof="49">
<![CDATA[ (1999)]]>
</value>
<value instanceof="50">
<![CDATA[ The Spy Who Loved Me]]>
</value>
<value instanceof="51">
<![CDATA[ Nobody does it better than Bond, and he proves it once more in this explosively entertaining action-adventure! When a massive underwater craft abducts British and Russian submarines, global tensions reach the brink of war.]]>
</value>
<value instanceof="52">
<![CDATA[ PG]]>
</value>
<value instanceof="53">
<![CDATA[ (1977)]]>
</value>
<value instanceof="54">
<![CDATA[ Moonraker]]>
</value>
<value instanceof="55">
<![CDATA[ James Bond, on the trail of a madman with plans for world domination, goes where no spy has gone before--into outer space! With a lovely lady by his side and a menacing brute on his heals, this mission will be his most challenging yet!]]>
</value>
<value instanceof="56">
<![CDATA[ PG]]>
</value>
<value instanceof="57">
<![CDATA[ (1979)]]>
</value>
<value instanceof="58">
<![CDATA[ Mission: Impossible]]>
</value>
<value instanceof="59">
<![CDATA[ Cruise stars as Ethan Hunt, a secret agent framed for the deaths of his espionage team. Fleeing from government assassins, he tries to stay one step ahead of his pursuers...and draw one step closer to discovering the shocking truth.]]>
</value>
<value instanceof="60">
<![CDATA[ PG-13]]>
</value>
<value instanceof="61">
<![CDATA[ (1996)]]>
</value>
<value instanceof="65">
<value instanceof="64">
<value instanceof="62">
<![CDATA[ James Bullbrook]]>
</value>
<value instanceof="63">
<![CDATA[ Between the time Licence to Kill finished shooting in 1987 and the 1995 production of GoldenEye, tumultuous world events changed the landscape for the spy-thriller series forever. Consider these milestones: The Berlin Wall fell, the Soviet Union collapsed, womanizing lost any rakish appeal it may ... <a> Complete Review </a>]]>
</value>
</value>
</value>
<value instanceof="66">
<![CDATA[ 34]]>
</value>
<value instanceof="67">
<value instanceof="12">
<value instanceof="11">
<![CDATA[ <p>   <a> </a> <table> <tr> <td> </td> <td> <font> <i> Haseeb Iqbal </i> </font> </td> <td> &nbsp; <font> <b> 18 </b> out of <b> 19 </b> people found this review helpful. </font> </td> </tr> </table> <font> james bond007 as you all are familiar with the name.this time pierce brosnan takes over the legendary role.he really looks like an agent,not like moore who was too gentlemen to be a bond.the music,the theme song,the action every thing is perfect. in the movie 006 betrays the country ... <a> Complete Review </a> </font> <table> <tr> <td> </td> </tr> </table> I found this review &nbsp; <p>   <a> </a> <table> <tr> <td> </td> <td> <font> <i> TC from NY 5 </i> <font> <br> </br> ( <a> Read more about me ... </a> ) </font> </font> </td> <td> &nbsp; <font> <b> 4 </b> out of <b> 4 </b> people found this review helpful. </font> </td> </tr> </table> <font> This was the first 007 movie I have ever seen. This movie rules. It has everything that a movie needs to have. Oh, and make sure to check out the game the goes alone with the movie for N64. Both the movie and the game are works of art. </font> <table> <tr> <td> </td> </tr> </table> I found this review &nbsp; <p>   <a> </a> <table> <tr> <td> </td> <td> <font> <i> Muldoon </i> <font> <br> </br> ( <a> Read more about me ... </a> ) </font> </font> </td> <td> &nbsp; <font> <b> 4 </b> out of <b> 5 </b> people found this review helpful. </font> </td> </tr> </table> <font> Director Martin Campbell struck gold in 1995 with "Goldeneye". This installment of the 007 series, featured Pierce Brosnan, for the first time, as the famed James Bond. Other changes in the cast included Samantha Bond as Moneypenny and Judi Dench as "M". Rounding out the cast was Sean Bean, ... <a> Complete Review </a> </font> <table> <tr> <td> </td> </tr> </table> I found this review &nbsp; <p>   &nbsp;]]>
</value>
</value>
<value instanceof="14">
</value>
<value instanceof="12">
<value instanceof="11">
<![CDATA[ <p>   <a> </a> <table> <tr> <td> </td> <td> <font> <i> BR from CA 15 </i> <font> <br> </br> ( <a> Read more about me ... </a> ) </font> </font> </td> <td> </td> </tr> </table> <font> This movie is by far the worst of the 3 Pierce Brosnan Bonds. Bad editing, bad acting. UGGH! </font> <table> <tr> <td> </td> </tr> </table> I found this review &nbsp; <p>   <a> </a> <table> <tr> <td> </td> <td> <font> <i> JR from PA 6 </i> <font> <br> </br> ( <a> Read more about me ... </a> ) </font> </font> </td> <td> </td> </tr> </table> <font> This one ROCKS! Most intersting opening five minutes of any movie ever done, then it goes on from there. The rest of the movie is great, but the ending is "great BOND"; with the viewer hanging from the edge of his seat while James hangs by his finger tips!!! Wall to Wall action, and the bad ... <a> Complete Review </a> </font> <table> <tr> <td> </td> </tr> </table> I found this review &nbsp; <p>   <a> </a> <table> <tr> <td> </td> <td> <font> <i> CA from MN 3 </i> <font> <br> </br> ( <a> Read more about me ... </a> ) </font> </font> </td> <td> &nbsp; <font> <b> 1 </b> out of <b> 1 </b> people found this review helpful. </font> </td> </tr> </table> <font> After a long hiatus and the loss of the last Bond actor-T. Dalton, it seemed that the Bond franchise might have slipped away into posterity. But Bronsnan's acceptance of the role he was born to play has brought much needed new life to the series. GoldenEye is not a perfect Bond film, but it comes ... <a> Complete Review </a> </font> <table> <tr> <td> </td> </tr> </table> I found this review &nbsp; <p>   <table> <tr> <td> <a> <font> <b> See All Customer Reviews </b> </font> </a> </td> </tr> </table>]]>
</value>
</value>
</value>
</value>

