<value instanceof="133">
<value instanceof="45">
<![CDATA[ 1330190635]]>
</value>
<value instanceof="46">
<![CDATA[ Feb-09-02 17:11:06]]>
</value>
<value instanceof="47">
<![CDATA[ - Great Britain #235-48 MNH Cat. Value $18.85]]>
</value>
<value instanceof="48">
<![CDATA[ <title> Bretalex Stamp Company Auction </title>]]>
</value>
<value instanceof="49">
</value>
<value instanceof="50">
<![CDATA[ Great Britain #235-48 MNH Cat. Value $18.85]]>
</value>
<value instanceof="51">
<![CDATA[ 1330190635]]>
</value>
<value instanceof="53">
</value>
<value instanceof="57">
<value instanceof="54">
</value>
</value>
<value instanceof="61">
<![CDATA[ <b> $3.60 </b>]]>
</value>
<value instanceof="65">
<![CDATA[ <b> $3.60 </b>]]>
</value>
<value instanceof="69">
<value instanceof="68">
</value>
</value>
<value instanceof="72">
<![CDATA[ 4 days, 7 hours +]]>
</value>
<value instanceof="74">
</value>
<value instanceof="75">
<![CDATA[ Michigan]]>
</value>
<value instanceof="78">
<value instanceof="76">
</value>
</value>
<value instanceof="79">
<![CDATA[ USA/Detroit]]>
</value>
<value instanceof="80">
<![CDATA[ Feb-02-02 17:11:06]]>
</value>
<value instanceof="81">
<![CDATA[ Feb-09-02 17:11:06]]>
</value>
<value instanceof="85">
<value instanceof="83">
</value>
</value>
<value instanceof="86">
<![CDATA[ <a href ="http://contact.ebay.com/aw-cgi/eBayISAPI.dll?ShowCoreAskSellerQuestion&amp;requested=ahhaim@aol.com&amp;iid=1330190635&amp;frm=284"> ahhaim@aol.com </a> <a href ="http://cgi2.ebay.com/aw-cgi/eBayISAPI.dll?ViewFeedback&amp;userid=ahhaim@aol.com"> (50) </a> <a href ="http://pages.ebay.com/help/basics/g-stars.html"> <img align ="absmiddle" border ="0" alt ="star" height ="25" width ="25" src ="http://pics.ebay.com/aw/pics/stars-6.gif">   </a>]]>
</value>
<value instanceof="87">
<![CDATA[]]>
</value>
<value instanceof="89">
</value>
<value instanceof="90">
<![CDATA[ <b> <a href ="http://contact.ebay.com/aw-cgi/eBayISAPI.dll?ReturnUserEmail&amp;requested=ebross5452&amp;iid=1330190635&amp;frm=284"> ebross5452 </a> <a href ="http://cgi2.ebay.com/aw-cgi/eBayISAPI.dll?ViewFeedback&amp;userid=ebross5452"> (55) </a> <a href ="http://pages.ebay.com/help/basics/g-stars.html"> <img align ="absmiddle" border ="0" alt ="star" height ="25" width ="25" src ="http://pics.ebay.com/aw/pics/stars-6.gif">   </a> </b>]]>
</value>
<value instanceof="91">
<![CDATA[ Money Order/Cashiers Checks. Personal Checks. See item description for payment methods accepted]]>
</value>
<value instanceof="92">
</value>
<value instanceof="95">
<value instanceof="93">
</value>
</value>
<value instanceof="99">
<![CDATA[ Will ship to United States only. See item description for shipping charges.]]>
</value>
<value instanceof="103">
</value>
<value instanceof="106">
<value instanceof="104">
</value>
</value>
<value instanceof="109">
<value instanceof="107">
</value>
</value>
<value instanceof="132">
<![CDATA[ <basefont size ="3">   <center> <font face ="tubular"> <font size ="6"> Bretalex Stamp Company </font> </font> </center> <br>   <div align ="center"> <img src ="http://members.aol.com/haimannfac/euroauctions9">   </div> <br>   <br>   <center> <font color ="#FF0000"> <font size ="5"> Premium Europe </font> </font> </center> <center> <font color ="navy"> This auction is for Great Britain #235-48 MNH Cat. Value $18.85 We are trying to free up some room, so here is this lot with no reserve, starting at 20% of Cat. A True Bargain!!! Please wait for scan to load, but please know that the scan does not do justice to the lot. If you have any questions please feel free to E-mail me at ahhaim@aol.com. Bid well and bid early!&lt;/ p&gt; </font> </center> <dl> <dd> <br>   </dd> </dl> <center> <center> <font color ="#FF0000"> Starting Bid $3.60! </font> </center> <br>   <br>   <br>   <br>   <br>   <br>   <p> <a href ="http://cgi6.ebay.com/aw-cgi/eBayISAPI.dll?ViewListedItems&amp;userid=ahhaim@aol.com&amp;completed=0&amp;sort=0&amp;since=-1"> </a> </p> <center> Please Check Out Other Auctions by Bretalex </center> <br>   <br>   <br>   <br>   <hr>   <img src ="http://members.aol.com/haimannfac/euroauctions9">   <center> <a href ="http://showcount.honesty.com/cgi-bin/showcounterseBay.cgi?site=0"> <img border ="0" src ="http://counters.honesty.com/cgi-bin/honesty-counter.cgi?df=1330190635&amp;hidden=0&amp;site=0&amp;type=0&amp;border=1&amp;style=A" alt ="counter 2">   </a> <br>   <a href ="http://showcount.honesty.com/cgi-bin/showcounterseBay.cgi?site=0"> <font face ="Verdana, Arial, Helvetica, sans-serif" size ="2"> Free Counters powered by Andale! </font> </a> </center> <br>   <table width ="100%" border ="0" cellspacing ="0" cellpadding ="4"> <tr valign ="top"> <td width ="50%"> <table cellspacing ="0" width ="100%" bgcolor ="#CCCCFF" border ="1"> <tr> <td align ="center"> <b> <font face ="Verdana, Arial, Helvetica, sans-serif"> Payment Details </font> </b> </td> </tr> </table> <table width ="100%" border ="0" cellspacing ="0" cellpadding ="2"> <tr> <td align ="center"> <font size ="2"> See item description and Payment Instructions, or contact seller for more information. </font> </td> </tr> </table> </td> <td width ="50%" align ="center"> <table cellspacing ="0" width ="100%" bgcolor ="#CCCCFF" border ="1"> <tr> <td align ="center" width ="100%"> <b> <font face ="Verdana, Arial, Helvetica, sans-serif"> Payment Instructions </font> </b> </td> </tr> </table> <font size ="2"> See item description or contact seller for more information. </font> </td> </tr> </table> <a id ="BID1" name ="BID1"> </a> <center> <table border ="1" cellspacing ="0" width ="100%" bgcolor ="#CCCCFF"> <tr> <td align ="center" width ="100%"> <font size ="4" color ="#000000"> <b> Bidding </b> </font> </td> </tr> </table> </center> <br>   <table border ="0" width ="100%"> <tr> <td width ="65%" valign ="top"> <table border ="1" cellspacing ="0" cellpadding ="4" width ="100%"> <tr> <td valign ="top"> <form method ="post" action ="http://cgi.ebay.com/aw-cgi/eBayISAPI.dll"> <input type ="hidden" name ="MfcISAPICommand" value ="MakeBid">   <input type ="hidden" name ="item" value ="1330190635">   <table border ="0" cellspacing ="0" cellpadding ="4" width ="100%"> <tr> <td> <table border ="0" width ="100%"> <tr> <td colspan ="5"> <center> <font size ="4"> Great Britain #235-48 MNH Cat. Value $18.85 </font> <br>   <font size ="3"> Item # 1330190635 </font> </center> </td> </tr> <tr> <td width ="1%"> </td> <td width ="40%" align ="right"> <font face ="Verdana, Arial, Helvetica, sans-serif" size ="2"> Current bid: </font> </td> <td width ="2%"> </td> <td width ="26%" align ="right"> <font face ="Verdana, Arial, Helvetica, sans-serif" size ="2"> $3.60 </font> </td> <td width ="31%" align ="left"> </td> </tr> <tr> <td width ="1%"> </td> <td width ="40%" align ="right"> <font face ="Verdana, Arial, Helvetica, sans-serif" size ="2"> Bid increment: </font> </td> <td width ="2%"> </td> <td width ="26%" align ="right"> <font face ="Verdana, Arial, Helvetica, sans-serif" size ="2"> $0.25 </font> </td> <td width ="31%"> </td> </tr> <tr> <td width ="1%"> </td> <td width ="40%" align ="right"> <font face ="Verdana, Arial, Helvetica, sans-serif" size ="-1"> <b> Your maximum bid: </b> </font> </td> <td width ="2%"> </td> <td width ="26%" align ="right"> <input type ="text" name ="maxbid" size ="12" maxlength ="12">   </td> <td width ="31%"> </td> </tr> <tr> <td width ="1%"> </td> <td colspan ="3" width ="68%" align ="right"> <font face ="Verdana, Arial, Helvetica, sans-serif" size ="-1"> <i> (Minimum bid: $3.85 ) </i> </font> </td> <td width ="31%"> </td> </tr> <tr> <td colspan ="4" width ="69%" align ="right"> <input type ="submit" value ="Review bid">   </td> <td width ="31%"> </td> </tr> </table> </td> </tr> <tr> <td> <p> <font face ="Verdana, Arial, Helvetica, sans-serif" size ="-1"> eBay will bid incrementally on your behalf <b> up to your maximum bid </b> , which is kept secret from other eBay users. The eBay term for this is <a href ="http://pages.ebay.com/help/buyerguide/bidding-prxy.html"> proxy bidding </a> . </font> </p> <br>   </td> </tr> <tr> <td> <font face ="Verdana, Arial, Helvetica, sans-serif" size ="-1"> <b> Your bid is a contract </b> - Place a bid only if you're serious about buying the item. If you are the winning bidder, you will enter into a legally binding contract to purchase the item from the seller. </font> </td> </tr> </table> </form> </td> </tr> </table> </td> <td width ="1%" bordercolor ="#FFFFFF"> </td> <td width ="34%" valign ="top"> <table border ="1" cellspacing ="0" cellpadding ="0" bgcolor ="#EFEFEF" width ="100%"> <tr> <td valign ="top" height ="100%"> <table border ="0" cellspacing ="0" cellpadding ="4" width ="100%"> <tr> <td valign ="top" width ="5%"> </td> <td colspan ="2"> <center> <font face ="Verdana, Arial, Helvetica, sans-serif" color ="#990000" size ="-1"> <b> How to Bid </b> </font> <img src ="http://pics.ebay.com/aw/pics/icons/bid_paddle.gif" width ="20" height ="30" align ="absmiddle" border ="0">   </center> </td> <td valign ="top" width ="5%"> </td> </tr> <tr> <td valign ="top" width ="5%"> </td> <td valign ="top" width ="7%"> <font face ="Verdana, Arial, Helvetica, sans-serif" size ="2"> 1. </font> </td> <td valign ="top" width ="83%"> <font face ="Verdana, Arial, Helvetica, sans-serif" size ="2"> <a href ="http://cgi4.ebay.com/aw-cgi/eBayISAPI.dll?RegisterShow"> Register to bid </a> - if you haven't already. It's free! </font> </td> <td valign ="top" width ="5%"> </td> </tr> <tr> <td valign ="top" width ="5%"> </td> <td valign ="top" width ="7%"> <font face ="Verdana, Arial, Helvetica, sans-serif" size ="2"> 2. </font> </td> <td valign ="top" width ="83%"> <font face ="Verdana, Arial, Helvetica, sans-serif" size ="2"> <a href ="http://cgi2.ebay.com/aw-cgi/eBayISAPI.dll?ViewFeedback&amp;userid=ahhaim@aol.com"> Learn about this seller </a> - read feedback comments left by others. </font> </td> <td valign ="top" width ="5%"> </td> </tr> <tr> <td valign ="top" width ="5%"> </td> <td valign ="top" width ="7%"> <font face ="Verdana, Arial, Helvetica, sans-serif" size ="2"> 3. </font> </td> <td valign ="top" width ="83%"> <font face ="Verdana, Arial, Helvetica, sans-serif" size ="2"> <a href ="#PAYMENT"> Know the details </a> - read the item description and payment &amp; shipping terms closely. </font> </td> <td valign ="top" width ="5%"> </td> </tr> <tr> <td valign ="top" width ="5%"> </td> <td valign ="top" width ="7%"> <font face ="Verdana, Arial, Helvetica, sans-serif" size ="2"> 4. </font> </td> <td valign ="top" width ="83%"> <font face ="Verdana, Arial, Helvetica, sans-serif" size ="2"> If you have questions - contact the seller <a href ="http://contact.ebay.com/aw-cgi/eBayISAPI.dll?ReturnUserEmail&amp;requested=ahhaim@aol.com"> ahhaim@aol.com </a> <i> before </i> you bid. </font> </td> <td valign ="top" width ="5%"> </td> </tr> <tr> <td valign ="top" width ="5%"> </td> <td valign ="top" width ="7%"> <font face ="Verdana, Arial, Helvetica, sans-serif" size ="2"> 5. </font> </td> <td valign ="top" width ="83%"> <font face ="Verdana, Arial, Helvetica, sans-serif" size ="2"> Place your bid! </font> </td> <td valign ="top" width ="5%"> </td> </tr> <tr> <td valign ="top" width ="5%"> </td> <td colspan ="2"> <center> <font face ="Verdana, Arial, Helvetica, sans-serif" size ="2"> <b> eBay purchases are <a href ="http://pages.ebay.com/help/community/insurance.html"> insured </a> . </b> </font> </center> </td> <td valign ="top" width ="5%"> </td> </tr> <tr> <td colspan ="4"> </td> </tr> </table> </td> </tr> </table> </td> </tr> </table> <br>   <table width ="600" border ="1" bordercolor ="#0000CC" cellspacing ="0" cellpadding ="0"> <tr> <td width ="100%"> <table width ="600" border ="0"> <tr bgcolor ="#CCCCFF"> <td width ="100%" colspan ="2"> <center> <font face ="Verdana, Arial, Helvetica, sans-serif"> <b> Top Questions From This Page </b> </font> </center> </td> </tr> <tr> <td bgcolor ="#FFFFFF" width ="50%" valign ="top"> <ul> <li> <a href ="http://pages.ebay.com/help/basics/e_item1.html"> How do I place a proxy bid? It looks like I can only place a maximum bid. </a> </li> <li> <a href ="http://pages.ebay.com/help/basics/e_item2.html"> Why doesn't my bid show up? </a> </li> <li> <a href ="http://pages.ebay.com/help/basics/e_item3.html"> What does "reserve not yet met" mean? </a> </li> <li> <a href ="http://pages.ebay.com/help/basics/e_item4.html"> How can I change something or cancel my listing completely? </a> </li> </ul> </td> <td bgcolor ="#FFFFFF" width ="50%" valign ="top"> <ul> <li> <a href ="http://pages.ebay.com/help/basics/e_item5.html"> Why isn't my picture showing up? </a> </li> <li> <a href ="http://pages.ebay.com/help/basics/e_item6.html"> As a seller, how can I cancel an unwanted bid? </a> </li> <li> <a href ="http://pages.ebay.com/help/basics/e_item7.html"> Why does my email address appear when I have a User ID? </a> </li> <li> <a href ="http://pages.ebay.com/help/basics/e_item8.html"> How do I register? </a> </li> <li> <a href ="http://pages.ebay.com/help/basics/e_item15.html"> What is Half.com? </a> </li> </ul> </td> </tr> </table> </td> </tr> </table> <table border ="0" cellpadding ="0" cellspacing ="0" width ="600"> <tr> <td colspan ="2"> <br>   <hr width ="500" align ="center">   <br>   <div align ="center"> <font size ="2"> <a href ="http://pages.ebay.com/community/index.html"> Announcements </a> | <a href ="http://cgi4.ebay.com/aw-cgi/eBayISAPI.dll?RegisterShow"> Register </a> | <a href ="http://pages.ebay.com/help/community/index.html"> SafeHarbor (Rules &amp; Safety) </a> | <a href ="http://pages.ebay.com/services/forum/feedback.html"> Feedback Forum </a> | <a href ="http://pages.ebay.com/community/aboutebay/index.html"> About eBay </a> </font> </div> <br>   </td> </tr> <tr> <td width ="450" height ="31" valign ="top" align ="left"> <font size ="2"> Copyright 1995-2002 eBay Inc. All Rights Reserved. <br>   Designated trademarks and brands are the property of their respective owners. <br>   Use of this Web site constitutes acceptance of the eBay <a href ="http://pages.ebay.com/help/community/png-user.html"> User Agreement </a> and <a href ="http://pages.ebay.com/help/community/png-priv.html"> Privacy Policy </a> . </font> <br>   </td> <td width ="150" height ="31" valign ="top" align ="right"> <a href ="http://pages.ebay.com/help/community/png-priv.html"> <font size ="2"> <img src ="http://pics.ebay.com/aw/pics/truste_button.gif" align ="middle" width ="116" height ="31" alt ="TrustE" border ="0">   </font> </a> </td> </tr> </table> <br>   <br>   </center>]]>
</value>
</value>

