<value instanceof="133">
<value instanceof="45">
<![CDATA[ 1330311017]]>
</value>
<value instanceof="46">
<![CDATA[ Feb-10-02 08:36:41]]>
</value>
<value instanceof="47">
<![CDATA[ - GB EDWARDVII 1902 2/6 purple Sc#139 CDS]]>
</value>
<value instanceof="48">
<![CDATA[]]>
</value>
<value instanceof="49">
</value>
<value instanceof="50">
<![CDATA[ GB EDWARDVII 1902 2/6 purple Sc#139 CDS]]>
</value>
<value instanceof="51">
<![CDATA[ 1330311017]]>
</value>
<value instanceof="53">
</value>
<value instanceof="57">
<value instanceof="54">
</value>
</value>
<value instanceof="61">
<![CDATA[ <b> $6.99 </b>]]>
</value>
<value instanceof="65">
<![CDATA[ <b> $6.99 </b>]]>
</value>
<value instanceof="69">
<value instanceof="66">
</value>
</value>
<value instanceof="72">
<![CDATA[ 4 days, 22 hours +]]>
</value>
<value instanceof="74">
</value>
<value instanceof="75">
<![CDATA[ Hamburg]]>
</value>
<value instanceof="78">
<value instanceof="77">
</value>
</value>
<value instanceof="79">
<![CDATA[ Germany]]>
</value>
<value instanceof="80">
<![CDATA[ Feb-03-02 08:36:41]]>
</value>
<value instanceof="81">
<![CDATA[ Feb-10-02 08:36:41]]>
</value>
<value instanceof="85">
<value instanceof="83">
</value>
</value>
<value instanceof="86">
<![CDATA[ <a href ="http://contact.ebay.com/aw-cgi/eBayISAPI.dll?ShowCoreAskSellerQuestion&amp;requested=fairstamp&amp;iid=1330311017&amp;frm=284"> fairstamp </a> <a href ="http://cgi2.ebay.com/aw-cgi/eBayISAPI.dll?ViewFeedback&amp;userid=fairstamp"> (1978) </a> <a href ="http://pages.ebay.com/help/basics/g-stars.html"> <img align ="absmiddle" border ="0" alt ="star" height ="25" width ="25" src ="http://pics.ebay.com/aw/pics/stars-9.gif">   </a> <a href ="http://members.ebay.com/aboutme/fairstamp/"> <img src ="http://pics.ebay.com/aw/pics/aboutme-small.gif" align ="absmiddle" border ="0" alt ="about me" height ="8" width ="23">   </a>]]>
</value>
<value instanceof="87">
<![CDATA[]]>
</value>
<value instanceof="89">
</value>
<value instanceof="90">
<![CDATA[ --]]>
</value>
<value instanceof="91">
<![CDATA[ See item description for payment methods accepted]]>
</value>
<value instanceof="92">
</value>
<value instanceof="95">
<value instanceof="93">
</value>
</value>
<value instanceof="99">
<![CDATA[ Seller ships internationally (worldwide). See item description for shipping charges.]]>
</value>
<value instanceof="103">
<value instanceof="102">
<value instanceof="101">
<![CDATA[ <td> <font> Seller Services </font> </td> <td> <a> <font> Revise item </font> </a> </td>]]>
</value>
</value>
</value>
<value instanceof="106">
<value instanceof="104">
</value>
</value>
<value instanceof="109">
<value instanceof="107">
</value>
</value>
<value instanceof="132">
<![CDATA[ <table align ="center" cellpadding ="8" border ="4" cellspacing ="0" bgcolor ="0000A0"> <tr> <td valign ="top" align ="center" width ='1%'> <br>   <br>   <a href ="http://www.fairstamp.de/p688.jpg"> <img border ="0" align ="top" hspace ="5" src ="http://www.fairstamp.de/p688.jpg">   </a> </td> <td valign ="top" align ="center"> <table border ="0"> <tr> <td align ="center"> <font face ="Bookman Old Style" color ="#FF0000" size ="6"> GB EDWARDVII 1902 2/6 purple Sc#139 CDS </font> </td> </tr> </table> <br>   <font face ="Bookman Old Style" color ="#FFFFFF" size ="5"> Michel #115A CDS on chalky paper, purple shade, perforation see scan. Shipping $5.00 for registered and insured mail. $2.00 for regular mail on buyer's request and risk only. Postage per shipment, multiple lots can be combined. Checks, money orders, and cash welcome. PayPal accepted, please combine multiple wins to one PayPal transaction. PLEASE VIEW ALSO MY OTHER AUCTIONS! </font> <br>   <p> <font face ="Bookman Old Style" color ="#FF0000" size ="3"> NO RESERVE </font> <br>   </p> <p> <a href ="http://cgi6.ebay.com/aw-cgi/eBayISAPI.dll?MfcISAPICommand=ViewListedItems&amp;rows=0&amp;userid=fairstamp&amp;since=-1&amp;sort=2" target ="_blank"> <font face ="Bookman Old Style" color ="#FF0000" size ="3"> Click here to view my other auctions. </font> </a> <br>   </p> </td> </tr> </table> <center> <small> This listing created by eBay <a href ="http://pages.ebay.com/sellers_assistant/" target ="_blank"> Seller's Assistant Pro </a> </small> </center> <hr>   <samp> On Feb-04-02 at 00:22:43 PST, seller added the following information: </samp> <p> </p> <table border ="0" cellpadding ="10" cellspacing ="0" align ="center"> <tr> <td align ="center"> <font face ="verdana, arial, helvetica" size ="2"> <b> After purchasing, pay instantly with your credit card through PayPal! </b> </font> </td> </tr> <tr> <td align ="center"> <a href ="https://www.paypal.com/xclick-auction/business=6PNN4BHGMBWFJ&amp;auction_type=Ebay" target ="_blank"> <noscript> <img> </img> </noscript> </a> </td> </tr> <tr> <td align ="center"> <img src ="http://images.paypal.com/images/icon_visa.gif" border ="0" alt ="Visa">   <img src ="http://images.paypal.com/images/icon_mastercard.gif" border ="0" alt ="MasterCard">   <img src ="http://images.paypal.com/images/icon_discover.gif" border ="0" alt ="Discover">   <img src ="http://images.paypal.com/images/icon_amex.gif" border ="0" alt ="American Express">   </td> </tr> </table> <br>   <br>   <br>   <hr>   <img src ="http://www.blackthornesw.com/pba.gif">   <center> <a href ="http://showcount.honesty.com/cgi-bin/showcounterseBay.cgi?site=0"> <img border ="0" src ="http://counters.honesty.com/cgi-bin/honesty-counter.cgi?df=1330311017&amp;hidden=0&amp;site=0&amp;type=0&amp;border=1&amp;style=A" alt ="counter 2">   </a> <br>   <a href ="http://showcount.honesty.com/cgi-bin/showcounterseBay.cgi?site=0"> <font> Free Counters powered by Andale! </font> </a> </center> <br>   <table width ="100%" border ="0" cellspacing ="0" cellpadding ="4"> <tr valign ="top"> <td> <table> <tr> <td> <b> <font> Payment Details </font> </b> </td> </tr> </table> <table> <tr> <td> <font> See item description and Payment Instructions, or contact seller for more information. </font> </td> </tr> </table> </td> <td> <table> <tr> <td> <b> <font> Payment Instructions </font> </b> </td> </tr> </table> <font> See item description or contact seller for more information. </font> </td> </tr> </table> <a id ="BID1" name ="BID1"> </a> <center> <table> <tr> <td> <font> <b> Bidding </b> </font> </td> </tr> </table> </center> <br> </br> <table> <tr> <td> <table> <tr> <td> <form> <input> </input> <input> </input> <table> <tr> <td> <table> <tr> <td> <center> <font> GB EDWARDVII 1902 2/6 purple Sc#139 CDS </font> <br> </br> <font> Item # 1330311017 </font> </center> </td> </tr> <tr> <td> </td> <td> <font> Opening bid </font> </td> <td> </td> <td> <font> $6.99 </font> </td> <td> </td> </tr> <tr> <td> </td> <td> <font> <b> Your maximum bid: </b> </font> </td> <td> </td> <td> <input> </input> </td> <td> </td> </tr> <tr> <td> </td> <td> <font> <i> (Minimum bid: $6.99 ) </i> </font> </td> <td> </td> </tr> <tr> <td> <input> </input> </td> <td> </td> </tr> </table> </td> </tr> <tr> <td> <p> <font> eBay will bid incrementally on your behalf <b> up to your maximum bid </b> , which is kept secret from other eBay users. The eBay term for this is <a> proxy bidding </a> . </font> </p> <br> </br> </td> </tr> <tr> <td> <font> <b> Your bid is a contract </b> - Place a bid only if you're serious about buying the item. If you are the winning bidder, you will enter into a legally binding contract to purchase the item from the seller. </font> </td> </tr> </table> </form> </td> </tr> </table> </td> <td> </td> <td> <table> <tr> <td> <table> <tr> <td> </td> <td> <center> <font> <b> How to Bid </b> </font> <img> </img> </center> </td> <td> </td> </tr> <tr> <td> </td> <td> <font> 1. </font> </td> <td> <font> <a> Register to bid </a> - if you haven't already. It's free! </font> </td> <td> </td> </tr> <tr> <td> </td> <td> <font> 2. </font> </td> <td> <font> <a> Learn about this seller </a> - read feedback comments left by others. </font> </td> <td> </td> </tr> <tr> <td> </td> <td> <font> 3. </font> </td> <td> <font> <a> Know the details </a> - read the item description and payment &amp; shipping terms closely. </font> </td> <td> </td> </tr> <tr> <td> </td> <td> <font> 4. </font> </td> <td> <font> If you have questions - contact the seller <a> fairstamp </a> <i> before </i> you bid. </font> </td> <td> </td> </tr> <tr> <td> </td> <td> <font> 5. </font> </td> <td> <font> Place your bid! </font> </td> <td> </td> </tr> <tr> <td> </td> <td> <center> <font> <b> eBay purchases are <a> insured </a> . </b> </font> </center> </td> <td> </td> </tr> <tr> <td> </td> </tr> </table> </td> </tr> </table> </td> </tr> </table> <br>   <table> <tr> <td> <table> <tr> <td> <center> <font> <b> Top Questions From This Page </b> </font> </center> </td> </tr> <tr> <td> <ul> <li> <a> How do I place a proxy bid? It looks like I can only place a maximum bid. </a> </li> <li> <a> Why doesn't my bid show up? </a> </li> <li> <a> What does "reserve not yet met" mean? </a> </li> <li> <a> How can I change something or cancel my listing completely? </a> </li> </ul> </td> <td> <ul> <li> <a> Why isn't my picture showing up? </a> </li> <li> <a> As a seller, how can I cancel an unwanted bid? </a> </li> <li> <a> Why does my email address appear when I have a User ID? </a> </li> <li> <a> How do I register? </a> </li> <li> <a> What is Half.com? </a> </li> </ul> </td> </tr> </table> </td> </tr> </table> <table> <tr> <td> <br> </br> <hr> </hr> <br> </br> <div> <font> <a> Announcements </a> | <a> Register </a> | <a> SafeHarbor (Rules &amp; Safety) </a> | <a> Feedback Forum </a> | <a> About eBay </a> </font> </div> <br> </br> </td> </tr> <tr> <td> <font> Copyright 1995-2002 eBay Inc. All Rights Reserved. <br> </br> Designated trademarks and brands are the property of their respective owners. <br> </br> Use of this Web site constitutes acceptance of the eBay <a> User Agreement </a> and <a> Privacy Policy </a> . </font> <br> </br> </td> <td> <a> <font> <img> </img> </font> </a> </td> </tr> </table> <br>   <br>  ]]>
</value>
</value>

