<value instanceof="133">
<value instanceof="45">
<![CDATA[ 1330710563]]>
</value>
<value instanceof="46">
<![CDATA[ Feb-11-02 17:55:55]]>
</value>
<value instanceof="47">
<![CDATA[ - Great Britain KEVII Scotts #s132,133,148 Mint]]>
</value>
<value instanceof="48">
<![CDATA[]]>
</value>
<value instanceof="49">
<value instanceof="8">
</value>
</value>
<value instanceof="50">
<![CDATA[ Great Britain KEVII Scotts #s132,133,148 Mint]]>
</value>
<value instanceof="51">
<![CDATA[ 1330710563]]>
</value>
<value instanceof="53">
</value>
<value instanceof="57">
<value instanceof="54">
</value>
</value>
<value instanceof="61">
<![CDATA[ <b> $24.00 </b>]]>
</value>
<value instanceof="65">
<![CDATA[ <b> $24.00 </b>]]>
</value>
<value instanceof="69">
<value instanceof="66">
</value>
</value>
<value instanceof="72">
<![CDATA[ 6 days, 8 hours +]]>
</value>
<value instanceof="74">
</value>
<value instanceof="75">
<![CDATA[ West Kendall area of Miami]]>
</value>
<value instanceof="78">
<value instanceof="76">
</value>
</value>
<value instanceof="79">
<![CDATA[ USA/Miami]]>
</value>
<value instanceof="80">
<![CDATA[ Feb-04-02 17:55:55]]>
</value>
<value instanceof="81">
<![CDATA[ Feb-11-02 17:55:55]]>
</value>
<value instanceof="85">
<value instanceof="83">
</value>
</value>
<value instanceof="86">
<![CDATA[ <a href ="http://contact.ebay.com/aw-cgi/eBayISAPI.dll?ShowCoreAskSellerQuestion&amp;requested=felixairborne&amp;iid=1330710563&amp;frm=284"> felixairborne </a> <a href ="http://cgi2.ebay.com/aw-cgi/eBayISAPI.dll?ViewFeedback&amp;userid=felixairborne"> (95) </a> <a href ="http://pages.ebay.com/help/basics/g-stars.html"> <img align ="absmiddle" border ="0" alt ="star" height ="25" width ="25" src ="http://pics.ebay.com/aw/pics/stars-6.gif">   </a>]]>
</value>
<value instanceof="87">
<![CDATA[]]>
</value>
<value instanceof="89">
</value>
<value instanceof="90">
<![CDATA[ --]]>
</value>
<value instanceof="91">
<![CDATA[ Money Order/Cashiers Checks. Personal Checks. See item description for payment methods accepted]]>
</value>
<value instanceof="92">
</value>
<value instanceof="95">
<value instanceof="93">
</value>
</value>
<value instanceof="99">
<![CDATA[ Buyer pays fixed shipping charges. Will ship to United States and the following regions: <br> </br> Caribbean. Europe. Mexico and Central America. Canada South America. See item description for shipping charges.]]>
</value>
<value instanceof="103">
<value instanceof="102">
<value instanceof="101">
<![CDATA[ <td> <font> Seller Services </font> </td> <td> <a> <font> Revise item </font> </a> </td>]]>
</value>
</value>
</value>
<value instanceof="106">
<value instanceof="104">
</value>
</value>
<value instanceof="109">
<value instanceof="107">
</value>
</value>
<value instanceof="132">
<![CDATA[ All three stamps have original gum and hinge remnant. The 2 1/2p ultramarine is from 1911 and Scotts catalog #148. The 3p dull purple and yellow is from 1902 and #132, and the 4p gray brown and green is also from 1902 and #133. All perforations remain and all stamps are centered. The 2002 Scotts Catalog value for all 3 is $72.50. Scanner-generated red lines appear on the picture but not on the stamps. Domestic shipping costs $1.00, International $2.00. Insurance coverage is extra. Personal checks, money orders, and Cash-linked Paypal payments are welcome <br>   <br>   <br>   <a id ="ebayphotohosting" name ="ebayphotohosting"> </a> <a id ="ebaylargephotohosting" name ="ebaylargephotohosting"> </a> <hr>   <center> <table border ="0" cellpadding ="0" cellspacing ="0"> <tr> <td> <img> </img> <br> </br> <form> <input> </input> <input> </input> <input> </input> <input> </input> <input> </input> <input> </input> </form> <a> <img> </img> </a> </td> <td width ="20"> </td> <td width ="220" nowrap ="nowrap" valign ="top"> </td> </tr> </table> </center> <center> <a href ="http://showcount.honesty.com/cgi-bin/showcounterseBay.cgi?site=0"> <img border ="0" src ="http://counters.honesty.com/cgi-bin/honesty-counter.cgi?df=1330710563&amp;hidden=0&amp;site=0&amp;type=0&amp;border=1&amp;style=A" alt ="counter 2">   </a> <br>   <a href ="http://showcount.honesty.com/cgi-bin/showcounterseBay.cgi?site=0"> <font> Free Counters powered by Andale! </font> </a> </center> <br>   <table width ="100%" border ="0" cellspacing ="0" cellpadding ="4"> <tr valign ="top"> <td> <table> <tr> <td> <b> <font> Payment Details </font> </b> </td> </tr> </table> <table> <tr> <td> <table> <tr> <td> <font> U.S. Shipping and Handling </font> </td> <td> <font> $1.00 </font> </td> </tr> <tr> <td> <font> Shipping Insurance per item (optional) </font> </td> <td> <font> $1.10 </font> </td> </tr> <tr> <td> <font> Sales Tax (none) </font> </td> <td> </td> </tr> <tr> <td> <p> <br> </br> <a> <font> Learn more about checkout </font> </a> </p> </td> </tr> </table> </td> </tr> </table> </td> <td> <table> <tr> <td> <b> <font> Payment Instructions </font> </b> </td> </tr> </table> <table> <tr> <td> <font> Please send your payment to: Jose L. Lenza, PO Box 651068, Miami, FL 33265-1068 </font> </td> </tr> </table> </td> </tr> </table> <a id ="BID1" name ="BID1"> </a> <center> <table> <tr> <td> <font> <b> Bidding </b> </font> </td> </tr> </table> </center> <br> </br> <table> <tr> <td> <table> <tr> <td> <form> <input> </input> <input> </input> <table> <tr> <td> <table> <tr> <td> <center> <font> Great Britain KEVII Scotts #s132,133,148 Mint </font> <br> </br> <font> Item # 1330710563 </font> </center> </td> </tr> <tr> <td> </td> <td> <font> Opening bid </font> </td> <td> </td> <td> <font> $24.00 </font> </td> <td> </td> </tr> <tr> <td> </td> <td> <font> <b> Your maximum bid: </b> </font> </td> <td> </td> <td> <input> </input> </td> <td> </td> </tr> <tr> <td> </td> <td> <font> <i> (Minimum bid: $24.00 ) </i> </font> </td> <td> </td> </tr> <tr> <td> <input> </input> </td> <td> </td> </tr> </table> </td> </tr> <tr> <td> <p> <font> eBay will bid incrementally on your behalf <b> up to your maximum bid </b> , which is kept secret from other eBay users. The eBay term for this is <a> proxy bidding </a> . </font> </p> <br> </br> </td> </tr> <tr> <td> <font> <b> Your bid is a contract </b> - Place a bid only if you're serious about buying the item. If you are the winning bidder, you will enter into a legally binding contract to purchase the item from the seller. </font> </td> </tr> </table> </form> </td> </tr> </table> </td> <td> </td> <td> <table> <tr> <td> <table> <tr> <td> </td> <td> <center> <font> <b> How to Bid </b> </font> <img> </img> </center> </td> <td> </td> </tr> <tr> <td> </td> <td> <font> 1. </font> </td> <td> <font> <a> Register to bid </a> - if you haven't already. It's free! </font> </td> <td> </td> </tr> <tr> <td> </td> <td> <font> 2. </font> </td> <td> <font> <a> Learn about this seller </a> - read feedback comments left by others. </font> </td> <td> </td> </tr> <tr> <td> </td> <td> <font> 3. </font> </td> <td> <font> <a> Know the details </a> - read the item description and payment &amp; shipping terms closely. </font> </td> <td> </td> </tr> <tr> <td> </td> <td> <font> 4. </font> </td> <td> <font> If you have questions - contact the seller <a> felixairborne </a> <i> before </i> you bid. </font> </td> <td> </td> </tr> <tr> <td> </td> <td> <font> 5. </font> </td> <td> <font> Place your bid! </font> </td> <td> </td> </tr> <tr> <td> </td> <td> <center> <font> <b> eBay purchases are <a> insured </a> . </b> </font> </center> </td> <td> </td> </tr> <tr> <td> </td> </tr> </table> </td> </tr> </table> </td> </tr> </table> <br>   <table> <tr> <td> <table> <tr> <td> <center> <font> <b> Top Questions From This Page </b> </font> </center> </td> </tr> <tr> <td> <ul> <li> <a> How do I place a proxy bid? It looks like I can only place a maximum bid. </a> </li> <li> <a> Why doesn't my bid show up? </a> </li> <li> <a> What does "reserve not yet met" mean? </a> </li> <li> <a> How can I change something or cancel my listing completely? </a> </li> </ul> </td> <td> <ul> <li> <a> Why isn't my picture showing up? </a> </li> <li> <a> As a seller, how can I cancel an unwanted bid? </a> </li> <li> <a> Why does my email address appear when I have a User ID? </a> </li> <li> <a> How do I register? </a> </li> <li> <a> What is Half.com? </a> </li> </ul> </td> </tr> </table> </td> </tr> </table> <table> <tr> <td> <br> </br> <hr> </hr> <br> </br> <div> <font> <a> Announcements </a> | <a> Register </a> | <a> SafeHarbor (Rules &amp; Safety) </a> | <a> Feedback Forum </a> | <a> About eBay </a> </font> </div> <br> </br> </td> </tr> <tr> <td> <font> Copyright 1995-2002 eBay Inc. All Rights Reserved. <br> </br> Designated trademarks and brands are the property of their respective owners. <br> </br> Use of this Web site constitutes acceptance of the eBay <a> User Agreement </a> and <a> Privacy Policy </a> . </font> <br> </br> </td> <td> <a> <font> <img> </img> </font> </a> </td> </tr> </table> <br>   <br>  ]]>
</value>
</value>

