<value instanceof="133">
<value instanceof="45">
<![CDATA[ 1330195487]]>
</value>
<value instanceof="46">
<![CDATA[ Feb-12-02 17:30:44]]>
</value>
<value instanceof="47">
<![CDATA[ - Gr.Britain Scott 133 4p used Cat Value 15.00]]>
</value>
<value instanceof="48">
<![CDATA[ <style type ="text/css"> /* */ </style>]]>
</value>
<value instanceof="49">
</value>
<value instanceof="50">
<![CDATA[ Gr.Britain Scott 133 4p used Cat Value 15.00]]>
</value>
<value instanceof="51">
<![CDATA[ 1330195487]]>
</value>
<value instanceof="53">
</value>
<value instanceof="57">
<value instanceof="54">
</value>
</value>
<value instanceof="61">
<![CDATA[ <b> $4.95 </b>]]>
</value>
<value instanceof="65">
<![CDATA[ <b> $4.95 </b>]]>
</value>
<value instanceof="69">
<value instanceof="66">
</value>
</value>
<value instanceof="72">
<![CDATA[ 7 days, 7 hours +]]>
</value>
<value instanceof="74">
</value>
<value instanceof="75">
<![CDATA[ Columbus, WI]]>
</value>
<value instanceof="78">
<value instanceof="77">
</value>
</value>
<value instanceof="79">
<![CDATA[ USA]]>
</value>
<value instanceof="80">
<![CDATA[ Feb-02-02 17:30:44]]>
</value>
<value instanceof="81">
<![CDATA[ Feb-12-02 17:30:44]]>
</value>
<value instanceof="85">
<value instanceof="83">
</value>
</value>
<value instanceof="86">
<![CDATA[ <a href ="http://contact.ebay.com/aw-cgi/eBayISAPI.dll?ShowCoreAskSellerQuestion&amp;requested=haagantique&amp;iid=1330195487&amp;frm=284"> haagantique </a> <a href ="http://cgi2.ebay.com/aw-cgi/eBayISAPI.dll?ViewFeedback&amp;userid=haagantique"> (2594) </a> <a href ="http://pages.ebay.com/help/basics/g-stars.html"> <img align ="absmiddle" border ="0" alt ="star" height ="25" width ="25" src ="http://pics.ebay.com/aw/pics/stars-9.gif">   </a>]]>
</value>
<value instanceof="87">
<![CDATA[]]>
</value>
<value instanceof="89">
</value>
<value instanceof="90">
<![CDATA[ --]]>
</value>
<value instanceof="91">
<![CDATA[ Money Order/Cashiers Checks. Personal Checks.]]>
</value>
<value instanceof="92">
<value instanceof="13">
<value instanceof="12">
<value instanceof="10">
</value>
</value>
</value>
</value>
<value instanceof="95">
<value instanceof="93">
</value>
</value>
<value instanceof="99">
<![CDATA[ Buyer pays fixed shipping charges. Seller ships internationally (worldwide).]]>
</value>
<value instanceof="103">
<value instanceof="102">
<value instanceof="101">
<![CDATA[ <td> <font> Seller Services </font> </td> <td> <a> <font> Revise item </font> </a> </td>]]>
</value>
</value>
</value>
<value instanceof="106">
<value instanceof="104">
</value>
</value>
<value instanceof="109">
<value instanceof="107">
</value>
</value>
<value instanceof="132">
<![CDATA[ <p> </p> <table cellspacing ="0" cellpadding ="0" width ="100%" bgcolor ="#B0C76F" border ="0"> <tr> <td colspan ="2"> <img height ="42" src ="http://imagehost.auctionwatch.com/my/templates/Themes/Standard/Standard%2003/corner_tl.gif" width ="114">   </td> <td width ="100%" background ="http://imagehost.auctionwatch.com/my/templates/Themes/Standard/Standard%2003/stretch_tl.gif" colspan ="3"> </td> <td width ="87" colspan ="2"> <img height ="42" src ="http://imagehost.auctionwatch.com/my/templates/Themes/Standard/Standard%2003/corner_tr.gif" width ="115">   </td> </tr> <tr> <td width ="28" bgcolor ="#7F8040"> <img height ="5" src ="http://imagehost.auctionwatch.com/my/templates/Themes/Standard/Standard%2003/spacer.gif" width ="28">   </td> <td width ="86"> <img height ="22" src ="http://imagehost.auctionwatch.com/my/templates/Themes/Standard/Standard%2003/corner_tl2.gif" width ="86">   </td> <td width ="100%" colspan ="3"> </td> <td width ="87"> <img height ="22" src ="http://imagehost.auctionwatch.com/my/templates/Themes/Standard/Standard%2003/corner_tr2.gif" width ="87">   </td> <td width ="28" bgcolor ="#7F8040"> <img height ="5" src ="http://imagehost.auctionwatch.com/my/templates/Themes/Standard/Standard%2003/spacer.gif" width ="28">   </td> </tr> <tr> <td width ="28" bgcolor ="#7F8040"> <img height ="5" src ="http://imagehost.auctionwatch.com/my/templates/Themes/Standard/Standard%2003/spacer.gif" width ="28">   </td> <td width ="86"> </td> <td width ="100%" colspan ="3" rowspan ="2"> <table cellspacing ="0" cellpadding ="0" width ="94%" align ="center" border ="0"> <tr valign ="top"> <td class ="titledata" align ="middle" height ="30"> Gr.Britain Scott 133 4p used Cat Value 15.00 </td> </tr> <tr> <td> <table width ="100%" border ="0" cellspacing ="0" cellpadding ="5"> <tr align ="center"> <td class ="item_image"> <a href ="http://imagehost.auctionwatch.com/bin/viewimage.x/00000000/haagantique/0zyhka133.jpg?&amp;allow_track_link=1&amp;track=011ee607ba-&amp;pt=c2it" class ="textLink"> <img src ="http://imagehost.auctionwatch.com/bin/imageserver.x/00000000/haagantique/.mids/0zyhka133.jpg" alt ="Image Hosting by auctionwatch.com">   <font size ="1"> <br>   Click image to view larger version </font> </a> </td> <td class ="item_image"> <a href ="http://imagehost.auctionwatch.com/bin/viewimage.x/00000000/haagantique/0zyhkb.jpg?&amp;allow_track_link=1&amp;track=011ee607ba-&amp;pt=c2it" class ="textLink"> <img src ="http://imagehost.auctionwatch.com/bin/imageserver.x/00000000/haagantique/.mids/0zyhkb.jpg" alt ="Image Hosting by auctionwatch.com">   <font size ="1"> <br>   Click image to view larger version </font> </a> </td> <td class ="item_image"> </td> </tr> <tr> <td class ="description" colspan ="3"> <font size ="3"> This is a Great Britain 1902-11 4 pence used stamp. I have provided a scan of the back in addition to the normal front scan, as I know I like seeing what the back looks like! I see no faults except the "normal" hinge. Buyer to pay a postage and handling charge of 1.00 for the first stamp bought and any additional stamps bought this week have no additional mailing cost. Insurance is at the cost and option of the buyer. Foreign postage is 2.00. I mail the stamp(s) in a hard holder that you can reuse. Pay with cash, check, money order, Billpoint or PayPal or c2it. I have yet to hold an item for clearance of a personal check, but I do reserve that right. I am Roger Haag and all items are sold with a SATISFACTION GUARANTEED. Thank You and Good Luck. <br>   </font> <br>   <br>   <b> Payment </b> <br>   <hr>   <a href ="https://secure.auctionwatch.com/c2it_seller_signup.html?referral=9&amp;SID=rhaag@powerweb.net"> <img src ="http://imagehost.auctionwatch.com/img/acp/c2it_small.gif" border ="1">   </a> <a href ="https://secure.auctionwatch.com/c2it_seller_signup.html?referral=9&amp;SID=rhaag@powerweb.net"> <img src ="http://imagehost.auctionwatch.com/img/acp/aol_quick_small.gif" border ="1">   </a> <img src ="http://www.qksrv.net/images-891425-5472122" width ="1" height ="1" border ="0">   <br>   <font face ="Arial, Helvetica, sans-serif" size ="2"> I accept the following forms of payment: c2it(sm) by Citibank, PayPal, Billpoint, Money Order, Personal Check. </font> <br>   <br>   <br>   </td> </tr> </table> </td> </tr> <tr> <td> </td> </tr> <tr> <td> </td> </tr> </table> </td> <td width ="87"> </td> <td width ="28" bgcolor ="#7F8040"> <img height ="5" src ="http://imagehost.auctionwatch.com/my/templates/Themes/Standard/Standard%2003/spacer.gif" width ="28">   </td> </tr> <tr> <td width ="28" bgcolor ="#7F8040"> <img height ="28" src ="http://imagehost.auctionwatch.com/my/templates/Themes/Standard/Standard%2003/spacer.gif" width ="28">   </td> <td valign ="bottom" width ="86"> <img height ="45" src ="http://imagehost.auctionwatch.com/my/templates/Themes/Standard/Standard%2003/corner_bl2.gif" width ="86">   </td> <td valign ="bottom" width ="87"> <img height ="45" src ="http://imagehost.auctionwatch.com/my/templates/Themes/Standard/Standard%2003/corner_br2.gif" width ="87">   </td> <td width ="28" bgcolor ="#7F8040"> <img height ="28" src ="http://imagehost.auctionwatch.com/my/templates/Themes/Standard/Standard%2003/spacer.gif" width ="28">   </td> </tr> <tr> <td background ="http://imagehost.auctionwatch.com/my/templates/Themes/Standard/Standard%2003/bottom_stretch.gif" colspan ="2"> <img height ="30" src ="http://imagehost.auctionwatch.com/my/templates/Themes/Standard/Standard%2003/corner_bl.gif" width ="114">   </td> <td width ="100%" background ="http://imagehost.auctionwatch.com/my/templates/Themes/Standard/Standard%2003/bottom_stretch.gif" colspan ="3"> </td> <td width ="87" colspan ="2"> <img height ="30" src ="http://imagehost.auctionwatch.com/my/templates/Themes/Standard/Standard%2003/corner_br.gif" width ="115">   </td> </tr> </table> <center> <p> <a href ="http://www.auctionwatch.com/jump.html?counters"> <img src ="http://counters.auctionwatch.com/bin/count.x/haagantique/001b098b" border ="0">   </a> </p> <center> <font face ="Arial, Helvetica, sans-serif" color ="#000000" size ="2"> Full service auction management with free online payment service: <a href ="http://www.auctionwatch.com/bin/ct.x/7762110"> AuctionWatch </a> </font> </center> <br>   <br>   <br>   <br>   <br>   </center> <hr>   <samp> On Feb-02-02 at 23:48:12 PST, seller added the following information: </samp> <p> </p> <table border ="0" cellpadding ="10" cellspacing ="0" align ="center"> <tr> <td align ="center"> <font face ="verdana, arial, helvetica" size ="2"> <b> After purchasing, pay instantly with your credit card through PayPal! </b> </font> </td> </tr> <tr> <td align ="center"> <a href ="https://www.paypal.com/xclick-auction/business=B62SDRZYMCS3W&amp;auction_type=Ebay" target ="_blank"> <noscript> <img> </img> </noscript> </a> </td> </tr> <tr> <td align ="center"> <img src ="http://images.paypal.com/images/icon_visa.gif" border ="0" alt ="Visa">   <img src ="http://images.paypal.com/images/icon_mastercard.gif" border ="0" alt ="MasterCard">   <img src ="http://images.paypal.com/images/icon_discover.gif" border ="0" alt ="Discover">   <img src ="http://images.paypal.com/images/icon_amex.gif" border ="0" alt ="American Express">   </td> </tr> </table> <br>   <br>   <br>   <hr>   <img src ="http://imagehost.auctionwatch.com/images/cleardot.gif">   <br>   <table width ="100%" border ="0" cellspacing ="0" cellpadding ="4"> <tr valign ="top"> <td> <table> <tr> <td> <b> <font> Payment Details </font> </b> </td> </tr> </table> <table> <tr> <td> <font> See item description and Payment Instructions, or contact seller for more information. </font> </td> </tr> </table> </td> <td> <table> <tr> <td> <b> <font> Payment Instructions </font> </b> </td> </tr> </table> <table> <tr> <td> <font> I will send an email very soon after the auction close, PLEASE WAIT for that email before proceeding to make payment, PLEASE DO NOT click those buttons on EBAY checkout as I will not answer them, click on my email if you have questions. </font> </td> </tr> </table> </td> </tr> </table> <a id ="BID1" name ="BID1"> </a> <center> <table> <tr> <td> <font> <b> Bidding </b> </font> </td> </tr> </table> </center> <br> </br> <table> <tr> <td> <table> <tr> <td> <form> <input> </input> <input> </input> <table> <tr> <td> <table> <tr> <td> <center> <font> Gr.Britain Scott 133 4p used Cat Value 15.00 </font> <br> </br> <font> Item # 1330195487 </font> </center> </td> </tr> <tr> <td> </td> <td> <font> Opening bid </font> </td> <td> </td> <td> <font> $4.95 </font> </td> <td> </td> </tr> <tr> <td> </td> <td> <font> <b> Your maximum bid: </b> </font> </td> <td> </td> <td> <input> </input> </td> <td> </td> </tr> <tr> <td> </td> <td> <font> <i> (Minimum bid: $4.95 ) </i> </font> </td> <td> </td> </tr> <tr> <td> <input> </input> </td> <td> </td> </tr> </table> </td> </tr> <tr> <td> <p> <font> eBay will bid incrementally on your behalf <b> up to your maximum bid </b> , which is kept secret from other eBay users. The eBay term for this is <a> proxy bidding </a> . </font> </p> <br> </br> </td> </tr> <tr> <td> <font> <b> Your bid is a contract </b> - Place a bid only if you're serious about buying the item. If you are the winning bidder, you will enter into a legally binding contract to purchase the item from the seller. </font> <p> <font> <b> eBay Payments </b> credit card option is available if the total price (including all fees such as shipping and handling) is under $2,000.00 </font> </p> </td> </tr> </table> </form> </td> </tr> </table> </td> <td> </td> <td> <table> <tr> <td> <table> <tr> <td> </td> <td> <center> <font> <b> How to Bid </b> </font> <img> </img> </center> </td> <td> </td> </tr> <tr> <td> </td> <td> <font> 1. </font> </td> <td> <font> <a> Register to bid </a> - if you haven't already. It's free! </font> </td> <td> </td> </tr> <tr> <td> </td> <td> <font> 2. </font> </td> <td> <font> <a> Learn about this seller </a> - read feedback comments left by others. </font> </td> <td> </td> </tr> <tr> <td> </td> <td> <font> 3. </font> </td> <td> <font> <a> Know the details </a> - read the item description and payment &amp; shipping terms closely. </font> </td> <td> </td> </tr> <tr> <td> </td> <td> <font> 4. </font> </td> <td> <font> If you have questions - contact the seller <a> haagantique </a> <i> before </i> you bid. </font> </td> <td> </td> </tr> <tr> <td> </td> <td> <font> 5. </font> </td> <td> <font> Place your bid! </font> </td> <td> </td> </tr> <tr> <td> </td> <td> <center> <font> <b> eBay purchases are <a> insured </a> . </b> </font> </center> </td> <td> </td> </tr> <tr> <td> </td> </tr> </table> </td> </tr> </table> </td> </tr> </table> <br>   <table> <tr> <td> <table> <tr> <td> <center> <font> <b> Top Questions From This Page </b> </font> </center> </td> </tr> <tr> <td> <ul> <li> <a> How do I place a proxy bid? It looks like I can only place a maximum bid. </a> </li> <li> <a> Why doesn't my bid show up? </a> </li> <li> <a> What does "reserve not yet met" mean? </a> </li> <li> <a> How can I change something or cancel my listing completely? </a> </li> </ul> </td> <td> <ul> <li> <a> Why isn't my picture showing up? </a> </li> <li> <a> As a seller, how can I cancel an unwanted bid? </a> </li> <li> <a> Why does my email address appear when I have a User ID? </a> </li> <li> <a> How do I register? </a> </li> <li> <a> What is Half.com? </a> </li> </ul> </td> </tr> </table> </td> </tr> </table> <table> <tr> <td> <br> </br> <hr> </hr> <br> </br> <div> <font> <a> Announcements </a> | <a> Register </a> | <a> SafeHarbor (Rules &amp; Safety) </a> | <a> Feedback Forum </a> | <a> About eBay </a> </font> </div> <br> </br> </td> </tr> <tr> <td> <font> Copyright 1995-2002 eBay Inc. All Rights Reserved. <br> </br> Designated trademarks and brands are the property of their respective owners. <br> </br> Use of this Web site constitutes acceptance of the eBay <a> User Agreement </a> and <a> Privacy Policy </a> . </font> <br> </br> </td> <td> <a> <font> <img> </img> </font> </a> </td> </tr> </table> <br>   <br>  ]]>
</value>
</value>

