<value instanceof="133">
<value instanceof="45">
<![CDATA[ 1330203906]]>
</value>
<value instanceof="46">
<![CDATA[ Feb-09-02 18:12:39]]>
</value>
<value instanceof="47">
<![CDATA[ - Great Britain No. 139 Used Sound CV=65.00]]>
</value>
<value instanceof="48">
<![CDATA[]]>
</value>
<value instanceof="49">
</value>
<value instanceof="50">
<![CDATA[ Great Britain No. 139 Used Sound CV=65.00]]>
</value>
<value instanceof="51">
<![CDATA[ 1330203906]]>
</value>
<value instanceof="53">
</value>
<value instanceof="57">
<value instanceof="54">
</value>
</value>
<value instanceof="61">
<![CDATA[ <b> $1.99 </b>]]>
</value>
<value instanceof="65">
<![CDATA[ <b> $1.99 </b>]]>
</value>
<value instanceof="69">
<value instanceof="66">
</value>
</value>
<value instanceof="72">
<![CDATA[ 4 days, 8 hours +]]>
</value>
<value instanceof="74">
</value>
<value instanceof="75">
<![CDATA[ Portland, Oregon City of Roses]]>
</value>
<value instanceof="78">
<value instanceof="76">
</value>
</value>
<value instanceof="79">
<![CDATA[ USA/Portland]]>
</value>
<value instanceof="80">
<![CDATA[ Feb-02-02 18:12:39]]>
</value>
<value instanceof="81">
<![CDATA[ Feb-09-02 18:12:39]]>
</value>
<value instanceof="85">
<value instanceof="83">
</value>
</value>
<value instanceof="86">
<![CDATA[ <a href ="http://contact.ebay.com/aw-cgi/eBayISAPI.dll?ShowCoreAskSellerQuestion&amp;requested=kennedy10&amp;iid=1330203906&amp;frm=284"> kennedy10 </a> <a href ="http://cgi2.ebay.com/aw-cgi/eBayISAPI.dll?ViewFeedback&amp;userid=kennedy10"> (1311) </a> <a href ="http://pages.ebay.com/help/basics/g-stars.html"> <img align ="absmiddle" border ="0" alt ="star" height ="25" width ="25" src ="http://pics.ebay.com/aw/pics/stars-9.gif">   </a> <a href ="http://www.ebaystores.com/id=5379123"> <img align ="absmiddle" border ="0" alt ="storeicon" height ="14" width ="36" src ="http://pics.ebay.com/aw/pics/storefronts/storeIcon_36x14.gif">   </a>]]>
</value>
<value instanceof="87">
<![CDATA[ <tr> <td width ="13%"> <font size ="2"> Seller 's Store </font> </td> <td width ="31%" colspan ="4"> <table width ="100" border ="0" cellspacing ="0" cellpadding ="0" bordercolor ="#FFFFF"> <tr> <td> <table width ="100%" border ="0" cellspacing ="0" cellpadding ="1" bgcolor ="#FFFFCC"> <tr> <td align ="left" width ="44%" nowrap ="nowrap"> <b> Kennedy Philatelic Productions </b> </td> <td width ="45%" align ="left" nowrap ="nowrap" valign ="middle"> <b> | <a href ="http://www.ebaystores.com/id=5379123"> Visit my eBay Store! </a> </b> </td> </tr> </table> </td> </tr> </table> </td> </tr>]]>
</value>
<value instanceof="89">
</value>
<value instanceof="90">
<![CDATA[ --]]>
</value>
<value instanceof="91">
<![CDATA[ Money Order/Cashiers Checks. Personal Checks. Visa/MasterCard. Discover. American Express. Other. See item description for payment methods accepted]]>
</value>
<value instanceof="92">
</value>
<value instanceof="95">
<value instanceof="93">
</value>
</value>
<value instanceof="99">
<![CDATA[ Buyer pays fixed shipping charges. Seller ships internationally (worldwide). See item description for shipping charges.]]>
</value>
<value instanceof="103">
<value instanceof="102">
<value instanceof="101">
<![CDATA[ <td> <font> Seller Services </font> </td> <td> <a> <font> Revise item </font> </a> </td>]]>
</value>
</value>
</value>
<value instanceof="106">
<value instanceof="104">
</value>
</value>
<value instanceof="109">
<value instanceof="107">
</value>
</value>
<value instanceof="132">
<![CDATA[ A Great Britain number 139 in used condition stamp is sound. Buyer pays 1.00 Shipping and handling. Ovearseas Buyer pays 2.00 Shipping and handling. <hr>   <samp> On Feb-02-02 at 22:35:15 PST, seller added the following information: </samp> <div style ="display:none"> andale andalegallery </div> <table width ="90%" align ="center" border ="0" cellspacing ="0" cellpadding ="2"> <tr> <td align ="left" width ="50%"> <font face ="arial, verdana" size ="3" color ="#0000FF"> <b> Click button to see more of my eBay items </b> </font> </td> <td width ="50%" align ="right"> <a href ="http://www.andale.com/gallery?cid=6332608&amp;mid=1" target ="_blank"> <img src ="http://images.andale.com/img/andale_gallery.gif" border ="0">   </a> </td> </tr> </table> <hr>   <samp> On Feb-03-02 at 03:03:47 PST, seller added the following information: </samp> <p> </p> <table border ="0" cellpadding ="10" cellspacing ="0" align ="center"> <tr> <td align ="center"> <font face ="verdana, arial, helvetica" size ="2"> <b> After purchasing, pay instantly with your credit card through PayPal! </b> </font> </td> </tr> <tr> <td align ="center"> <a href ="https://www.paypal.com/xclick-auction/business=SSFV2A76LDW5G&amp;auction_type=Ebay" target ="_blank"> <noscript> <img> </img> </noscript> </a> </td> </tr> <tr> <td align ="center"> <img src ="http://images.paypal.com/images/icon_visa.gif" border ="0" alt ="Visa">   <img src ="http://images.paypal.com/images/icon_mastercard.gif" border ="0" alt ="MasterCard">   <img src ="http://images.paypal.com/images/icon_discover.gif" border ="0" alt ="Discover">   <img src ="http://images.paypal.com/images/icon_amex.gif" border ="0" alt ="American Express">   </td> </tr> </table> <br>   <br>   <br>   <hr>   <img src ="http://www.teleport.com/~lrk/k159.jpg">   <center> <a href ="http://showcount.honesty.com/cgi-bin/showcounterseBay.cgi?site=0"> <img border ="0" src ="http://counters.honesty.com/cgi-bin/honesty-counter.cgi?df=1330203906&amp;hidden=0&amp;site=0&amp;type=0&amp;border=1&amp;style=A" alt ="counter 2">   </a> <br>   <a href ="http://showcount.honesty.com/cgi-bin/showcounterseBay.cgi?site=0"> <font> Free Counters powered by Andale! </font> </a> </center> <div align ="center"> <a href ="http://www.ebaystores.com/id=5379123"> <img src ="http://pics.ebay.com/aw/pics/storefronts/moreStores_151x45.gif" width ="151" height ="45" border ="0">   <br>   Visit Kennedy Philatelic Productions today! </a> </div> <br>   <br>   <br>   <table width ="100%" border ="0" cellspacing ="0" cellpadding ="4"> <tr valign ="top"> <td> <table> <tr> <td> <b> <font> Payment Details </font> </b> </td> </tr> </table> <table> <tr> <td> <font> See item description and Payment Instructions, or contact seller for more information. </font> </td> </tr> </table> </td> <td> <table> <tr> <td> <b> <font> Payment Instructions </font> </b> </td> </tr> </table> <table> <tr> <td> <font> none </font> </td> </tr> </table> </td> </tr> </table> <a id ="BID1" name ="BID1"> </a> <center> <table> <tr> <td> <font> <b> Bidding </b> </font> </td> </tr> </table> </center> <br> </br> <table> <tr> <td> <table> <tr> <td> <form> <input> </input> <input> </input> <table> <tr> <td> <table> <tr> <td> <center> <font> Great Britain No. 139 Used Sound CV=65.00 </font> <br> </br> <font> Item # 1330203906 </font> </center> </td> </tr> <tr> <td> </td> <td> <font> Opening bid </font> </td> <td> </td> <td> <font> $1.99 </font> </td> <td> </td> </tr> <tr> <td> </td> <td> <font> <b> Your maximum bid: </b> </font> </td> <td> </td> <td> <input> </input> </td> <td> </td> </tr> <tr> <td> </td> <td> <font> <i> (Minimum bid: $1.99 ) </i> </font> </td> <td> </td> </tr> <tr> <td> <input> </input> </td> <td> </td> </tr> </table> </td> </tr> <tr> <td> <p> <font> eBay will bid incrementally on your behalf <b> up to your maximum bid </b> , which is kept secret from other eBay users. The eBay term for this is <a> proxy bidding </a> . </font> </p> <br> </br> </td> </tr> <tr> <td> <font> <b> Your bid is a contract </b> - Place a bid only if you're serious about buying the item. If you are the winning bidder, you will enter into a legally binding contract to purchase the item from the seller. </font> </td> </tr> </table> </form> </td> </tr> </table> </td> <td> </td> <td> <table> <tr> <td> <table> <tr> <td> </td> <td> <center> <font> <b> How to Bid </b> </font> <img> </img> </center> </td> <td> </td> </tr> <tr> <td> </td> <td> <font> 1. </font> </td> <td> <font> <a> Register to bid </a> - if you haven't already. It's free! </font> </td> <td> </td> </tr> <tr> <td> </td> <td> <font> 2. </font> </td> <td> <font> <a> Learn about this seller </a> - read feedback comments left by others. </font> </td> <td> </td> </tr> <tr> <td> </td> <td> <font> 3. </font> </td> <td> <font> <a> Know the details </a> - read the item description and payment &amp; shipping terms closely. </font> </td> <td> </td> </tr> <tr> <td> </td> <td> <font> 4. </font> </td> <td> <font> If you have questions - contact the seller <a> kennedy10 </a> <i> before </i> you bid. </font> </td> <td> </td> </tr> <tr> <td> </td> <td> <font> 5. </font> </td> <td> <font> Place your bid! </font> </td> <td> </td> </tr> <tr> <td> </td> <td> <center> <font> <b> eBay purchases are <a> insured </a> . </b> </font> </center> </td> <td> </td> </tr> <tr> <td> </td> </tr> </table> </td> </tr> </table> </td> </tr> </table> <br>   <table> <tr> <td> <table> <tr> <td> <center> <font> <b> Top Questions From This Page </b> </font> </center> </td> </tr> <tr> <td> <ul> <li> <a> How do I place a proxy bid? It looks like I can only place a maximum bid. </a> </li> <li> <a> Why doesn't my bid show up? </a> </li> <li> <a> What does "reserve not yet met" mean? </a> </li> <li> <a> How can I change something or cancel my listing completely? </a> </li> </ul> </td> <td> <ul> <li> <a> Why isn't my picture showing up? </a> </li> <li> <a> As a seller, how can I cancel an unwanted bid? </a> </li> <li> <a> Why does my email address appear when I have a User ID? </a> </li> <li> <a> How do I register? </a> </li> <li> <a> What is Half.com? </a> </li> </ul> </td> </tr> </table> </td> </tr> </table> <table> <tr> <td> <br> </br> <hr> </hr> <br> </br> <div> <font> <a> Announcements </a> | <a> Register </a> | <a> SafeHarbor (Rules &amp; Safety) </a> | <a> Feedback Forum </a> | <a> About eBay </a> </font> </div> <br> </br> </td> </tr> <tr> <td> <font> Copyright 1995-2002 eBay Inc. All Rights Reserved. <br> </br> Designated trademarks and brands are the property of their respective owners. <br> </br> Use of this Web site constitutes acceptance of the eBay <a> User Agreement </a> and <a> Privacy Policy </a> . </font> <br> </br> </td> <td> <a> <font> <img> </img> </font> </a> </td> </tr> </table> <br>   <br>  ]]>
</value>
</value>

