<value instanceof="133">
<value instanceof="45">
<![CDATA[ 1330224943]]>
</value>
<value instanceof="46">
<![CDATA[ Feb-07-02 19:47:50]]>
</value>
<value instanceof="47">
<![CDATA[ - Great Britain #139 Used (Vis. My eBay Store)]]>
</value>
<value instanceof="48">
<![CDATA[]]>
</value>
<value instanceof="49">
</value>
<value instanceof="50">
<![CDATA[ Great Britain #139 Used (Vis. My eBay Store)]]>
</value>
<value instanceof="51">
<![CDATA[ 1330224943]]>
</value>
<value instanceof="53">
</value>
<value instanceof="57">
<value instanceof="54">
</value>
</value>
<value instanceof="61">
<![CDATA[ <b> $1.50 </b>]]>
</value>
<value instanceof="65">
<![CDATA[ <b> $1.50 </b>]]>
</value>
<value instanceof="69">
<value instanceof="66">
</value>
</value>
<value instanceof="72">
<![CDATA[ 2 days, 10 hours +]]>
</value>
<value instanceof="74">
</value>
<value instanceof="75">
<![CDATA[ Eugene, OR]]>
</value>
<value instanceof="78">
<value instanceof="77">
</value>
</value>
<value instanceof="79">
<![CDATA[ USA]]>
</value>
<value instanceof="80">
<![CDATA[ Feb-02-02 19:47:50]]>
</value>
<value instanceof="81">
<![CDATA[ Feb-07-02 19:47:50]]>
</value>
<value instanceof="85">
<value instanceof="83">
</value>
</value>
<value instanceof="86">
<![CDATA[ <a href ="http://contact.ebay.com/aw-cgi/eBayISAPI.dll?ShowCoreAskSellerQuestion&amp;requested=thestamparcher&amp;iid=1330224943&amp;frm=284"> thestamparcher </a> <a href ="http://cgi2.ebay.com/aw-cgi/eBayISAPI.dll?ViewFeedback&amp;userid=thestamparcher"> (1002) </a> <a href ="http://pages.ebay.com/help/basics/g-stars.html"> <img align ="absmiddle" border ="0" alt ="star" height ="25" width ="25" src ="http://pics.ebay.com/aw/pics/stars-9.gif">   </a> <a href ="http://www.ebaystores.com/id=1612979"> <img align ="absmiddle" border ="0" alt ="storeicon" height ="14" width ="36" src ="http://pics.ebay.com/aw/pics/storefronts/storeIcon_36x14.gif">   </a>]]>
</value>
<value instanceof="87">
<![CDATA[ <tr> <td width ="13%"> <font size ="2"> Seller 's Store </font> </td> <td width ="31%" colspan ="4"> <table width ="100" border ="0" cellspacing ="0" cellpadding ="0" bordercolor ="#FFFFF"> <tr> <td> <table width ="100%" border ="0" cellspacing ="0" cellpadding ="1" bgcolor ="#FFFFCC"> <tr> <td align ="left" width ="44%" nowrap ="nowrap"> <b> The Stamp Archer </b> </td> <td width ="45%" align ="left" nowrap ="nowrap" valign ="middle"> <b> | <a href ="http://www.ebaystores.com/id=1612979"> Visit my eBay Store! </a> </b> </td> </tr> </table> </td> </tr> </table> </td> </tr>]]>
</value>
<value instanceof="89">
</value>
<value instanceof="90">
<![CDATA[ --]]>
</value>
<value instanceof="91">
<![CDATA[ Money Order/Cashiers Checks. Personal Checks. Other. See item description for payment methods accepted]]>
</value>
<value instanceof="92">
<value instanceof="13">
<value instanceof="12">
<value instanceof="11">
</value>
</value>
</value>
</value>
<value instanceof="95">
<value instanceof="93">
</value>
</value>
<value instanceof="99">
<![CDATA[ Seller ships internationally (worldwide). See item description for shipping charges.]]>
</value>
<value instanceof="103">
<value instanceof="102">
<value instanceof="101">
<![CDATA[ <td> <font> Seller Services </font> </td> <td> <a> <font> Revise item </font> </a> </td>]]>
</value>
</value>
</value>
<value instanceof="106">
<value instanceof="104">
</value>
</value>
<value instanceof="109">
<value instanceof="107">
</value>
</value>
<value instanceof="132">
<![CDATA[ <p> <b> <font size ="6" color ="blue"> Terms &amp; Conditions: </font> </b> </p> <ul> <li> Lot(s) Payed With Checks Will Be Held 7 Days To Clear. </li> <li> Lot(s) Payed With BidPay, Billpoint, Cash, Or Money Orders Will Be Shipped As Soon As Payment Arrives. </li> <li> <b> No Questions Asked Returns!!! </b> </li> <li> If A Lot Is Returned, The Refund Will Be The Amount Of The Final Auction Price + The Initial 1st Class Or Airmail Shipping &amp; Handling Of The Lot. If Anther Shipping Method Was Used, The Amount Refunded Will Only Equal 1st Class Or Airmail Cost. </li> <li> If A Lot Is Lost A Refund Will Only Be Given If The Lot Was Insured. </li> <li> If Payment Is Not Received Within 30 Days Of Auction Close A <font color ="red"> Negitive </font> Feedback Will Be Given. </li> </ul> <br>   <br>   <p> <b> <font size ="6" color ="blue"> Payments I Accept: </font> </b> </p> <p> <b> BidPay </b> , Billpoint, Cash, Check, Money Orders </p> <a href ="http://www.ebay.com/help/buyerguide/bp-overview.html"> <img src ="http://pics.ebay.com/aw/pics/billpoint/BptIcon88x31.gif" border ="0">   </a> <a href ="http://www.bidpay.com/" target ="_blank"> <img border ="0" src ="http://www.bidpay.com/Banners4/bidpays3.gif" alt ="Online auction payments made easy by Western Union Money Orders.">   </a> <br>   <font size ="1"> Click On Banners To Sign Up!!! </font> <br>   <br>   <p> <b> <font size ="6" color ="blue"> Shipping &amp; Handling: </font> </b> </p> <b> U.S.: </b> <ul> <li> 1st Class = $0.50 </li> <li> Insured = $1.60 </li> <li> Priority = $3.50 </li> </ul> <b> Canada &amp; Mexico: </b> <ul> <li> Airmail = $0.75 </li> <li> Global Priority = $4.00 </li> <li> Registered (Insured) = $8.25 </li> </ul> <b> All Other Countries: </b> <ul> <li> Airmail = $1.00 </li> <li> Global Priority = $5.00 </li> <li> Registered (Insured) = $8.50 </li> </ul> <p> <b> <font size ="6"> Questions? </font> </b> </p> <p> Email: <a href ="mailto:stparch@yahoo.com"> stparch@yahoo.com </a> </p> <table border ="0" width ="150"> <tr bgcolor ="#ffffff"> <td align ="center"> <a href ="http://www.stamps.org"> <img src ="http://www.stamps.org/services/images/APSCIR.GIF" width ="66" height ="65" alt ="Member of the APS" border ="0">   </a> <br>   <font size ="2" face ="Times New Roman, Times, serif"> <b> APS # <font color ="#FF000F"> 188345 </font> <br>   Member Since 1998 </b> </font> </td> </tr> </table> <center> <b> <font color ="red" size ="6"> Great Britain #139 Used </font> </b> <br>   <br>   <p> This Stamp Is Used &amp; Has A Crease </p> <p> <b> C.V.=$65.00 </b> </p> <p> <b> Looking For Better Items Check Out My eBay Store. Or Are You Looking To Fill In Those Holes In Your Collection, Then Check Out My Other Auctions. I Will Be Adding New Items Ever Day, So Check Often. You Can Add Either My Ebay Store Or My Seller Search Results To Your Favorites. Good Luck Bidding!!! </b> </p> </center> <br>   <br>   <br>   <br>   <br>   <center> <a href ="http://pages.ebay.com/help/buyerguide/bp-buyer.html"> <img src ="http://pics.ebay.com/aw/pics/billpoint/BptIcon88x31.gif" width ="88" height ="31" border ="0">   </a> </center> <hr>   <img src ="http://home.att.net/~budney/2.2/16.JPG">   <div align ="center"> <a href ="http://www.ebaystores.com/id=1612979"> <img src ="http://pics.ebay.com/aw/pics/storefronts/moreStores_151x45.gif" width ="151" height ="45" border ="0">   <br>   Visit The Stamp Archer today! </a> </div> <br>   <br>   <br>   <table width ="100%" border ="0" cellspacing ="0" cellpadding ="4"> <tr valign ="top"> <td> <table> <tr> <td> <b> <font> Payment Details </font> </b> </td> </tr> </table> <table> <tr> <td> <table> <tr> <td> <font> U.S. Shipping and Handling </font> </td> <td> <font> $0.50 </font> </td> </tr> <tr> <td> <font> Shipping Insurance per item (optional) </font> </td> <td> <font> $1.10 </font> </td> </tr> <tr> <td> <font> Sales Tax (none) </font> </td> <td> </td> </tr> <tr> <td> <p> <br> </br> <a> <font> Learn more about checkout </font> </a> </p> </td> </tr> </table> </td> </tr> </table> </td> <td> <table> <tr> <td> <b> <font> Payment Instructions </font> </b> </td> </tr> </table> <table> <tr> <td> <font> Please Adjust Shipping Cost If Lot Is Being Shipped Outside The U.S.. If You Fail To Do So, It Will Cause Delays In Shipping Your Item. Thanx, thestamparcher </font> </td> </tr> </table> </td> </tr> </table> <a id ="BID1" name ="BID1"> </a> <center> <table> <tr> <td> <font> <b> Bidding </b> </font> </td> </tr> </table> </center> <br> </br> <table> <tr> <td> <table> <tr> <td> <form> <input> </input> <input> </input> <table> <tr> <td> <table> <tr> <td> <center> <font> Great Britain #139 Used (Vis. My eBay Store) </font> <br> </br> <font> Item # 1330224943 </font> </center> </td> </tr> <tr> <td> </td> <td> <font> Opening bid </font> </td> <td> </td> <td> <font> $1.50 </font> </td> <td> </td> </tr> <tr> <td> </td> <td> <font> <b> Your maximum bid: </b> </font> </td> <td> </td> <td> <input> </input> </td> <td> </td> </tr> <tr> <td> </td> <td> <font> <i> (Minimum bid: $1.50 ) </i> </font> </td> <td> </td> </tr> <tr> <td> <input> </input> </td> <td> </td> </tr> </table> </td> </tr> <tr> <td> <p> <font> eBay will bid incrementally on your behalf <b> up to your maximum bid </b> , which is kept secret from other eBay users. The eBay term for this is <a> proxy bidding </a> . </font> </p> <br> </br> </td> </tr> <tr> <td> <font> <b> Your bid is a contract </b> - Place a bid only if you're serious about buying the item. If you are the winning bidder, you will enter into a legally binding contract to purchase the item from the seller. </font> <p> <font> <b> eBay Payments </b> credit card option is available if the total price (including all fees such as shipping and handling) is under $2,000.00 ; for electronic checks this amount is $200.00 . </font> </p> </td> </tr> </table> </form> </td> </tr> </table> </td> <td> </td> <td> <table> <tr> <td> <table> <tr> <td> </td> <td> <center> <font> <b> How to Bid </b> </font> <img> </img> </center> </td> <td> </td> </tr> <tr> <td> </td> <td> <font> 1. </font> </td> <td> <font> <a> Register to bid </a> - if you haven't already. It's free! </font> </td> <td> </td> </tr> <tr> <td> </td> <td> <font> 2. </font> </td> <td> <font> <a> Learn about this seller </a> - read feedback comments left by others. </font> </td> <td> </td> </tr> <tr> <td> </td> <td> <font> 3. </font> </td> <td> <font> <a> Know the details </a> - read the item description and payment &amp; shipping terms closely. </font> </td> <td> </td> </tr> <tr> <td> </td> <td> <font> 4. </font> </td> <td> <font> If you have questions - contact the seller <a> thestamparcher </a> <i> before </i> you bid. </font> </td> <td> </td> </tr> <tr> <td> </td> <td> <font> 5. </font> </td> <td> <font> Place your bid! </font> </td> <td> </td> </tr> <tr> <td> </td> <td> <center> <font> <b> eBay purchases are <a> insured </a> . </b> </font> </center> </td> <td> </td> </tr> <tr> <td> </td> </tr> </table> </td> </tr> </table> </td> </tr> </table> <br>   <table> <tr> <td> <table> <tr> <td> <center> <font> <b> Top Questions From This Page </b> </font> </center> </td> </tr> <tr> <td> <ul> <li> <a> How do I place a proxy bid? It looks like I can only place a maximum bid. </a> </li> <li> <a> Why doesn't my bid show up? </a> </li> <li> <a> What does "reserve not yet met" mean? </a> </li> <li> <a> How can I change something or cancel my listing completely? </a> </li> </ul> </td> <td> <ul> <li> <a> Why isn't my picture showing up? </a> </li> <li> <a> As a seller, how can I cancel an unwanted bid? </a> </li> <li> <a> Why does my email address appear when I have a User ID? </a> </li> <li> <a> How do I register? </a> </li> <li> <a> What is Half.com? </a> </li> </ul> </td> </tr> </table> </td> </tr> </table> <table> <tr> <td> <br> </br> <hr> </hr> <br> </br> <div> <font> <a> Announcements </a> | <a> Register </a> | <a> SafeHarbor (Rules &amp; Safety) </a> | <a> Feedback Forum </a> | <a> About eBay </a> </font> </div> <br> </br> </td> </tr> <tr> <td> <font> Copyright 1995-2002 eBay Inc. All Rights Reserved. <br> </br> Designated trademarks and brands are the property of their respective owners. <br> </br> Use of this Web site constitutes acceptance of the eBay <a> User Agreement </a> and <a> Privacy Policy </a> . </font> <br> </br> </td> <td> <a> <font> <img> </img> </font> </a> </td> </tr> </table> <br>   <br>  ]]>
</value>
</value>

