<value instanceof="21">
<value instanceof="3">
<![CDATA[ of Distribution Red Hat Linux 5.1 (Manhattan)]]>
</value>
<value instanceof="4">
</value>
<value instanceof="5">
<![CDATA[ of Distribution Red Hat Linux 5.1 (Manhattan)]]>
</value>
<value instanceof="14">
<value instanceof="13">
<value instanceof="12">
<value instanceof="11">
<value instanceof="6">
<![CDATA[ dnews-4.6j-2.i386]]>
</value>
<value instanceof="8">
</value>
<value instanceof="9">
<![CDATA[ DNEWS NNTP news server]]>
</value>
<value instanceof="10">
<![CDATA[ Libc5 RedHat Contribs for i386]]>
</value>
</value>
<value instanceof="11">
<value instanceof="6">
<![CDATA[ ISO-8859-2-X11-fonts-100dpi-970301biznet-5.i386]]>
</value>
<value instanceof="8">
</value>
<value instanceof="9">
<![CDATA[ ISO-8859-2 X11 100dpi fonts - only need on server side]]>
</value>
<value instanceof="10">
<![CDATA[ Libc5 RedHat Contribs for i386]]>
</value>
</value>
<value instanceof="11">
<value instanceof="6">
<![CDATA[ ISO-8859-2-X11-fonts-75dpi-970301biznet-5.i386]]>
</value>
<value instanceof="8">
</value>
<value instanceof="9">
<![CDATA[ ISO-8859-2 X11 75dpi fonts - only need on server side]]>
</value>
<value instanceof="10">
<![CDATA[ Libc5 RedHat Contribs for i386]]>
</value>
</value>
<value instanceof="11">
<value instanceof="6">
<![CDATA[ ISO-8859-2-X11-fonts-basic-970301biznet-5.i386]]>
</value>
<value instanceof="8">
</value>
<value instanceof="9">
<![CDATA[ ISO-8859-2 X11 basic fonts - only need on server side]]>
</value>
<value instanceof="10">
<![CDATA[ Libc5 RedHat Contribs for i386]]>
</value>
</value>
<value instanceof="11">
<value instanceof="6">
<![CDATA[ ripe-whois-2.2-3.i386]]>
</value>
<value instanceof="8">
</value>
<value instanceof="9">
<![CDATA[ RIPE whois]]>
</value>
<value instanceof="10">
<![CDATA[ Libc6 Contribs for i386]]>
</value>
</value>
<value instanceof="11">
<value instanceof="6">
<![CDATA[ sentry-0.61-3.i386]]>
</value>
<value instanceof="8">
</value>
<value instanceof="9">
<![CDATA[ Port Scan Detector]]>
</value>
<value instanceof="10">
<![CDATA[ Libc6 Contribs for i386]]>
</value>
</value>
<value instanceof="11">
<value instanceof="6">
<![CDATA[ spfonts-l1-0.04-5.noarch]]>
</value>
<value instanceof="8">
</value>
<value instanceof="9">
<![CDATA[ Peter Soos's ISO-8859-1 Type-1 fonts]]>
</value>
<value instanceof="10">
<![CDATA[ Arch Independent RedHat Contribs]]>
</value>
</value>
<value instanceof="11">
<value instanceof="6">
<![CDATA[ tkman-2.0.6-2.noarch]]>
</value>
<value instanceof="8">
</value>
<value instanceof="9">
<![CDATA[ A graphical man page viewer]]>
</value>
<value instanceof="10">
<![CDATA[ Arch Independent RedHat Contribs]]>
</value>
</value>
<value instanceof="11">
<value instanceof="6">
<![CDATA[ tkxcd-1.1.0-4.noarch]]>
</value>
<value instanceof="8">
</value>
<value instanceof="9">
<![CDATA[ tkxcd - a diff front end]]>
</value>
<value instanceof="10">
<![CDATA[ Arch Independent RedHat Contribs]]>
</value>
</value>
<value instanceof="11">
<value instanceof="6">
<![CDATA[ type1inst-0.6.1-3.noarch]]>
</value>
<value instanceof="8">
</value>
<value instanceof="9">
<![CDATA[ Type 1 font install utility]]>
</value>
<value instanceof="10">
<![CDATA[ Arch Independent RedHat Contribs]]>
</value>
</value>
<value instanceof="11">
<value instanceof="6">
<![CDATA[ waseda-X11-fonts-920515-5.i386]]>
</value>
<value instanceof="8">
</value>
<value instanceof="9">
<![CDATA[ waseda multilingual fonts for X11]]>
</value>
<value instanceof="10">
<![CDATA[ Libc5 RedHat Contribs for i386]]>
</value>
</value>
<value instanceof="11">
<value instanceof="6">
<![CDATA[ xcolorsel-1.1a-7.i386]]>
</value>
<value instanceof="8">
</value>
<value instanceof="9">
<![CDATA[ X utility to select colors]]>
</value>
<value instanceof="10">
<![CDATA[ Libc6 Contribs for i386]]>
</value>
</value>
</value>
</value>
<value instanceof="13">
<value instanceof="12">
<value instanceof="11">
<value instanceof="6">
<![CDATA[ xless-1.7-3.i386]]>
</value>
<value instanceof="8">
</value>
<value instanceof="9">
<![CDATA[ XLess]]>
</value>
<value instanceof="10">
<![CDATA[ Libc6 Contribs for i386]]>
</value>
</value>
<value instanceof="11">
<value instanceof="6">
<![CDATA[ xsok-1.02-8.i386]]>
</value>
<value instanceof="8">
</value>
<value instanceof="9">
<![CDATA[ Generic implementation of Sokoban game for X11]]>
</value>
<value instanceof="10">
<![CDATA[ Libc6 Contribs for i386]]>
</value>
</value>
<value instanceof="11">
<value instanceof="6">
<![CDATA[ ziptool-1.2-2.i386]]>
</value>
<value instanceof="8">
</value>
<value instanceof="9">
<![CDATA[ Tools for Iomega JAZ and ZIP drives]]>
</value>
<value instanceof="10">
<![CDATA[ Libc6 Contribs for i386]]>
</value>
</value>
</value>
</value>
</value>
<value instanceof="17">
<value instanceof="15">
</value>
</value>
<value instanceof="20">
<value instanceof="19">
</value>
</value>
</value>

