<value instanceof="21">
<value instanceof="3">
<![CDATA[ of Distribution RHL 4.0]]>
</value>
<value instanceof="4">
</value>
<value instanceof="5">
<![CDATA[ of Distribution RHL 4.0]]>
</value>
<value instanceof="14">
<value instanceof="13">
<value instanceof="12">
<value instanceof="11">
<value instanceof="6">
<![CDATA[ flex-2.5.4-1.i386]]>
</value>
<value instanceof="8">
</value>
<value instanceof="9">
<![CDATA[ GNU fast lexical analyzer generator]]>
</value>
<value instanceof="10">
<![CDATA[ Libc5 RedHat Contribs for i386]]>
</value>
</value>
<value instanceof="11">
<value instanceof="6">
<![CDATA[ tkstep-0.5-2.i386]]>
</value>
<value instanceof="8">
</value>
<value instanceof="9">
<![CDATA[ No summary !]]>
</value>
<value instanceof="10">
<![CDATA[ Libc5 RedHat Contribs for i386]]>
</value>
</value>
</value>
</value>
</value>
<value instanceof="17">
<value instanceof="15">
</value>
</value>
<value instanceof="20">
<value instanceof="19">
</value>
</value>
</value>

