<value instanceof="21">
<value instanceof="3">
<![CDATA[ of Distribution Numenor]]>
</value>
<value instanceof="4">
<value instanceof="0">
</value>
</value>
<value instanceof="5">
<![CDATA[ of Distribution Numenor]]>
</value>
<value instanceof="14">
<value instanceof="13">
<value instanceof="12">
<value instanceof="11">
<value instanceof="6">
<![CDATA[ docklib-0.2-1num.i686]]>
</value>
<value instanceof="8">
</value>
<value instanceof="9">
<![CDATA[ DockApp Making Standard Library]]>
</value>
<value instanceof="10">
<![CDATA[ Libc5 RedHat Contribs for i386]]>
</value>
</value>
<value instanceof="11">
<value instanceof="6">
<![CDATA[ docklib-0.2-1num.i386]]>
</value>
<value instanceof="8">
</value>
<value instanceof="9">
<![CDATA[ DockApp Making Standard Library]]>
</value>
<value instanceof="10">
<![CDATA[ Libc5 RedHat Contribs for i386]]>
</value>
</value>
<value instanceof="11">
<value instanceof="6">
<![CDATA[ wmsound-0.9.5-2esd.num.i686]]>
</value>
<value instanceof="8">
</value>
<value instanceof="9">
<![CDATA[ WindowMaker sound server]]>
</value>
<value instanceof="10">
<![CDATA[ Freshmeat]]>
</value>
</value>
<value instanceof="11">
<value instanceof="6">
<![CDATA[ wmsound-devel-0.9.5-2esd.num.i686]]>
</value>
<value instanceof="8">
</value>
<value instanceof="9">
<![CDATA[ Static libraries and header files for wmsound]]>
</value>
<value instanceof="10">
<![CDATA[ Freshmeat]]>
</value>
</value>
<value instanceof="11">
<value instanceof="6">
<![CDATA[ WSoundPrefs-1.1.0-1num.i386]]>
</value>
<value instanceof="8">
</value>
<value instanceof="9">
<![CDATA[ Window Maker Sound Preferences]]>
</value>
<value instanceof="10">
<![CDATA[ Libc6 Contribs for i386]]>
</value>
</value>
<value instanceof="11">
<value instanceof="6">
<![CDATA[ WSoundPrefs-1.0.2-2esd.num.i686]]>
</value>
<value instanceof="8">
</value>
<value instanceof="9">
<![CDATA[ Window Maker Sound Preferences]]>
</value>
<value instanceof="10">
<![CDATA[ Freshmeat]]>
</value>
</value>
<value instanceof="11">
<value instanceof="6">
<![CDATA[ WSoundServer-0.1.1-1num.i386]]>
</value>
<value instanceof="8">
</value>
<value instanceof="9">
<![CDATA[ Window Maker sound server]]>
</value>
<value instanceof="10">
<![CDATA[ Libc6 Contribs for i386]]>
</value>
</value>
<value instanceof="11">
<value instanceof="6">
<![CDATA[ WSoundServer-devel-0.1.1-1num.i386]]>
</value>
<value instanceof="8">
</value>
<value instanceof="9">
<![CDATA[ Libraries, includes and other files to develop WSoundServer applications.]]>
</value>
<value instanceof="10">
<![CDATA[ Libc6 Contribs for i386]]>
</value>
</value>
</value>
</value>
</value>
<value instanceof="17">
<value instanceof="16">
</value>
</value>
<value instanceof="20">
<value instanceof="18">
</value>
</value>
</value>

