<value instanceof="21">
<value instanceof="3">
<![CDATA[ of Distribution Slackware]]>
</value>
<value instanceof="4">
<value instanceof="0">
</value>
</value>
<value instanceof="5">
<![CDATA[ of Distribution Slackware]]>
</value>
<value instanceof="14">
<value instanceof="13">
<value instanceof="12">
<value instanceof="11">
<value instanceof="6">
<![CDATA[ xamp-1-1.ppc]]>
</value>
<value instanceof="8">
</value>
<value instanceof="9">
<![CDATA[ Converted Slackware tgz package]]>
</value>
<value instanceof="10">
<![CDATA[ Linux/PPC Contribs]]>
</value>
</value>
</value>
</value>
</value>
<value instanceof="17">
<value instanceof="16">
</value>
</value>
<value instanceof="20">
<value instanceof="18">
</value>
</value>
</value>

