<value instanceof="21">
<value instanceof="3">
<![CDATA[ of Distribution RedHat Linux]]>
</value>
<value instanceof="4">
<value instanceof="0">
</value>
</value>
<value instanceof="5">
<![CDATA[ of Distribution RedHat Linux]]>
</value>
<value instanceof="14">
<value instanceof="13">
<value instanceof="12">
<value instanceof="11">
<value instanceof="6">
<![CDATA[ gnobog-0.4.1-1rh.i386]]>
</value>
<value instanceof="8">
</value>
<value instanceof="9">
<![CDATA[ Gnome Bookmarks organizer]]>
</value>
<value instanceof="10">
<![CDATA[ SourceForge]]>
</value>
</value>
<value instanceof="11">
<value instanceof="6">
<![CDATA[ gnobog-0.4.0-1rh.i386]]>
</value>
<value instanceof="8">
</value>
<value instanceof="9">
<![CDATA[ Gnome Bookmarks organizer]]>
</value>
<value instanceof="10">
<![CDATA[ SourceForge]]>
</value>
</value>
<value instanceof="11">
<value instanceof="6">
<![CDATA[ libodbc++-0.2.2pre3-1.i386]]>
</value>
<value instanceof="8">
</value>
<value instanceof="9">
<![CDATA[ An ODBC class library that emulates the JDBC interface]]>
</value>
<value instanceof="10">
<![CDATA[ Libc6 Contribs for i386]]>
</value>
</value>
<value instanceof="11">
<value instanceof="6">
<![CDATA[ libodbc++-0.2.2pre3-1.alpha]]>
</value>
<value instanceof="8">
</value>
<value instanceof="9">
<![CDATA[ An ODBC class library that emulates the JDBC interface]]>
</value>
<value instanceof="10">
<![CDATA[ Libc6 Contribs for alpha]]>
</value>
</value>
<value instanceof="11">
<value instanceof="6">
<![CDATA[ libodbc++-devel-0.2.2pre3-1.i386]]>
</value>
<value instanceof="8">
</value>
<value instanceof="9">
<![CDATA[ Development files for programs which use the odbc++ library.]]>
</value>
<value instanceof="10">
<![CDATA[ Libc6 Contribs for i386]]>
</value>
</value>
<value instanceof="11">
<value instanceof="6">
<![CDATA[ libodbc++-devel-0.2.2pre3-1.alpha]]>
</value>
<value instanceof="8">
</value>
<value instanceof="9">
<![CDATA[ Development files for programs which use the odbc++ library.]]>
</value>
<value instanceof="10">
<![CDATA[ Libc6 Contribs for alpha]]>
</value>
</value>
<value instanceof="11">
<value instanceof="6">
<![CDATA[ libodbc++-qt-0.2.2pre3-1.i386]]>
</value>
<value instanceof="8">
</value>
<value instanceof="9">
<![CDATA[ qt libodbc++ libraries]]>
</value>
<value instanceof="10">
<![CDATA[ Libc6 Contribs for i386]]>
</value>
</value>
<value instanceof="11">
<value instanceof="6">
<![CDATA[ libodbc++-qt-0.2.2pre3-1.alpha]]>
</value>
<value instanceof="8">
</value>
<value instanceof="9">
<![CDATA[ qt libodbc++ libraries]]>
</value>
<value instanceof="10">
<![CDATA[ Libc6 Contribs for alpha]]>
</value>
</value>
</value>
</value>
</value>
<value instanceof="17">
<value instanceof="16">
</value>
</value>
<value instanceof="20">
<value instanceof="18">
</value>
</value>
</value>

