<value instanceof="21">
<value instanceof="3">
<![CDATA[ of Distribution Red Hat Linux (Picasso)]]>
</value>
<value instanceof="4">
<value instanceof="0">
</value>
</value>
<value instanceof="5">
<![CDATA[ of Distribution Red Hat Linux (Picasso)]]>
</value>
<value instanceof="14">
<value instanceof="13">
<value instanceof="12">
<value instanceof="11">
<value instanceof="6">
<![CDATA[ glint-2.1-1.i386]]>
</value>
<value instanceof="8">
</value>
<value instanceof="9">
<![CDATA[ No summary !]]>
</value>
<value instanceof="10">
<![CDATA[ RPM.Org]]>
</value>
</value>
<value instanceof="11">
<value instanceof="6">
<![CDATA[ python-1.3-5.i386]]>
</value>
<value instanceof="8">
</value>
<value instanceof="9">
<![CDATA[ No summary !]]>
</value>
<value instanceof="10">
<![CDATA[ RPM.Org]]>
</value>
</value>
<value instanceof="11">
<value instanceof="6">
<![CDATA[ pythonlib-1.2-1.i386]]>
</value>
<value instanceof="8">
</value>
<value instanceof="9">
<![CDATA[ No summary !]]>
</value>
<value instanceof="10">
<![CDATA[ RPM.Org]]>
</value>
</value>
</value>
</value>
</value>
<value instanceof="17">
<value instanceof="16">
</value>
</value>
<value instanceof="20">
<value instanceof="18">
</value>
</value>
</value>

