<value instanceof="21">
<value instanceof="3">
<![CDATA[ of Distribution Helix GNOME 1.0 (for Mandrake 7.0)]]>
</value>
<value instanceof="4">
<value instanceof="0">
</value>
</value>
<value instanceof="5">
<![CDATA[ of Distribution Helix GNOME 1.0 (for Mandrake 7.0)]]>
</value>
<value instanceof="14">
<value instanceof="13">
<value instanceof="12">
<value instanceof="11">
<value instanceof="6">
<![CDATA[ abisuite-0.7.11-4mdk_helix_1.i586]]>
</value>
<value instanceof="8">
</value>
<value instanceof="9">
<![CDATA[ An easy to use word-processor]]>
</value>
<value instanceof="10">
<![CDATA[ HelixCode Gnome distribs]]>
</value>
</value>
<value instanceof="11">
<value instanceof="6">
<![CDATA[ audiofile-0.1.9-5mdk_helix_1.i586]]>
</value>
<value instanceof="8">
</value>
<value instanceof="9">
<![CDATA[ Library to handle various audio file formats.]]>
</value>
<value instanceof="10">
<![CDATA[ HelixCode Gnome distribs]]>
</value>
</value>
<value instanceof="11">
<value instanceof="6">
<![CDATA[ audiofile-devel-0.1.9-5mdk_helix_1.i586]]>
</value>
<value instanceof="8">
</value>
<value instanceof="9">
<![CDATA[ Libraries and headers for audiofile application development]]>
</value>
<value instanceof="10">
<![CDATA[ HelixCode Gnome distribs]]>
</value>
</value>
<value instanceof="11">
<value instanceof="6">
<![CDATA[ bonobo-0.23-0mdk_helix_1.i586]]>
</value>
<value instanceof="8">
</value>
<value instanceof="9">
<![CDATA[ The Bonobo component system for GNOME]]>
</value>
<value instanceof="10">
<![CDATA[ HelixCode Gnome distribs]]>
</value>
</value>
<value instanceof="11">
<value instanceof="6">
<![CDATA[ bonobo-devel-0.23-0mdk_helix_1.i586]]>
</value>
<value instanceof="8">
</value>
<value instanceof="9">
<![CDATA[ Libraries and header files for the Bonobo component system]]>
</value>
<value instanceof="10">
<![CDATA[ HelixCode Gnome distribs]]>
</value>
</value>
<value instanceof="11">
<value instanceof="6">
<![CDATA[ bug-buddy-1.2-0mdk_helix_1.i586]]>
</value>
<value instanceof="8">
<value instanceof="7">
</value>
</value>
<value instanceof="9">
<![CDATA[ Utility to ease the reporting of bugs within the GNOME Desktop Environment]]>
</value>
<value instanceof="10">
<![CDATA[ HelixCode Gnome distribs]]>
</value>
</value>
<value instanceof="11">
<value instanceof="6">
<![CDATA[ control-center-1.2.2-4mdk_helix_1.i586]]>
</value>
<value instanceof="8">
</value>
<value instanceof="9">
<![CDATA[ The GNOME Control Center]]>
</value>
<value instanceof="10">
<![CDATA[ HelixCode Gnome distribs]]>
</value>
</value>
<value instanceof="11">
<value instanceof="6">
<![CDATA[ control-center-devel-1.2.2-4mdk_helix_1.i586]]>
</value>
<value instanceof="8">
</value>
<value instanceof="9">
<![CDATA[ The GNOME Control Center development environment]]>
</value>
<value instanceof="10">
<![CDATA[ HelixCode Gnome distribs]]>
</value>
</value>
<value instanceof="11">
<value instanceof="6">
<![CDATA[ dia-0.86-0mdk_helix_2.i586]]>
</value>
<value instanceof="8">
</value>
<value instanceof="9">
<![CDATA[ A GTK+ based diagram editor and charting tool]]>
</value>
<value instanceof="10">
<![CDATA[ HelixCode Gnome distribs]]>
</value>
</value>
<value instanceof="11">
<value instanceof="6">
<![CDATA[ esound-0.2.20-2mdk_helix_1.i586]]>
</value>
<value instanceof="8">
</value>
<value instanceof="9">
<![CDATA[ The Enlightened Sound Daemon]]>
</value>
<value instanceof="10">
<![CDATA[ HelixCode Gnome distribs]]>
</value>
</value>
<value instanceof="11">
<value instanceof="6">
<![CDATA[ esound-devel-0.2.20-2mdk_helix_1.i586]]>
</value>
<value instanceof="8">
</value>
<value instanceof="9">
<![CDATA[ Libraries and headers for EsounDapplication development]]>
</value>
<value instanceof="10">
<![CDATA[ HelixCode Gnome distribs]]>
</value>
</value>
<value instanceof="11">
<value instanceof="6">
<![CDATA[ evolution-0.6-0mdk_helix_1.i586]]>
</value>
<value instanceof="8">
</value>
<value instanceof="9">
<![CDATA[ GNOME's next-generation groupware suite]]>
</value>
<value instanceof="10">
<![CDATA[ HelixCode Gnome distribs]]>
</value>
</value>
</value>
</value>
<value instanceof="13">
<value instanceof="12">
<value instanceof="11">
<value instanceof="6">
<![CDATA[ gaim-0.10.3-0mdk_helix_3.i586]]>
</value>
<value instanceof="8">
<value instanceof="7">
</value>
</value>
<value instanceof="9">
<![CDATA[ A client for AOL's 'Instant Messenger' service]]>
</value>
<value instanceof="10">
<![CDATA[ HelixCode Gnome distribs]]>
</value>
</value>
<value instanceof="11">
<value instanceof="6">
<![CDATA[ gal-0.2.2-0mdk_helix_1.i586]]>
</value>
<value instanceof="8">
<value instanceof="7">
</value>
</value>
<value instanceof="9">
<![CDATA[ The GNOME Application Library]]>
</value>
<value instanceof="10">
<![CDATA[ HelixCode Gnome distribs]]>
</value>
</value>
<value instanceof="11">
<value instanceof="6">
<![CDATA[ gal-devel-0.2.2-0mdk_helix_1.i586]]>
</value>
<value instanceof="8">
<value instanceof="7">
</value>
</value>
<value instanceof="9">
<![CDATA[ The G Apps Lib]]>
</value>
<value instanceof="10">
<![CDATA[ HelixCode Gnome distribs]]>
</value>
</value>
<value instanceof="11">
<value instanceof="6">
<![CDATA[ gdk-pixbuf-0.9.0-2mdk_helix_1.i586]]>
</value>
<value instanceof="8">
</value>
<value instanceof="9">
<![CDATA[ Image loading library used with GNOME]]>
</value>
<value instanceof="10">
<![CDATA[ HelixCode Gnome distribs]]>
</value>
</value>
<value instanceof="11">
<value instanceof="6">
<![CDATA[ gdk-pixbuf-devel-0.9.0-2mdk_helix_1.i586]]>
</value>
<value instanceof="8">
</value>
<value instanceof="9">
<![CDATA[ Libraries and headers for application development with gdk-pixbuf]]>
</value>
<value instanceof="10">
<![CDATA[ HelixCode Gnome distribs]]>
</value>
</value>
<value instanceof="11">
<value instanceof="6">
<![CDATA[ gdm-2.0beta4-22mdk_helix_2.i586]]>
</value>
<value instanceof="8">
<value instanceof="7">
</value>
</value>
<value instanceof="9">
<![CDATA[ The GNOME Display Manager, a login manager]]>
</value>
<value instanceof="10">
<![CDATA[ HelixCode Gnome distribs]]>
</value>
</value>
<value instanceof="11">
<value instanceof="6">
<![CDATA[ gedit-0.9.2-0mdk_helix_1.i586]]>
</value>
<value instanceof="8">
</value>
<value instanceof="9">
<![CDATA[ A small but powerful text editor for GNOME.]]>
</value>
<value instanceof="10">
<![CDATA[ HelixCode Gnome distribs]]>
</value>
</value>
<value instanceof="11">
<value instanceof="6">
<![CDATA[ gimp-1.1.29-0mdk_helix_1.i586]]>
</value>
<value instanceof="8">
<value instanceof="7">
</value>
</value>
<value instanceof="9">
<![CDATA[ The GNU Image Manipulation Program]]>
</value>
<value instanceof="10">
<![CDATA[ HelixCode Gnome distribs]]>
</value>
</value>
<value instanceof="11">
<value instanceof="6">
<![CDATA[ gimp-devel-1.1.29-0mdk_helix_1.i586]]>
</value>
<value instanceof="8">
<value instanceof="7">
</value>
</value>
<value instanceof="9">
<![CDATA[ GIMP plugin and extension development kit]]>
</value>
<value instanceof="10">
<![CDATA[ HelixCode Gnome distribs]]>
</value>
</value>
<value instanceof="11">
<value instanceof="6">
<![CDATA[ gimp-perl70-1.1.29-0mdk_helix_1.i586]]>
</value>
<value instanceof="8">
<value instanceof="7">
</value>
</value>
<value instanceof="9">
<![CDATA[ GIMP perl extensions and plugins.]]>
</value>
<value instanceof="10">
<![CDATA[ HelixCode Gnome distribs]]>
</value>
</value>
<value instanceof="11">
<value instanceof="6">
<![CDATA[ gimp-perl72-1.1.29-0mdk_helix_1.i586]]>
</value>
<value instanceof="8">
<value instanceof="7">
</value>
</value>
<value instanceof="9">
<![CDATA[ GIMP perl extensions and plugins.]]>
</value>
<value instanceof="10">
<![CDATA[ HelixCode Gnome distribs]]>
</value>
</value>
<value instanceof="11">
<value instanceof="6">
<![CDATA[ glade-0.5.9-7mdk_helix_1.i586]]>
</value>
<value instanceof="8">
</value>
<value instanceof="9">
<![CDATA[ Tools for building GTK+ graphical interfaces]]>
</value>
<value instanceof="10">
<![CDATA[ HelixCode Gnome distribs]]>
</value>
</value>
<value instanceof="11">
<value instanceof="6">
<![CDATA[ glib-1.2.8-2mdk_helix_1.i586]]>
</value>
<value instanceof="8">
</value>
<value instanceof="9">
<![CDATA[ A library of handy utility functions]]>
</value>
<value instanceof="10">
<![CDATA[ HelixCode Gnome distribs]]>
</value>
</value>
</value>
</value>
<value instanceof="13">
<value instanceof="12">
<value instanceof="11">
<value instanceof="6">
<![CDATA[ glib-devel-1.2.8-2mdk_helix_1.i586]]>
</value>
<value instanceof="8">
</value>
<value instanceof="9">
<![CDATA[ The GIMP ToolKit (GTK+) and GIMP Drawing Kit (GDK) support library.]]>
</value>
<value instanceof="10">
<![CDATA[ HelixCode Gnome distribs]]>
</value>
</value>
<value instanceof="11">
<value instanceof="6">
<![CDATA[ gmc-4.5.51-7mdk_helix_1.i586]]>
</value>
<value instanceof="8">
</value>
<value instanceof="9">
<![CDATA[ The GNOME version of the Midnight Commander file manager.]]>
</value>
<value instanceof="10">
<![CDATA[ HelixCode Gnome distribs]]>
</value>
</value>
<value instanceof="11">
<value instanceof="6">
<![CDATA[ gnapster-1.4.1a-0mdk_helix_2.i586]]>
</value>
<value instanceof="8">
<value instanceof="7">
</value>
</value>
<value instanceof="9">
<![CDATA[ A Napster client for GNOME]]>
</value>
<value instanceof="10">
<![CDATA[ HelixCode Gnome distribs]]>
</value>
</value>
<value instanceof="11">
<value instanceof="6">
<![CDATA[ gnome-libs-1.2.8-0mdk_helix_2.i586]]>
</value>
<value instanceof="8">
<value instanceof="7">
</value>
</value>
<value instanceof="9">
<![CDATA[ Main GNOME libraries]]>
</value>
<value instanceof="10">
<![CDATA[ HelixCode Gnome distribs]]>
</value>
</value>
<value instanceof="11">
<value instanceof="6">
<![CDATA[ gnome-applets-1.2.4-0mdk_helix_1.i586]]>
</value>
<value instanceof="8">
<value instanceof="7">
</value>
</value>
<value instanceof="9">
<![CDATA[ Small applications which embed themselves in the GNOME panel]]>
</value>
<value instanceof="10">
<![CDATA[ HelixCode Gnome distribs]]>
</value>
</value>
<value instanceof="11">
<value instanceof="6">
<![CDATA[ gnome-core-1.2.4-0mdk_helix_1.i586]]>
</value>
<value instanceof="8">
<value instanceof="7">
</value>
</value>
<value instanceof="9">
<![CDATA[ The core programs for the GNOME GUI desktop environment.]]>
</value>
<value instanceof="10">
<![CDATA[ HelixCode Gnome distribs]]>
</value>
</value>
<value instanceof="11">
<value instanceof="6">
<![CDATA[ gnome-utils-1.2.1-6mdk_helix_1.i586]]>
</value>
<value instanceof="8">
</value>
<value instanceof="9">
<![CDATA[ Useful tools for GNOME: calculator, time-tracker, and more]]>
</value>
<value instanceof="10">
<![CDATA[ HelixCode Gnome distribs]]>
</value>
</value>
<value instanceof="11">
<value instanceof="6">
<![CDATA[ gnome-media-1.2.0-12mdk_helix_1.i586]]>
</value>
<value instanceof="8">
</value>
<value instanceof="9">
<![CDATA[ A set of multimedia utilities for GNOME]]>
</value>
<value instanceof="10">
<![CDATA[ HelixCode Gnome distribs]]>
</value>
</value>
<value instanceof="11">
<value instanceof="6">
<![CDATA[ gnome-games-1.2.0-8mdk_helix_1.i586]]>
</value>
<value instanceof="8">
</value>
<value instanceof="9">
<![CDATA[ A collection of games for GNOME]]>
</value>
<value instanceof="10">
<![CDATA[ HelixCode Gnome distribs]]>
</value>
</value>
<value instanceof="11">
<value instanceof="6">
<![CDATA[ gnome-pim-1.2.0-6mdk_helix_1.i586]]>
</value>
<value instanceof="8">
</value>
<value instanceof="9">
<![CDATA[ A calendar and address book (Personal Information Manager) for GNOME]]>
</value>
<value instanceof="10">
<![CDATA[ HelixCode Gnome distribs]]>
</value>
</value>
</value>
</value>
<value instanceof="13">
<value instanceof="12">
<value instanceof="11">
<value instanceof="6">
<![CDATA[ gnome-print-0.25-0mdk_helix_1.i586]]>
</value>
<value instanceof="8">
<value instanceof="7">
</value>
</value>
<value instanceof="9">
<![CDATA[ Printing libraries for GNOME]]>
</value>
<value instanceof="10">
<![CDATA[ HelixCode Gnome distribs]]>
</value>
</value>
<value instanceof="11">
<value instanceof="6">
<![CDATA[ gnome-pilot-0.1.55-0mdk_helix_1.i586]]>
</value>
<value instanceof="8">
</value>
<value instanceof="9">
<![CDATA[ Tools for using GNOME with Palm OS devices]]>
</value>
<value instanceof="10">
<![CDATA[ HelixCode Gnome distribs]]>
</value>
</value>
<value instanceof="11">
<value instanceof="6">
<![CDATA[ gnome-core-devel-1.2.4-0mdk_helix_1.i586]]>
</value>
<value instanceof="8">
<value instanceof="7">
</value>
</value>
<value instanceof="9">
<![CDATA[ GNOME core libraries, headers and more.]]>
</value>
<value instanceof="10">
<![CDATA[ HelixCode Gnome distribs]]>
</value>
</value>
<value instanceof="11">
<value instanceof="6">
<![CDATA[ gnome-games-devel-1.2.0-8mdk_helix_1.i586]]>
</value>
<value instanceof="8">
</value>
<value instanceof="9">
<![CDATA[ GNOME games development libraries.]]>
</value>
<value instanceof="10">
<![CDATA[ HelixCode Gnome distribs]]>
</value>
</value>
<value instanceof="11">
<value instanceof="6">
<![CDATA[ gnome-libs-devel-1.2.8-0mdk_helix_2.i586]]>
</value>
<value instanceof="8">
<value instanceof="7">
</value>
</value>
<value instanceof="9">
<![CDATA[ Libraries and headers for GNOME application development]]>
</value>
<value instanceof="10">
<![CDATA[ HelixCode Gnome distribs]]>
</value>
</value>
<value instanceof="11">
<value instanceof="6">
<![CDATA[ gnome-pilot-devel-0.1.55-0mdk_helix_1.i586]]>
</value>
<value instanceof="8">
</value>
<value instanceof="9">
<![CDATA[ GNOME pilot libraries, includes, etc]]>
</value>
<value instanceof="10">
<![CDATA[ HelixCode Gnome distribs]]>
</value>
</value>
<value instanceof="11">
<value instanceof="6">
<![CDATA[ gnome-pim-conduits-1.2.0-6mdk_helix_1.i586]]>
</value>
<value instanceof="8">
</value>
<value instanceof="9">
<![CDATA[ Gnome Pilot conduits for GnomeCal and GnomeCard]]>
</value>
<value instanceof="10">
<![CDATA[ HelixCode Gnome distribs]]>
</value>
</value>
<value instanceof="11">
<value instanceof="6">
<![CDATA[ gnome-pim-devel-1.2.0-6mdk_helix_1.i586]]>
</value>
<value instanceof="8">
</value>
<value instanceof="9">
<![CDATA[ GNOME PIM development files]]>
</value>
<value instanceof="10">
<![CDATA[ HelixCode Gnome distribs]]>
</value>
</value>
<value instanceof="11">
<value instanceof="6">
<![CDATA[ gnome-print-devel-0.25-0mdk_helix_1.i586]]>
</value>
<value instanceof="8">
<value instanceof="7">
</value>
</value>
<value instanceof="9">
<![CDATA[ Libraries and include files for developing GNOME applications.]]>
</value>
<value instanceof="10">
<![CDATA[ HelixCode Gnome distribs]]>
</value>
</value>
<value instanceof="11">
<value instanceof="6">
<![CDATA[ gnomeicu-0.94.1-0mdk_helix_1.i586]]>
</value>
<value instanceof="8">
</value>
<value instanceof="9">
<![CDATA[ GnomeICU is a clone of Mirabilis' popular ICQ written with GTK]]>
</value>
<value instanceof="10">
<![CDATA[ HelixCode Gnome distribs]]>
</value>
</value>
<value instanceof="11">
<value instanceof="6">
<![CDATA[ gnumeric-0.58-0mdk_helix_1.i586]]>
</value>
<value instanceof="8">
<value instanceof="7">
</value>
</value>
<value instanceof="9">
<![CDATA[ A spreadsheet for GNOME]]>
</value>
<value instanceof="10">
<![CDATA[ HelixCode Gnome distribs]]>
</value>
</value>
<value instanceof="11">
<value instanceof="6">
<![CDATA[ grip-2.95-0mdk_helix_1.i586]]>
</value>
<value instanceof="8">
</value>
<value instanceof="9">
<![CDATA[ Grip, a CD player and ripper/MP3-encoder front-end]]>
</value>
<value instanceof="10">
<![CDATA[ HelixCode Gnome distribs]]>
</value>
</value>
<value instanceof="11">
<value instanceof="6">
<![CDATA[ gtk+-1.2.8-6mdk_helix_1.i586]]>
</value>
<value instanceof="8">
</value>
<value instanceof="9">
<![CDATA[ The GIMP ToolKit (GTK+), a library for creating GUIs for X.]]>
</value>
<value instanceof="10">
<![CDATA[ HelixCode Gnome distribs]]>
</value>
</value>
</value>
</value>
<value instanceof="13">
<value instanceof="12">
<value instanceof="11">
<value instanceof="6">
<![CDATA[ gtk+-devel-1.2.8-6mdk_helix_1.i586]]>
</value>
<value instanceof="8">
</value>
<value instanceof="9">
<![CDATA[ Development tools for GTK+ (GIMP ToolKit) applications.]]>
</value>
<value instanceof="10">
<![CDATA[ HelixCode Gnome distribs]]>
</value>
</value>
<value instanceof="11">
<value instanceof="6">
<![CDATA[ gtkhtml-0.7-0mdk_helix_1.i586]]>
</value>
<value instanceof="8">
</value>
<value instanceof="9">
<![CDATA[ GtkHTML is a HTML rendering/editing library.]]>
</value>
<value instanceof="10">
<![CDATA[ HelixCode Gnome distribs]]>
</value>
</value>
<value instanceof="11">
<value instanceof="6">
<![CDATA[ gtkhtml-devel-0.7-0mdk_helix_1.i586]]>
</value>
<value instanceof="8">
</value>
<value instanceof="9">
<![CDATA[ Development libraries, header files and utilities for GtkHTML]]>
</value>
<value instanceof="10">
<![CDATA[ HelixCode Gnome distribs]]>
</value>
</value>
<value instanceof="11">
<value instanceof="6">
<![CDATA[ gtkmm-1.2.3-3mdk_helix_1.i586]]>
</value>
<value instanceof="8">
</value>
<value instanceof="9">
<![CDATA[ A C++ interface for the GTK+ (a GUI library for X).]]>
</value>
<value instanceof="10">
<![CDATA[ HelixCode Gnome distribs]]>
</value>
</value>
<value instanceof="11">
<value instanceof="6">
<![CDATA[ gtkmm-devel-1.2.3-3mdk_helix_1.i586]]>
</value>
<value instanceof="8">
</value>
<value instanceof="9">
<![CDATA[ Headers for developing programs that will use Gtk--.]]>
</value>
<value instanceof="10">
<![CDATA[ HelixCode Gnome distribs]]>
</value>
</value>
<value instanceof="11">
<value instanceof="6">
<![CDATA[ gtop-1.0.9-6mdk_helix_1.i586]]>
</value>
<value instanceof="8">
</value>
<value instanceof="9">
<![CDATA[ The GNOME system monitor]]>
</value>
<value instanceof="10">
<![CDATA[ HelixCode Gnome distribs]]>
</value>
</value>
<value instanceof="11">
<value instanceof="6">
<![CDATA[ helix-update-0.9-0mdk_helix_1.i586]]>
</value>
<value instanceof="8">
</value>
<value instanceof="9">
<![CDATA[ The Helix GNOME distribution updater]]>
</value>
<value instanceof="10">
<![CDATA[ HelixCode Gnome distribs]]>
</value>
</value>
<value instanceof="11">
<value instanceof="6">
<![CDATA[ imlib-1.9.8.1-6mdk_helix_1.i586]]>
</value>
<value instanceof="8">
</value>
<value instanceof="9">
<![CDATA[ An image loading and rendering library for X11R6]]>
</value>
<value instanceof="10">
<![CDATA[ HelixCode Gnome distribs]]>
</value>
</value>
<value instanceof="11">
<value instanceof="6">
<![CDATA[ imlib-cfgeditor-1.9.8.1-6mdk_helix_1.i586]]>
</value>
<value instanceof="8">
</value>
<value instanceof="9">
<![CDATA[ A configuration editor for the Imlib library.]]>
</value>
<value instanceof="10">
<![CDATA[ HelixCode Gnome distribs]]>
</value>
</value>
<value instanceof="11">
<value instanceof="6">
<![CDATA[ imlib-devel-1.9.8.1-6mdk_helix_1.i586]]>
</value>
<value instanceof="8">
</value>
<value instanceof="9">
<![CDATA[ Development tools for Imlib applications.]]>
</value>
<value instanceof="10">
<![CDATA[ HelixCode Gnome distribs]]>
</value>
</value>
<value instanceof="11">
<value instanceof="6">
<![CDATA[ libgal1-0.2.2-0mdk_helix_1.i586]]>
</value>
<value instanceof="8">
<value instanceof="7">
</value>
</value>
<value instanceof="9">
<![CDATA[ The G Apps Lib]]>
</value>
<value instanceof="10">
<![CDATA[ HelixCode Gnome distribs]]>
</value>
</value>
<value instanceof="11">
<value instanceof="6">
<![CDATA[ libghttp-1.0.7-1mdk_helix_1.i586]]>
</value>
<value instanceof="8">
</value>
<value instanceof="9">
<![CDATA[ GNOME http client library]]>
</value>
<value instanceof="10">
<![CDATA[ HelixCode Gnome distribs]]>
</value>
</value>
</value>
</value>
<value instanceof="13">
<value instanceof="12">
<value instanceof="11">
<value instanceof="6">
<![CDATA[ libghttp-devel-1.0.7-1mdk_helix_1.i586]]>
</value>
<value instanceof="8">
</value>
<value instanceof="9">
<![CDATA[ GNOME http client development]]>
</value>
<value instanceof="10">
<![CDATA[ HelixCode Gnome distribs]]>
</value>
</value>
<value instanceof="11">
<value instanceof="6">
<![CDATA[ libglade-0.14-4mdk_helix_1.i586]]>
</value>
<value instanceof="8">
</value>
<value instanceof="9">
<![CDATA[ The libglade library for loading user interfaces]]>
</value>
<value instanceof="10">
<![CDATA[ HelixCode Gnome distribs]]>
</value>
</value>
<value instanceof="11">
<value instanceof="6">
<![CDATA[ libglade-devel-0.14-4mdk_helix_1.i586]]>
</value>
<value instanceof="8">
</value>
<value instanceof="9">
<![CDATA[ The files needed for libglade application development.]]>
</value>
<value instanceof="10">
<![CDATA[ HelixCode Gnome distribs]]>
</value>
</value>
<value instanceof="11">
<value instanceof="6">
<![CDATA[ libgnomeprint11-0.25-0mdk_helix_1.i586]]>
</value>
<value instanceof="8">
<value instanceof="7">
</value>
</value>
<value instanceof="9">
<![CDATA[ Printing libraries for GNOME]]>
</value>
<value instanceof="10">
<![CDATA[ HelixCode Gnome distribs]]>
</value>
</value>
<value instanceof="11">
<value instanceof="6">
<![CDATA[ libgnomeprint6-0.20-0mdk_helix_5.i586]]>
</value>
<value instanceof="8">
</value>
<value instanceof="9">
<![CDATA[ Printing libraries for GNOME]]>
</value>
<value instanceof="10">
<![CDATA[ HelixCode Gnome distribs]]>
</value>
</value>
<value instanceof="11">
<value instanceof="6">
<![CDATA[ libgtop-1.0.9-5mdk_helix_1.i586]]>
</value>
<value instanceof="8">
<value instanceof="7">
</value>
</value>
<value instanceof="9">
<![CDATA[ Library for the gtop system monitoring tool]]>
</value>
<value instanceof="10">
<![CDATA[ HelixCode Gnome distribs]]>
</value>
</value>
<value instanceof="11">
<value instanceof="6">
<![CDATA[ libgtop-devel-1.0.9-5mdk_helix_1.i586]]>
</value>
<value instanceof="8">
<value instanceof="7">
</value>
</value>
<value instanceof="9">
<![CDATA[ Libraries, includes and other files to develop LibGTop applications.]]>
</value>
<value instanceof="10">
<![CDATA[ HelixCode Gnome distribs]]>
</value>
</value>
<value instanceof="11">
<value instanceof="6">
<![CDATA[ libole2-0.1.7-0mdk_helix_1.i586]]>
</value>
<value instanceof="8">
<value instanceof="7">
</value>
</value>
<value instanceof="9">
<![CDATA[ Structured Storage OLE2 library]]>
</value>
<value instanceof="10">
<![CDATA[ HelixCode Gnome distribs]]>
</value>
</value>
<value instanceof="11">
<value instanceof="6">
<![CDATA[ libole2-devel-0.1.7-0mdk_helix_1.i586]]>
</value>
<value instanceof="8">
<value instanceof="7">
</value>
</value>
<value instanceof="9">
<![CDATA[ Libraries, includes, etc to develop libole2 applications]]>
</value>
<value instanceof="10">
<![CDATA[ HelixCode Gnome distribs]]>
</value>
</value>
<value instanceof="11">
<value instanceof="6">
<![CDATA[ librep-0.13.2-0mdk_helix_1.i586]]>
</value>
<value instanceof="8">
<value instanceof="7">
</value>
</value>
<value instanceof="9">
<![CDATA[ embeddable LISP environment]]>
</value>
<value instanceof="10">
<![CDATA[ HelixCode Gnome distribs]]>
</value>
</value>
<value instanceof="11">
<value instanceof="6">
<![CDATA[ librep-devel-0.13.2-0mdk_helix_1.i586]]>
</value>
<value instanceof="8">
<value instanceof="7">
</value>
</value>
<value instanceof="9">
<![CDATA[ librep include files and link libraries]]>
</value>
<value instanceof="10">
<![CDATA[ HelixCode Gnome distribs]]>
</value>
</value>
<value instanceof="11">
<value instanceof="6">
<![CDATA[ libsigc++-1.0.1-4mdk_helix_1.i586]]>
</value>
<value instanceof="8">
</value>
<value instanceof="9">
<![CDATA[ The Typesafe Signal Framework for C++]]>
</value>
<value instanceof="10">
<![CDATA[ HelixCode Gnome distribs]]>
</value>
</value>
<value instanceof="11">
<value instanceof="6">
<![CDATA[ libsigc++-devel-1.0.1-4mdk_helix_1.i586]]>
</value>
<value instanceof="8">
</value>
<value instanceof="9">
<![CDATA[ development tools for the Typesafe Signal Framework for C++]]>
</value>
<value instanceof="10">
<![CDATA[ HelixCode Gnome distribs]]>
</value>
</value>
<value instanceof="11">
<value instanceof="6">
<![CDATA[ libsigc++-examples-1.0.1-4mdk_helix_1.i586]]>
</value>
<value instanceof="8">
</value>
<value instanceof="9">
<![CDATA[ examples and tests for the Typesafe Signal Framework for C++]]>
</value>
<value instanceof="10">
<![CDATA[ HelixCode Gnome distribs]]>
</value>
</value>
<value instanceof="11">
<value instanceof="6">
<![CDATA[ libunicode-0.4.gnome-0mdk_helix_1.i586]]>
</value>
<value instanceof="8">
</value>
<value instanceof="9">
<![CDATA[ A Unicode character manipulation libary]]>
</value>
<value instanceof="10">
<![CDATA[ HelixCode Gnome distribs]]>
</value>
</value>
</value>
</value>
<value instanceof="13">
<value instanceof="12">
<value instanceof="11">
<value instanceof="6">
<![CDATA[ libunicode-devel-0.4.gnome-0mdk_helix_1.i586]]>
</value>
<value instanceof="8">
</value>
<value instanceof="9">
<![CDATA[ Development libraries, header files and utilities for libunicode]]>
</value>
<value instanceof="10">
<![CDATA[ HelixCode Gnome distribs]]>
</value>
</value>
<value instanceof="11">
<value instanceof="6">
<![CDATA[ mc-4.5.51-7mdk_helix_1.i586]]>
</value>
<value instanceof="8">
</value>
<value instanceof="9">
<![CDATA[ A user-friendly file manager and visual shell]]>
</value>
<value instanceof="10">
<![CDATA[ HelixCode Gnome distribs]]>
</value>
</value>
<value instanceof="11">
<value instanceof="6">
<![CDATA[ mcserv-4.5.51-7mdk_helix_1.i586]]>
</value>
<value instanceof="8">
</value>
<value instanceof="9">
<![CDATA[ Server for the Midnight Commander network file management system.]]>
</value>
<value instanceof="10">
<![CDATA[ HelixCode Gnome distribs]]>
</value>
</value>
<value instanceof="11">
<value instanceof="6">
<![CDATA[ memprof-0.4.0-2mdk_helix_1.i586]]>
</value>
<value instanceof="8">
</value>
<value instanceof="9">
<![CDATA[ Memory profiler and leak detector]]>
</value>
<value instanceof="10">
<![CDATA[ HelixCode Gnome distribs]]>
</value>
</value>
<value instanceof="11">
<value instanceof="6">
<![CDATA[ oaf-0.6.0-0mdk_helix_1.i586]]>
</value>
<value instanceof="8">
</value>
<value instanceof="9">
<![CDATA[ GNOME Object Activation Framework (for GNOME components)]]>
</value>
<value instanceof="10">
<![CDATA[ HelixCode Gnome distribs]]>
</value>
</value>
<value instanceof="11">
<value instanceof="6">
<![CDATA[ oaf-devel-0.6.0-0mdk_helix_1.i586]]>
</value>
<value instanceof="8">
</value>
<value instanceof="9">
<![CDATA[ Development libraries and headers for OAF.]]>
</value>
<value instanceof="10">
<![CDATA[ HelixCode Gnome distribs]]>
</value>
</value>
<value instanceof="11">
<value instanceof="6">
<![CDATA[ ORBit-0.5.4-0mdk_helix_1.i586]]>
</value>
<value instanceof="8">
</value>
<value instanceof="9">
<![CDATA[ A high-performance CORBA Object Request Broker.]]>
</value>
<value instanceof="10">
<![CDATA[ HelixCode Gnome distribs]]>
</value>
</value>
<value instanceof="11">
<value instanceof="6">
<![CDATA[ ORBit-devel-0.5.4-0mdk_helix_1.i586]]>
</value>
<value instanceof="8">
</value>
<value instanceof="9">
<![CDATA[ Development libraries, header files and utilities for ORBit.]]>
</value>
<value instanceof="10">
<![CDATA[ HelixCode Gnome distribs]]>
</value>
</value>
<value instanceof="11">
<value instanceof="6">
<![CDATA[ pan-0.9.1-0mdk_helix_1.i586]]>
</value>
<value instanceof="8">
</value>
<value instanceof="9">
<![CDATA[ A USENET newsreader for GNOME]]>
</value>
<value instanceof="10">
<![CDATA[ HelixCode Gnome distribs]]>
</value>
</value>
<value instanceof="11">
<value instanceof="6">
<![CDATA[ perl-GTK70-0.7004-4mdk_helix_2.i586]]>
</value>
<value instanceof="8">
<value instanceof="7">
</value>
</value>
<value instanceof="9">
<![CDATA[ Perl Gtk and GNOME bindings.]]>
</value>
<value instanceof="10">
<![CDATA[ HelixCode Gnome distribs]]>
</value>
</value>
<value instanceof="11">
<value instanceof="6">
<![CDATA[ perl-GTK72-0.7004-4mdk_helix_2.i586]]>
</value>
<value instanceof="8">
<value instanceof="7">
</value>
</value>
<value instanceof="9">
<![CDATA[ Perl Gtk and GNOME bindings.]]>
</value>
<value instanceof="10">
<![CDATA[ HelixCode Gnome distribs]]>
</value>
</value>
<value instanceof="11">
<value instanceof="6">
<![CDATA[ pilot-link-0.9.5-0mdk_helix_1.i586]]>
</value>
<value instanceof="8">
</value>
<value instanceof="9">
<![CDATA[ PalmOS link utilities]]>
</value>
<value instanceof="10">
<![CDATA[ HelixCode Gnome distribs]]>
</value>
</value>
</value>
</value>
<value instanceof="13">
<value instanceof="12">
<value instanceof="11">
<value instanceof="6">
<![CDATA[ pilot-link-devel-0.9.5-0mdk_helix_1.i586]]>
</value>
<value instanceof="8">
</value>
<value instanceof="9">
<![CDATA[ Pilot development header files.]]>
</value>
<value instanceof="10">
<![CDATA[ HelixCode Gnome distribs]]>
</value>
</value>
<value instanceof="11">
<value instanceof="6">
<![CDATA[ popt-1.5-66mdk_helix_1.i586]]>
</value>
<value instanceof="8">
</value>
<value instanceof="9">
<![CDATA[ A C library for parsing command line parameters.]]>
</value>
<value instanceof="10">
<![CDATA[ HelixCode Gnome distribs]]>
</value>
</value>
<value instanceof="11">
<value instanceof="6">
<![CDATA[ popt-devel-1.5-66mdk_helix_1.i586]]>
</value>
<value instanceof="8">
</value>
<value instanceof="9">
<![CDATA[ A C library for parsing command line parameters]]>
</value>
<value instanceof="10">
<![CDATA[ HelixCode Gnome distribs]]>
</value>
</value>
<value instanceof="11">
<value instanceof="6">
<![CDATA[ pygnome-1.0.53-4mdk_helix_1.i586]]>
</value>
<value instanceof="8">
</value>
<value instanceof="9">
<![CDATA[ Python bindings for the GNOME libraries.]]>
</value>
<value instanceof="10">
<![CDATA[ HelixCode Gnome distribs]]>
</value>
</value>
<value instanceof="11">
<value instanceof="6">
<![CDATA[ pygnome-applet-1.0.53-4mdk_helix_1.i586]]>
</value>
<value instanceof="8">
</value>
<value instanceof="9">
<![CDATA[ Python bindings for GNOME Panel applets.]]>
</value>
<value instanceof="10">
<![CDATA[ HelixCode Gnome distribs]]>
</value>
</value>
<value instanceof="11">
<value instanceof="6">
<![CDATA[ pygnome-capplet-1.0.53-4mdk_helix_1.i586]]>
</value>
<value instanceof="8">
</value>
<value instanceof="9">
<![CDATA[ Python bindings for GNOME Panel applets.]]>
</value>
<value instanceof="10">
<![CDATA[ HelixCode Gnome distribs]]>
</value>
</value>
<value instanceof="11">
<value instanceof="6">
<![CDATA[ pygnome-libglade-1.0.53-4mdk_helix_1.i586]]>
</value>
<value instanceof="8">
</value>
<value instanceof="9">
<![CDATA[ GNOME support for the libglade python wrapper]]>
</value>
<value instanceof="10">
<![CDATA[ HelixCode Gnome distribs]]>
</value>
</value>
<value instanceof="11">
<value instanceof="6">
<![CDATA[ pygtk-0.6.6-4mdk_helix_1.i586]]>
</value>
<value instanceof="8">
</value>
<value instanceof="9">
<![CDATA[ Python bindings for the GTK+ widget set.]]>
</value>
<value instanceof="10">
<![CDATA[ HelixCode Gnome distribs]]>
</value>
</value>
<value instanceof="11">
<value instanceof="6">
<![CDATA[ pygtk-libglade-0.6.6-4mdk_helix_1.i586]]>
</value>
<value instanceof="8">
</value>
<value instanceof="9">
<![CDATA[ A wrapper for the libglade library for use with PyGTK]]>
</value>
<value instanceof="10">
<![CDATA[ HelixCode Gnome distribs]]>
</value>
</value>
<value instanceof="11">
<value instanceof="6">
<![CDATA[ rep-gtk-0.14-0mdk_helix_1.i586]]>
</value>
<value instanceof="8">
</value>
<value instanceof="9">
<![CDATA[ GTK+ binding for librep Lisp environment]]>
</value>
<value instanceof="10">
<![CDATA[ HelixCode Gnome distribs]]>
</value>
</value>
<value instanceof="11">
<value instanceof="6">
<![CDATA[ rep-gtk-gnome-0.14-0mdk_helix_1.i586]]>
</value>
<value instanceof="8">
</value>
<value instanceof="9">
<![CDATA[ GNOME binding for librep]]>
</value>
<value instanceof="10">
<![CDATA[ HelixCode Gnome distribs]]>
</value>
</value>
<value instanceof="11">
<value instanceof="6">
<![CDATA[ rep-gtk-libglade-0.14-0mdk_helix_1.i586]]>
</value>
<value instanceof="8">
</value>
<value instanceof="9">
<![CDATA[ librep binding for the libglade library for loading user interfaces.]]>
</value>
<value instanceof="10">
<![CDATA[ HelixCode Gnome distribs]]>
</value>
</value>
<value instanceof="11">
<value instanceof="6">
<![CDATA[ sane-1.0.3-2mdk_helix_1.i586]]>
</value>
<value instanceof="8">
</value>
<value instanceof="9">
<![CDATA[ Scanner access software.]]>
</value>
<value instanceof="10">
<![CDATA[ HelixCode Gnome distribs]]>
</value>
</value>
<value instanceof="11">
<value instanceof="6">
<![CDATA[ sane-devel-1.0.3-2mdk_helix_1.i586]]>
</value>
<value instanceof="8">
</value>
<value instanceof="9">
<![CDATA[ The SANE (a universal scanner interface) development toolkit.]]>
</value>
<value instanceof="10">
<![CDATA[ HelixCode Gnome distribs]]>
</value>
</value>
<value instanceof="11">
<value instanceof="6">
<![CDATA[ sawfish-0.33.1-0mdk_helix_1.i586]]>
</value>
<value instanceof="8">
<value instanceof="7">
</value>
</value>
<value instanceof="9">
<![CDATA[ a highly configurable and extensible X11 window manager]]>
</value>
<value instanceof="10">
<![CDATA[ HelixCode Gnome distribs]]>
</value>
</value>
<value instanceof="11">
<value instanceof="6">
<![CDATA[ sawfish-themer-0.33.1-0mdk_helix_1.i586]]>
</value>
<value instanceof="8">
<value instanceof="7">
</value>
</value>
<value instanceof="9">
<![CDATA[ GUI for creating sawfish themes]]>
</value>
<value instanceof="10">
<![CDATA[ HelixCode Gnome distribs]]>
</value>
</value>
</value>
</value>
<value instanceof="13">
<value instanceof="12">
<value instanceof="11">
<value instanceof="6">
<![CDATA[ sawfish-lisp0.31.1-0.31.1-0mdk_helix_5.i586]]>
</value>
<value instanceof="8">
<value instanceof="7">
</value>
</value>
<value instanceof="9">
<![CDATA[ sawfish lisp files]]>
</value>
<value instanceof="10">
<![CDATA[ HelixCode Gnome distribs]]>
</value>
</value>
<value instanceof="11">
<value instanceof="6">
<![CDATA[ sawfish-themes-0.2-4mdk_helix_1.i586]]>
</value>
<value instanceof="8">
</value>
<value instanceof="9">
<![CDATA[ A collection of themes for the sawfish window manager]]>
</value>
<value instanceof="10">
<![CDATA[ HelixCode Gnome distribs]]>
</value>
</value>
<value instanceof="11">
<value instanceof="6">
<![CDATA[ xmms-1.2.3-4mdk_helix_1.i586]]>
</value>
<value instanceof="8">
</value>
<value instanceof="9">
<![CDATA[ Audio player for the X Window System]]>
</value>
<value instanceof="10">
<![CDATA[ HelixCode Gnome distribs]]>
</value>
</value>
<value instanceof="11">
<value instanceof="6">
<![CDATA[ xmms-devel-1.2.3-4mdk_helix_1.i586]]>
</value>
<value instanceof="8">
</value>
<value instanceof="9">
<![CDATA[ XMMS - Static libraries and header files.]]>
</value>
<value instanceof="10">
<![CDATA[ HelixCode Gnome distribs]]>
</value>
</value>
<value instanceof="11">
<value instanceof="6">
<![CDATA[ xmms-esd-1.2.3-4mdk_helix_1.i586]]>
</value>
<value instanceof="8">
</value>
<value instanceof="9">
<![CDATA[ XMMS - Output plugin for use with the esound package.]]>
</value>
<value instanceof="10">
<![CDATA[ HelixCode Gnome distribs]]>
</value>
</value>
<value instanceof="11">
<value instanceof="6">
<![CDATA[ xmms-gnome-1.2.3-4mdk_helix_1.i586]]>
</value>
<value instanceof="8">
</value>
<value instanceof="9">
<![CDATA[ XMMS - applet for controlling xmms from the GNOME panel.]]>
</value>
<value instanceof="10">
<![CDATA[ HelixCode Gnome distribs]]>
</value>
</value>
<value instanceof="11">
<value instanceof="6">
<![CDATA[ xmms-mikmod-1.2.3-4mdk_helix_1.i586]]>
</value>
<value instanceof="8">
</value>
<value instanceof="9">
<![CDATA[ XMMS - Input plugin to play MODs.]]>
</value>
<value instanceof="10">
<![CDATA[ HelixCode Gnome distribs]]>
</value>
</value>
<value instanceof="11">
<value instanceof="6">
<![CDATA[ xsane-0.61-0mdk_helix_1.i586]]>
</value>
<value instanceof="8">
<value instanceof="7">
</value>
</value>
<value instanceof="9">
<![CDATA[ An X Window System front-end for the SANE scanner interface.]]>
</value>
<value instanceof="10">
<![CDATA[ HelixCode Gnome distribs]]>
</value>
</value>
<value instanceof="11">
<value instanceof="6">
<![CDATA[ xsane-gimp-0.61-0mdk_helix_1.i586]]>
</value>
<value instanceof="8">
<value instanceof="7">
</value>
</value>
<value instanceof="9">
<![CDATA[ A GIMP plugin which provides a scanner interface.]]>
</value>
<value instanceof="10">
<![CDATA[ HelixCode Gnome distribs]]>
</value>
</value>
</value>
</value>
</value>
<value instanceof="17">
<value instanceof="16">
</value>
</value>
<value instanceof="20">
<value instanceof="18">
</value>
</value>
</value>

