<value instanceof="21">
<value instanceof="3">
<![CDATA[ of Distribution Conectiva 4.0]]>
</value>
<value instanceof="4">
<value instanceof="0">
</value>
</value>
<value instanceof="5">
<![CDATA[ of Distribution Conectiva 4.0]]>
</value>
<value instanceof="14">
<value instanceof="13">
<value instanceof="12">
<value instanceof="11">
<value instanceof="6">
<![CDATA[ glade-0.5.0-2cl.i386]]>
</value>
<value instanceof="8">
</value>
<value instanceof="9">
<![CDATA[ Gtk+ GUI builder]]>
</value>
<value instanceof="10">
<![CDATA[ Conectiva Linux]]>
</value>
</value>
<value instanceof="11">
<value instanceof="6">
<![CDATA[ glade-0.5.0-2cl.i386]]>
</value>
<value instanceof="8">
</value>
<value instanceof="9">
<![CDATA[ Gtk+ GUI builder]]>
</value>
<value instanceof="10">
<![CDATA[ Conectiva Linux]]>
</value>
</value>
<value instanceof="11">
<value instanceof="6">
<![CDATA[ kalc-2.2.2-1.i386]]>
</value>
<value instanceof="8">
</value>
<value instanceof="9">
<![CDATA[ A programmable scientific RPN calculator]]>
</value>
<value instanceof="10">
<![CDATA[ SourceForge]]>
</value>
</value>
<value instanceof="11">
<value instanceof="6">
<![CDATA[ tksysv-1.0-6cl.noarch]]>
</value>
<value instanceof="8">
</value>
<value instanceof="9">
<![CDATA[ X/Tk based SYSV Runlevel Editor]]>
</value>
<value instanceof="10">
<![CDATA[ Conectiva Linux]]>
</value>
</value>
</value>
</value>
</value>
<value instanceof="17">
<value instanceof="16">
</value>
</value>
<value instanceof="20">
<value instanceof="18">
</value>
</value>
</value>

