<value instanceof="21">
<value instanceof="3">
<![CDATA[ of Distribution Late Night Compulsion]]>
</value>
<value instanceof="4">
<value instanceof="0">
</value>
</value>
<value instanceof="5">
<![CDATA[ of Distribution Late Night Compulsion]]>
</value>
<value instanceof="14">
<value instanceof="13">
<value instanceof="12">
<value instanceof="11">
<value instanceof="6">
<![CDATA[ prcs-1.2.3-3.i386]]>
</value>
<value instanceof="8">
</value>
<value instanceof="9">
<![CDATA[ Project Revision Control System]]>
</value>
<value instanceof="10">
<![CDATA[ Libc5 RedHat Contribs for i386]]>
</value>
</value>
<value instanceof="11">
<value instanceof="6">
<![CDATA[ wdiff-0.5-1.i386]]>
</value>
<value instanceof="8">
</value>
<value instanceof="9">
<![CDATA[ wdiff - display word differences between text files]]>
</value>
<value instanceof="10">
<![CDATA[ Libc5 RedHat Contribs for i386]]>
</value>
</value>
</value>
</value>
</value>
<value instanceof="17">
<value instanceof="16">
</value>
</value>
<value instanceof="20">
<value instanceof="18">
</value>
</value>
</value>

