<value instanceof="21">
<value instanceof="3">
<![CDATA[ of Distribution Helix GNOME 0.2.1 (for OpenLinux 2.4)]]>
</value>
<value instanceof="4">
</value>
<value instanceof="5">
<![CDATA[ of Distribution Helix GNOME 0.2.1 (for OpenLinux 2.4)]]>
</value>
<value instanceof="14">
<value instanceof="13">
<value instanceof="12">
<value instanceof="11">
<value instanceof="6">
<![CDATA[ abisuite-0.7.10-0_helix_1.i386]]>
</value>
<value instanceof="8">
</value>
<value instanceof="9">
<![CDATA[ Cross platform word processor]]>
</value>
<value instanceof="10">
<![CDATA[ HelixCode Gnome distribs]]>
</value>
</value>
<value instanceof="11">
<value instanceof="6">
<![CDATA[ audiofile-0.1.9-0_helix_1.i386]]>
</value>
<value instanceof="8">
</value>
<value instanceof="9">
<![CDATA[ Library to handle various audio file formats.]]>
</value>
<value instanceof="10">
<![CDATA[ HelixCode Gnome distribs]]>
</value>
</value>
<value instanceof="11">
<value instanceof="6">
<![CDATA[ audiofile-devel-0.1.9-0_helix_1.i386]]>
</value>
<value instanceof="8">
</value>
<value instanceof="9">
<![CDATA[ Libraries and headers for audiofile application development]]>
</value>
<value instanceof="10">
<![CDATA[ HelixCode Gnome distribs]]>
</value>
</value>
<value instanceof="11">
<value instanceof="6">
<![CDATA[ bug-buddy-1.0-0_helix_1.i386]]>
</value>
<value instanceof="8">
</value>
<value instanceof="9">
<![CDATA[ Utility to ease the reporting of bugs within the GNOME Desktop Environment.]]>
</value>
<value instanceof="10">
<![CDATA[ HelixCode Gnome distribs]]>
</value>
</value>
<value instanceof="11">
<value instanceof="6">
<![CDATA[ chkfontpath-1.7-0_helix_1.i386]]>
</value>
<value instanceof="8">
</value>
<value instanceof="9">
<![CDATA[ Simple interface for editing the font path for the X font server]]>
</value>
<value instanceof="10">
<![CDATA[ HelixCode Gnome distribs]]>
</value>
</value>
<value instanceof="11">
<value instanceof="6">
<![CDATA[ control-center-1.2.0-0_helix_1.i386]]>
</value>
<value instanceof="8">
</value>
<value instanceof="9">
<![CDATA[ The GNOME Control Center]]>
</value>
<value instanceof="10">
<![CDATA[ HelixCode Gnome distribs]]>
</value>
</value>
<value instanceof="11">
<value instanceof="6">
<![CDATA[ control-center-devel-1.2.0-0_helix_1.i386]]>
</value>
<value instanceof="8">
</value>
<value instanceof="9">
<![CDATA[ The GNOME Control Center development environment]]>
</value>
<value instanceof="10">
<![CDATA[ HelixCode Gnome distribs]]>
</value>
</value>
<value instanceof="11">
<value instanceof="6">
<![CDATA[ dia-0.85-0_helix_1.i386]]>
</value>
<value instanceof="8">
</value>
<value instanceof="9">
<![CDATA[ A GTK+ based diagram ceation program]]>
</value>
<value instanceof="10">
<![CDATA[ HelixCode Gnome distribs]]>
</value>
</value>
<value instanceof="11">
<value instanceof="6">
<![CDATA[ eog-0.3-0_helix_1.i386]]>
</value>
<value instanceof="8">
</value>
<value instanceof="9">
<![CDATA[ The Eye of GNOME image viewer]]>
</value>
<value instanceof="10">
<![CDATA[ HelixCode Gnome distribs]]>
</value>
</value>
<value instanceof="11">
<value instanceof="6">
<![CDATA[ gaim-0.9.20-0_helix_1.i386]]>
</value>
<value instanceof="8">
<value instanceof="7">
</value>
</value>
<value instanceof="9">
<![CDATA[ A client compatible with AOL's 'Instant Messenger']]>
</value>
<value instanceof="10">
<![CDATA[ HelixCode Gnome distribs]]>
</value>
</value>
<value instanceof="11">
<value instanceof="6">
<![CDATA[ gdk-pixbuf-0.8.0-0_helix_1.i386]]>
</value>
<value instanceof="8">
</value>
<value instanceof="9">
<![CDATA[ Image loading library used with GNOME]]>
</value>
<value instanceof="10">
<![CDATA[ HelixCode Gnome distribs]]>
</value>
</value>
</value>
</value>
<value instanceof="13">
<value instanceof="12">
<value instanceof="11">
<value instanceof="6">
<![CDATA[ gdk-pixbuf-devel-0.8.0-0_helix_1.i386]]>
</value>
<value instanceof="8">
</value>
<value instanceof="9">
<![CDATA[ Libraries and headers for application development with gdk-pixbuf]]>
</value>
<value instanceof="10">
<![CDATA[ HelixCode Gnome distribs]]>
</value>
</value>
<value instanceof="11">
<value instanceof="6">
<![CDATA[ gdm-2.0beta4-0_helix_6.i386]]>
</value>
<value instanceof="8">
<value instanceof="7">
</value>
</value>
<value instanceof="9">
<![CDATA[ The GNOME Display Manager]]>
</value>
<value instanceof="10">
<![CDATA[ HelixCode Gnome distribs]]>
</value>
</value>
<value instanceof="11">
<value instanceof="6">
<![CDATA[ gedit-0.9.0-0_helix_1.i386]]>
</value>
<value instanceof="8">
<value instanceof="7">
</value>
</value>
<value instanceof="9">
<![CDATA[ gEdit is a small but powerful text editor for GNOME.]]>
</value>
<value instanceof="10">
<![CDATA[ HelixCode Gnome distribs]]>
</value>
</value>
<value instanceof="11">
<value instanceof="6">
<![CDATA[ ggv-0.95-0_helix_1.i386]]>
</value>
<value instanceof="8">
</value>
<value instanceof="9">
<![CDATA[ The GNOME system monitor.]]>
</value>
<value instanceof="10">
<![CDATA[ HelixCode Gnome distribs]]>
</value>
</value>
<value instanceof="11">
<value instanceof="6">
<![CDATA[ gimp-1.1.24-0_helix_1.i386]]>
</value>
<value instanceof="8">
</value>
<value instanceof="9">
<![CDATA[ The GNU Image Manipulation Program]]>
</value>
<value instanceof="10">
<![CDATA[ HelixCode Gnome distribs]]>
</value>
</value>
<value instanceof="11">
<value instanceof="6">
<![CDATA[ gimp-devel-1.1.24-0_helix_1.i386]]>
</value>
<value instanceof="8">
</value>
<value instanceof="9">
<![CDATA[ GIMP plugin and extension development kit]]>
</value>
<value instanceof="10">
<![CDATA[ HelixCode Gnome distribs]]>
</value>
</value>
<value instanceof="11">
<value instanceof="6">
<![CDATA[ glade-0.5.9-0_helix_1.i386]]>
</value>
<value instanceof="8">
</value>
<value instanceof="9">
<![CDATA[ A GTK+ GUI builder.]]>
</value>
<value instanceof="10">
<![CDATA[ HelixCode Gnome distribs]]>
</value>
</value>
<value instanceof="11">
<value instanceof="6">
<![CDATA[ glib-1.2.8-0_helix_1.i386]]>
</value>
<value instanceof="8">
</value>
<value instanceof="9">
<![CDATA[ A library of handy utility functions.]]>
</value>
<value instanceof="10">
<![CDATA[ HelixCode Gnome distribs]]>
</value>
</value>
<value instanceof="11">
<value instanceof="6">
<![CDATA[ glib-devel-1.2.8-0_helix_1.i386]]>
</value>
<value instanceof="8">
</value>
<value instanceof="9">
<![CDATA[ The GIMP ToolKit (GTK+) and GIMP Drawing Kit (GDK) support library.]]>
</value>
<value instanceof="10">
<![CDATA[ HelixCode Gnome distribs]]>
</value>
</value>
<value instanceof="11">
<value instanceof="6">
<![CDATA[ gmc-4.5.51-0_helix_1.i386]]>
</value>
<value instanceof="8">
</value>
<value instanceof="9">
<![CDATA[ The GNOME version of the Midnight Commander file manager.]]>
</value>
<value instanceof="10">
<![CDATA[ HelixCode Gnome distribs]]>
</value>
</value>
<value instanceof="11">
<value instanceof="6">
<![CDATA[ gnapster-1.3.10-0_helix_1.i386]]>
</value>
<value instanceof="8">
</value>
<value instanceof="9">
<![CDATA[ A simple GNOME napster client]]>
</value>
<value instanceof="10">
<![CDATA[ HelixCode Gnome distribs]]>
</value>
</value>
<value instanceof="11">
<value instanceof="6">
<![CDATA[ gnome-libs-1.2.4-0_helix_1.i386]]>
</value>
<value instanceof="8">
<value instanceof="7">
</value>
</value>
<value instanceof="9">
<![CDATA[ Main GNOME libraries]]>
</value>
<value instanceof="10">
<![CDATA[ HelixCode Gnome distribs]]>
</value>
</value>
</value>
</value>
<value instanceof="13">
<value instanceof="12">
<value instanceof="11">
<value instanceof="6">
<![CDATA[ gnome-applets-1.2.1-0_helix_1.i386]]>
</value>
<value instanceof="8">
</value>
<value instanceof="9">
<![CDATA[ Small applications which embed themselves in the GNOME panel]]>
</value>
<value instanceof="10">
<![CDATA[ HelixCode Gnome distribs]]>
</value>
</value>
<value instanceof="11">
<value instanceof="6">
<![CDATA[ gnome-core-1.2.1-0_helix_1.i386]]>
</value>
<value instanceof="8">
</value>
<value instanceof="9">
<![CDATA[ The core programs for the GNOME GUI desktop environment.]]>
</value>
<value instanceof="10">
<![CDATA[ HelixCode Gnome distribs]]>
</value>
</value>
<value instanceof="11">
<value instanceof="6">
<![CDATA[ gnome-utils-1.2.1-0_helix_1.i386]]>
</value>
<value instanceof="8">
<value instanceof="7">
</value>
</value>
<value instanceof="9">
<![CDATA[ GNOME utility programs.]]>
</value>
<value instanceof="10">
<![CDATA[ HelixCode Gnome distribs]]>
</value>
</value>
<value instanceof="11">
<value instanceof="6">
<![CDATA[ gnome-games-1.2.0-0_helix_2.i386]]>
</value>
<value instanceof="8">
</value>
<value instanceof="9">
<![CDATA[ GNOME games]]>
</value>
<value instanceof="10">
<![CDATA[ HelixCode Gnome distribs]]>
</value>
</value>
<value instanceof="11">
<value instanceof="6">
<![CDATA[ gnome-media-1.2.0-0_helix_2.i386]]>
</value>
<value instanceof="8">
</value>
<value instanceof="9">
<![CDATA[ GNOME media programs.]]>
</value>
<value instanceof="10">
<![CDATA[ HelixCode Gnome distribs]]>
</value>
</value>
<value instanceof="11">
<value instanceof="6">
<![CDATA[ gnome-iconedit-1.2.0-0_helix_1.i386]]>
</value>
<value instanceof="8">
<value instanceof="7">
</value>
</value>
<value instanceof="9">
<![CDATA[ GNOME Icon Editor]]>
</value>
<value instanceof="10">
<![CDATA[ HelixCode Gnome distribs]]>
</value>
</value>
<value instanceof="11">
<value instanceof="6">
<![CDATA[ gnome-pim-1.2.0-0_helix_1.i386]]>
</value>
<value instanceof="8">
</value>
<value instanceof="9">
<![CDATA[ The GNOME Personal Information Manager]]>
</value>
<value instanceof="10">
<![CDATA[ HelixCode Gnome distribs]]>
</value>
</value>
<value instanceof="11">
<value instanceof="6">
<![CDATA[ gnome-print-0.20-0_helix_1.i386]]>
</value>
<value instanceof="8">
</value>
<value instanceof="9">
<![CDATA[ Printing libraries for GNOME]]>
</value>
<value instanceof="10">
<![CDATA[ HelixCode Gnome distribs]]>
</value>
</value>
<value instanceof="11">
<value instanceof="6">
<![CDATA[ gnome-pilot-0.1.52-0_helix_1.i386]]>
</value>
<value instanceof="8">
</value>
<value instanceof="9">
<![CDATA[ GNOME Pilot programs]]>
</value>
<value instanceof="10">
<![CDATA[ HelixCode Gnome distribs]]>
</value>
</value>
<value instanceof="11">
<value instanceof="6">
<![CDATA[ gnome-core-devel-1.2.1-0_helix_1.i386]]>
</value>
<value instanceof="8">
</value>
<value instanceof="9">
<![CDATA[ GNOME core libraries, headers and more.]]>
</value>
<value instanceof="10">
<![CDATA[ HelixCode Gnome distribs]]>
</value>
</value>
</value>
</value>
<value instanceof="13">
<value instanceof="12">
<value instanceof="11">
<value instanceof="6">
<![CDATA[ gnome-games-devel-1.2.0-0_helix_2.i386]]>
</value>
<value instanceof="8">
</value>
<value instanceof="9">
<![CDATA[ GNOME games development libraries.]]>
</value>
<value instanceof="10">
<![CDATA[ HelixCode Gnome distribs]]>
</value>
</value>
<value instanceof="11">
<value instanceof="6">
<![CDATA[ gnome-libs-devel-1.2.4-0_helix_1.i386]]>
</value>
<value instanceof="8">
<value instanceof="7">
</value>
</value>
<value instanceof="9">
<![CDATA[ Libraries and headers for GNOME application development]]>
</value>
<value instanceof="10">
<![CDATA[ HelixCode Gnome distribs]]>
</value>
</value>
<value instanceof="11">
<value instanceof="6">
<![CDATA[ gnome-pilot-devel-0.1.52-0_helix_1.i386]]>
</value>
<value instanceof="8">
</value>
<value instanceof="9">
<![CDATA[ GNOME pilot libraries, includes, etc]]>
</value>
<value instanceof="10">
<![CDATA[ HelixCode Gnome distribs]]>
</value>
</value>
<value instanceof="11">
<value instanceof="6">
<![CDATA[ gnome-pim-conduits-1.2.0-0_helix_1.i386]]>
</value>
<value instanceof="8">
</value>
<value instanceof="9">
<![CDATA[ Gnome Pilot conduits for GnomeCal and GnomeCard]]>
</value>
<value instanceof="10">
<![CDATA[ HelixCode Gnome distribs]]>
</value>
</value>
<value instanceof="11">
<value instanceof="6">
<![CDATA[ gnome-pim-devel-1.2.0-0_helix_1.i386]]>
</value>
<value instanceof="8">
</value>
<value instanceof="9">
<![CDATA[ GNOME PIM development files]]>
</value>
<value instanceof="10">
<![CDATA[ HelixCode Gnome distribs]]>
</value>
</value>
<value instanceof="11">
<value instanceof="6">
<![CDATA[ gnome-print-devel-0.20-0_helix_1.i386]]>
</value>
<value instanceof="8">
</value>
<value instanceof="9">
<![CDATA[ Libraries and include files for developing GNOME applications.]]>
</value>
<value instanceof="10">
<![CDATA[ HelixCode Gnome distribs]]>
</value>
</value>
<value instanceof="11">
<value instanceof="6">
<![CDATA[ gnome-users-guide-1.2-0_helix_1.i386]]>
</value>
<value instanceof="8">
<value instanceof="7">
</value>
</value>
<value instanceof="9">
<![CDATA[ The official Users Guide for GNOME]]>
</value>
<value instanceof="10">
<![CDATA[ HelixCode Gnome distribs]]>
</value>
</value>
<value instanceof="11">
<value instanceof="6">
<![CDATA[ gnomeicu-0.93-0_helix_1.i386]]>
</value>
<value instanceof="8">
</value>
<value instanceof="9">
<![CDATA[ GnomeICU is a clone of Mirabilis' popular ICQ written with GTK.]]>
</value>
<value instanceof="10">
<![CDATA[ HelixCode Gnome distribs]]>
</value>
</value>
<value instanceof="11">
<value instanceof="6">
<![CDATA[ gnumeric-0.56-0_helix_1.i386]]>
</value>
<value instanceof="8">
</value>
<value instanceof="9">
<![CDATA[ A full-featured spreadsheet for GNOME.]]>
</value>
<value instanceof="10">
<![CDATA[ HelixCode Gnome distribs]]>
</value>
</value>
<value instanceof="11">
<value instanceof="6">
<![CDATA[ gphoto-0.4.3-0_helix_1.i386]]>
</value>
<value instanceof="8">
</value>
<value instanceof="9">
<![CDATA[ gPhoto - the GNU Digital Camera Program]]>
</value>
<value instanceof="10">
<![CDATA[ HelixCode Gnome distribs]]>
</value>
</value>
<value instanceof="11">
<value instanceof="6">
<![CDATA[ grip-2.94-0_helix_1.i386]]>
</value>
<value instanceof="8">
</value>
<value instanceof="9">
<![CDATA[ Grip, a CD player and ripper/MP3-encoder front-end]]>
</value>
<value instanceof="10">
<![CDATA[ HelixCode Gnome distribs]]>
</value>
</value>
<value instanceof="11">
<value instanceof="6">
<![CDATA[ gtk-engines-0.10-0_helix_1.i386]]>
</value>
<value instanceof="8">
</value>
<value instanceof="9">
<![CDATA[ Themes for GTK]]>
</value>
<value instanceof="10">
<![CDATA[ HelixCode Gnome distribs]]>
</value>
</value>
<value instanceof="11">
<value instanceof="6">
<![CDATA[ gtk+-1.2.8-0_helix_1.i386]]>
</value>
<value instanceof="8">
</value>
<value instanceof="9">
<![CDATA[ The GIMP ToolKit (GTK+), a library for creating GUIs for X.]]>
</value>
<value instanceof="10">
<![CDATA[ HelixCode Gnome distribs]]>
</value>
</value>
</value>
</value>
<value instanceof="13">
<value instanceof="12">
<value instanceof="11">
<value instanceof="6">
<![CDATA[ gtk+-devel-1.2.8-0_helix_1.i386]]>
</value>
<value instanceof="8">
</value>
<value instanceof="9">
<![CDATA[ Development tools for GTK+ (GIMP ToolKit) applications.]]>
</value>
<value instanceof="10">
<![CDATA[ HelixCode Gnome distribs]]>
</value>
</value>
<value instanceof="11">
<value instanceof="6">
<![CDATA[ gtkmm-1.2.1-0_helix_2.i386]]>
</value>
<value instanceof="8">
</value>
<value instanceof="9">
<![CDATA[ A C++ interface for the GTK+ (a GUI library for X).]]>
</value>
<value instanceof="10">
<![CDATA[ HelixCode Gnome distribs]]>
</value>
</value>
<value instanceof="11">
<value instanceof="6">
<![CDATA[ gtkmm-devel-1.2.1-0_helix_2.i386]]>
</value>
<value instanceof="8">
</value>
<value instanceof="9">
<![CDATA[ Headers for developing programs that will use Gtk--.]]>
</value>
<value instanceof="10">
<![CDATA[ HelixCode Gnome distribs]]>
</value>
</value>
<value instanceof="11">
<value instanceof="6">
<![CDATA[ gtop-1.0.9-0_helix_1.i386]]>
</value>
<value instanceof="8">
<value instanceof="7">
</value>
</value>
<value instanceof="9">
<![CDATA[ The GNOME system monitor.]]>
</value>
<value instanceof="10">
<![CDATA[ HelixCode Gnome distribs]]>
</value>
</value>
<value instanceof="11">
<value instanceof="6">
<![CDATA[ guile-1.3-0_helix_1.i386]]>
</value>
<value instanceof="8">
</value>
<value instanceof="9">
<![CDATA[ A GNU implementation of Scheme for application extensibility.]]>
</value>
<value instanceof="10">
<![CDATA[ HelixCode Gnome distribs]]>
</value>
</value>
<value instanceof="11">
<value instanceof="6">
<![CDATA[ guile-devel-1.3-0_helix_1.i386]]>
</value>
<value instanceof="8">
</value>
<value instanceof="9">
<![CDATA[ The libraries and header files for the GUILE extensibility library.]]>
</value>
<value instanceof="10">
<![CDATA[ HelixCode Gnome distribs]]>
</value>
</value>
<value instanceof="11">
<value instanceof="6">
<![CDATA[ helix-update-0.5-1_helix_7.i386]]>
</value>
<value instanceof="8">
</value>
<value instanceof="9">
<![CDATA[ The Helix GNOME distribution updater]]>
</value>
<value instanceof="10">
<![CDATA[ HelixCode Gnome distribs]]>
</value>
</value>
<value instanceof="11">
<value instanceof="6">
<![CDATA[ imlib-1.9.8.1-0_helix_1.i386]]>
</value>
<value instanceof="8">
</value>
<value instanceof="9">
<![CDATA[ An image loading and rendering library for X11R6]]>
</value>
<value instanceof="10">
<![CDATA[ HelixCode Gnome distribs]]>
</value>
</value>
<value instanceof="11">
<value instanceof="6">
<![CDATA[ imlib-cfgeditor-1.9.8.1-0_helix_1.i386]]>
</value>
<value instanceof="8">
</value>
<value instanceof="9">
<![CDATA[ A configuration editor for the Imlib library.]]>
</value>
<value instanceof="10">
<![CDATA[ HelixCode Gnome distribs]]>
</value>
</value>
<value instanceof="11">
<value instanceof="6">
<![CDATA[ imlib-devel-1.9.8.1-0_helix_1.i386]]>
</value>
<value instanceof="8">
</value>
<value instanceof="9">
<![CDATA[ Development tools for Imlib applications.]]>
</value>
<value instanceof="10">
<![CDATA[ HelixCode Gnome distribs]]>
</value>
</value>
<value instanceof="11">
<value instanceof="6">
<![CDATA[ libglade-0.14-0_helix_1.i386]]>
</value>
<value instanceof="8">
<value instanceof="7">
</value>
</value>
<value instanceof="9">
<![CDATA[ The libglade library for loading user interfaces.]]>
</value>
<value instanceof="10">
<![CDATA[ HelixCode Gnome distribs]]>
</value>
</value>
<value instanceof="11">
<value instanceof="6">
<![CDATA[ libglade-devel-0.14-0_helix_1.i386]]>
</value>
<value instanceof="8">
<value instanceof="7">
</value>
</value>
<value instanceof="9">
<![CDATA[ The files needed for libglade application development.]]>
</value>
<value instanceof="10">
<![CDATA[ HelixCode Gnome distribs]]>
</value>
</value>
<value instanceof="11">
<value instanceof="6">
<![CDATA[ libgtop-1.0.9-0_helix_1.i386]]>
</value>
<value instanceof="8">
<value instanceof="7">
</value>
</value>
<value instanceof="9">
<![CDATA[ The LibGTop library]]>
</value>
<value instanceof="10">
<![CDATA[ HelixCode Gnome distribs]]>
</value>
</value>
</value>
</value>
<value instanceof="13">
<value instanceof="12">
<value instanceof="11">
<value instanceof="6">
<![CDATA[ libgtop-devel-1.0.9-0_helix_1.i386]]>
</value>
<value instanceof="8">
<value instanceof="7">
</value>
</value>
<value instanceof="9">
<![CDATA[ Libraries, includes and other files to develop LibGTop applications.]]>
</value>
<value instanceof="10">
<![CDATA[ HelixCode Gnome distribs]]>
</value>
</value>
<value instanceof="11">
<value instanceof="6">
<![CDATA[ librep-0.12.3-0_helix_2.i386]]>
</value>
<value instanceof="8">
<value instanceof="7">
</value>
</value>
<value instanceof="9">
<![CDATA[ embeddable LISP environment]]>
</value>
<value instanceof="10">
<![CDATA[ HelixCode Gnome distribs]]>
</value>
</value>
<value instanceof="11">
<value instanceof="6">
<![CDATA[ librep-devel-0.12.3-0_helix_2.i386]]>
</value>
<value instanceof="8">
<value instanceof="7">
</value>
</value>
<value instanceof="9">
<![CDATA[ librep include files and link libraries]]>
</value>
<value instanceof="10">
<![CDATA[ HelixCode Gnome distribs]]>
</value>
</value>
<value instanceof="11">
<value instanceof="6">
<![CDATA[ libsigc++-1.0.1-0_helix_1.i386]]>
</value>
<value instanceof="8">
</value>
<value instanceof="9">
<![CDATA[ The Typesafe Signal Framework for C++]]>
</value>
<value instanceof="10">
<![CDATA[ HelixCode Gnome distribs]]>
</value>
</value>
<value instanceof="11">
<value instanceof="6">
<![CDATA[ libsigc++-devel-1.0.1-0_helix_1.i386]]>
</value>
<value instanceof="8">
</value>
<value instanceof="9">
<![CDATA[ development tools for the Typesafe Signal Framework for C++]]>
</value>
<value instanceof="10">
<![CDATA[ HelixCode Gnome distribs]]>
</value>
</value>
<value instanceof="11">
<value instanceof="6">
<![CDATA[ libsigc++-examples-1.0.1-0_helix_1.i386]]>
</value>
<value instanceof="8">
</value>
<value instanceof="9">
<![CDATA[ examples and tests for the Typesafe Signal Framework for C++]]>
</value>
<value instanceof="10">
<![CDATA[ HelixCode Gnome distribs]]>
</value>
</value>
<value instanceof="11">
<value instanceof="6">
<![CDATA[ libungif-4.1.0-0_helix_1.i386]]>
</value>
<value instanceof="8">
</value>
<value instanceof="9">
<![CDATA[ A library for manipulating GIF format image files.]]>
</value>
<value instanceof="10">
<![CDATA[ HelixCode Gnome distribs]]>
</value>
</value>
<value instanceof="11">
<value instanceof="6">
<![CDATA[ libungif-devel-4.1.0-0_helix_1.i386]]>
</value>
<value instanceof="8">
</value>
<value instanceof="9">
<![CDATA[ Development tools for programs which will use the libungif library.]]>
</value>
<value instanceof="10">
<![CDATA[ HelixCode Gnome distribs]]>
</value>
</value>
<value instanceof="11">
<value instanceof="6">
<![CDATA[ libungif-progs-4.1.0-0_helix_1.i386]]>
</value>
<value instanceof="8">
</value>
<value instanceof="9">
<![CDATA[ Programs for manipulating GIF format image files.]]>
</value>
<value instanceof="10">
<![CDATA[ HelixCode Gnome distribs]]>
</value>
</value>
<value instanceof="11">
<value instanceof="6">
<![CDATA[ libxml-1.8.9-0_helix_1.i386]]>
</value>
<value instanceof="8">
<value instanceof="7">
</value>
</value>
<value instanceof="9">
<![CDATA[ An XML libtary]]>
</value>
<value instanceof="10">
<![CDATA[ HelixCode Gnome distribs]]>
</value>
</value>
<value instanceof="11">
<value instanceof="6">
<![CDATA[ libxml-devel-1.8.9-0_helix_1.i386]]>
</value>
<value instanceof="8">
<value instanceof="7">
</value>
</value>
<value instanceof="9">
<![CDATA[ Libraries, includes and other files to develop libxml applications.]]>
</value>
<value instanceof="10">
<![CDATA[ HelixCode Gnome distribs]]>
</value>
</value>
<value instanceof="11">
<value instanceof="6">
<![CDATA[ mc-4.5.51-0_helix_1.i386]]>
</value>
<value instanceof="8">
</value>
<value instanceof="9">
<![CDATA[ A user-friendly file manager and visual shell.]]>
</value>
<value instanceof="10">
<![CDATA[ HelixCode Gnome distribs]]>
</value>
</value>
<value instanceof="11">
<value instanceof="6">
<![CDATA[ memprof-0.4.0-0_helix_1.i386]]>
</value>
<value instanceof="8">
<value instanceof="7">
</value>
</value>
<value instanceof="9">
<![CDATA[ Tool for memory profiling and leak detection]]>
</value>
<value instanceof="10">
<![CDATA[ HelixCode Gnome distribs]]>
</value>
</value>
<value instanceof="11">
<value instanceof="6">
<![CDATA[ ORBit-0.5.2-0_helix_2.i386]]>
</value>
<value instanceof="8">
<value instanceof="7">
</value>
</value>
<value instanceof="9">
<![CDATA[ A high-performance CORBA Object Request Broker.]]>
</value>
<value instanceof="10">
<![CDATA[ HelixCode Gnome distribs]]>
</value>
</value>
</value>
</value>
<value instanceof="13">
<value instanceof="12">
<value instanceof="11">
<value instanceof="6">
<![CDATA[ ORBit-devel-0.5.2-0_helix_2.i386]]>
</value>
<value instanceof="8">
<value instanceof="7">
</value>
</value>
<value instanceof="9">
<![CDATA[ Development libraries, header files and utilities for ORBit.]]>
</value>
<value instanceof="10">
<![CDATA[ HelixCode Gnome distribs]]>
</value>
</value>
<value instanceof="11">
<value instanceof="6">
<![CDATA[ pan-0.8.0-0_helix_1.i386]]>
</value>
<value instanceof="8">
</value>
<value instanceof="9">
<![CDATA[ A USENET newsreader for GNOME]]>
</value>
<value instanceof="10">
<![CDATA[ HelixCode Gnome distribs]]>
</value>
</value>
<value instanceof="11">
<value instanceof="6">
<![CDATA[ pilot-link-0.9.3-2_helix_1.i386]]>
</value>
<value instanceof="8">
</value>
<value instanceof="9">
<![CDATA[ PalmPilot link utilities]]>
</value>
<value instanceof="10">
<![CDATA[ HelixCode Gnome distribs]]>
</value>
</value>
<value instanceof="11">
<value instanceof="6">
<![CDATA[ pilot-link-devel-0.9.3-2_helix_1.i386]]>
</value>
<value instanceof="8">
</value>
<value instanceof="9">
<![CDATA[ Pilot development header files.]]>
</value>
<value instanceof="10">
<![CDATA[ HelixCode Gnome distribs]]>
</value>
</value>
<value instanceof="11">
<value instanceof="6">
<![CDATA[ popt-1.5-0_helix_1.i386]]>
</value>
<value instanceof="8">
</value>
<value instanceof="9">
<![CDATA[ A C library for parsing command line parameters.]]>
</value>
<value instanceof="10">
<![CDATA[ HelixCode Gnome distribs]]>
</value>
</value>
<value instanceof="11">
<value instanceof="6">
<![CDATA[ pygnome-1.0.53-0_helix_2.i386]]>
</value>
<value instanceof="8">
<value instanceof="7">
</value>
</value>
<value instanceof="9">
<![CDATA[ Python bindings for the GNOME libraries.]]>
</value>
<value instanceof="10">
<![CDATA[ HelixCode Gnome distribs]]>
</value>
</value>
<value instanceof="11">
<value instanceof="6">
<![CDATA[ pygnome-applet-1.0.53-0_helix_2.i386]]>
</value>
<value instanceof="8">
<value instanceof="7">
</value>
</value>
<value instanceof="9">
<![CDATA[ Python bindings for GNOME Panel applets.]]>
</value>
<value instanceof="10">
<![CDATA[ HelixCode Gnome distribs]]>
</value>
</value>
<value instanceof="11">
<value instanceof="6">
<![CDATA[ pygnome-capplet-1.0.53-0_helix_2.i386]]>
</value>
<value instanceof="8">
<value instanceof="7">
</value>
</value>
<value instanceof="9">
<![CDATA[ Python bindings for GNOME Panel applets.]]>
</value>
<value instanceof="10">
<![CDATA[ HelixCode Gnome distribs]]>
</value>
</value>
<value instanceof="11">
<value instanceof="6">
<![CDATA[ pygnome-libglade-1.0.53-0_helix_2.i386]]>
</value>
<value instanceof="8">
<value instanceof="7">
</value>
</value>
<value instanceof="9">
<![CDATA[ GNOME support for the libglade python wrapper]]>
</value>
<value instanceof="10">
<![CDATA[ HelixCode Gnome distribs]]>
</value>
</value>
<value instanceof="11">
<value instanceof="6">
<![CDATA[ pygtk-0.6.6-0_helix_2.i386]]>
</value>
<value instanceof="8">
<value instanceof="7">
</value>
</value>
<value instanceof="9">
<![CDATA[ Python bindings for the GTK+ widget set.]]>
</value>
<value instanceof="10">
<![CDATA[ HelixCode Gnome distribs]]>
</value>
</value>
<value instanceof="11">
<value instanceof="6">
<![CDATA[ pygtk-libglade-0.6.6-0_helix_2.i386]]>
</value>
<value instanceof="8">
<value instanceof="7">
</value>
</value>
<value instanceof="9">
<![CDATA[ A wrapper for the libglade library for use with PyGTK]]>
</value>
<value instanceof="10">
<![CDATA[ HelixCode Gnome distribs]]>
</value>
</value>
<value instanceof="11">
<value instanceof="6">
<![CDATA[ rep-gtk-0.13-0_helix_1.i386]]>
</value>
<value instanceof="8">
<value instanceof="7">
</value>
</value>
<value instanceof="9">
<![CDATA[ GTK+ binding for librep Lisp environment]]>
</value>
<value instanceof="10">
<![CDATA[ HelixCode Gnome distribs]]>
</value>
</value>
<value instanceof="11">
<value instanceof="6">
<![CDATA[ rep-gtk-gnome-0.13-0_helix_1.i386]]>
</value>
<value instanceof="8">
<value instanceof="7">
</value>
</value>
<value instanceof="9">
<![CDATA[ GNOME binding for librep]]>
</value>
<value instanceof="10">
<![CDATA[ HelixCode Gnome distribs]]>
</value>
</value>
</value>
</value>
<value instanceof="13">
<value instanceof="12">
<value instanceof="11">
<value instanceof="6">
<![CDATA[ rep-gtk-libglade-0.13-0_helix_1.i386]]>
</value>
<value instanceof="8">
<value instanceof="7">
</value>
</value>
<value instanceof="9">
<![CDATA[ librep binding for the libglade library for loading user interfaces.]]>
</value>
<value instanceof="10">
<![CDATA[ HelixCode Gnome distribs]]>
</value>
</value>
<value instanceof="11">
<value instanceof="6">
<![CDATA[ sawfish-0.30.2-0_helix_1.i386]]>
</value>
<value instanceof="8">
<value instanceof="7">
</value>
</value>
<value instanceof="9">
<![CDATA[ a highly configurable and extensible X11 window manager]]>
</value>
<value instanceof="10">
<![CDATA[ HelixCode Gnome distribs]]>
</value>
</value>
<value instanceof="11">
<value instanceof="6">
<![CDATA[ sawfish-themer-0.30.2-0_helix_1.i386]]>
</value>
<value instanceof="8">
<value instanceof="7">
</value>
</value>
<value instanceof="9">
<![CDATA[ GUI for creating sawfish themes]]>
</value>
<value instanceof="10">
<![CDATA[ HelixCode Gnome distribs]]>
</value>
</value>
<value instanceof="11">
<value instanceof="6">
<![CDATA[ sawfish-themes-0.2-0_helix_1.i386]]>
</value>
<value instanceof="8">
<value instanceof="7">
</value>
</value>
<value instanceof="9">
<![CDATA[ A collection of themes for the sawfish window manager]]>
</value>
<value instanceof="10">
<![CDATA[ HelixCode Gnome distribs]]>
</value>
</value>
<value instanceof="11">
<value instanceof="6">
<![CDATA[ urw-fonts-1.1-0_helix_2.i386]]>
</value>
<value instanceof="8">
</value>
<value instanceof="9">
<![CDATA[ Fonts for gnome-print]]>
</value>
<value instanceof="10">
<![CDATA[ HelixCode Gnome distribs]]>
</value>
</value>
<value instanceof="11">
<value instanceof="6">
<![CDATA[ xchat-1.4.2-0_helix_1.i386]]>
</value>
<value instanceof="8">
</value>
<value instanceof="9">
<![CDATA[ A GTK+ Internet Relay Chat (IRC) client]]>
</value>
<value instanceof="10">
<![CDATA[ HelixCode Gnome distribs]]>
</value>
</value>
<value instanceof="11">
<value instanceof="6">
<![CDATA[ xmms-1.2.2-0_helix_1.i386]]>
</value>
<value instanceof="8">
<value instanceof="7">
</value>
</value>
<value instanceof="9">
<![CDATA[ XMMS - Multimedia player for the X Window System.]]>
</value>
<value instanceof="10">
<![CDATA[ HelixCode Gnome distribs]]>
</value>
</value>
<value instanceof="11">
<value instanceof="6">
<![CDATA[ xmms-devel-1.2.2-0_helix_1.i386]]>
</value>
<value instanceof="8">
<value instanceof="7">
</value>
</value>
<value instanceof="9">
<![CDATA[ XMMS - Static libraries and header files.]]>
</value>
<value instanceof="10">
<![CDATA[ HelixCode Gnome distribs]]>
</value>
</value>
<value instanceof="11">
<value instanceof="6">
<![CDATA[ xmms-esd-1.2.2-0_helix_1.i386]]>
</value>
<value instanceof="8">
<value instanceof="7">
</value>
</value>
<value instanceof="9">
<![CDATA[ XMMS - Output plugin for use with the esound package.]]>
</value>
<value instanceof="10">
<![CDATA[ HelixCode Gnome distribs]]>
</value>
</value>
<value instanceof="11">
<value instanceof="6">
<![CDATA[ xmms-gnome-1.2.2-0_helix_1.i386]]>
</value>
<value instanceof="8">
<value instanceof="7">
</value>
</value>
<value instanceof="9">
<![CDATA[ XMMS - applet for controlling xmms from the GNOME panel.]]>
</value>
<value instanceof="10">
<![CDATA[ HelixCode Gnome distribs]]>
</value>
</value>
<value instanceof="11">
<value instanceof="6">
<![CDATA[ xmms-mikmod-1.2.2-0_helix_1.i386]]>
</value>
<value instanceof="8">
<value instanceof="7">
</value>
</value>
<value instanceof="9">
<![CDATA[ XMMS - Input plugin to play MODs.]]>
</value>
<value instanceof="10">
<![CDATA[ HelixCode Gnome distribs]]>
</value>
</value>
<value instanceof="11">
<value instanceof="6">
<![CDATA[ xscreensaver-3.24-0_helix_1.i386]]>
</value>
<value instanceof="8">
</value>
<value instanceof="9">
<![CDATA[ A set of X Window System screensavers.]]>
</value>
<value instanceof="10">
<![CDATA[ HelixCode Gnome distribs]]>
</value>
</value>
<value instanceof="11">
<value instanceof="6">
<![CDATA[ xscreensaver-gl-3.24-0_helix_1.i386]]>
</value>
<value instanceof="8">
</value>
<value instanceof="9">
<![CDATA[ A set of GL screensavers]]>
</value>
<value instanceof="10">
<![CDATA[ HelixCode Gnome distribs]]>
</value>
</value>
</value>
</value>
</value>
<value instanceof="17">
<value instanceof="15">
</value>
</value>
<value instanceof="20">
<value instanceof="19">
</value>
</value>
</value>

