<value instanceof="21">
<value instanceof="3">
<![CDATA[ of Distribution Unix/Linux]]>
</value>
<value instanceof="4">
</value>
<value instanceof="5">
<![CDATA[ of Distribution Unix/Linux]]>
</value>
<value instanceof="14">
<value instanceof="13">
<value instanceof="12">
<value instanceof="11">
<value instanceof="6">
<![CDATA[ eznet-1.11.1-1.i386]]>
</value>
<value instanceof="8">
</value>
<value instanceof="9">
<![CDATA[ EZnet ppp connection manager]]>
</value>
<value instanceof="10">
<![CDATA[ Libc6 Contribs for i386]]>
</value>
</value>
<value instanceof="11">
<value instanceof="6">
<![CDATA[ kpackviewer-0.62-1.i386]]>
</value>
<value instanceof="8">
</value>
<value instanceof="9">
<![CDATA[ KPackViewer is a Kde unix package viewer]]>
</value>
<value instanceof="10">
<![CDATA[ Libc6 Contribs for i386]]>
</value>
</value>
<value instanceof="11">
<value instanceof="6">
<![CDATA[ xeznet-1.8-1.i386]]>
</value>
<value instanceof="8">
</value>
<value instanceof="9">
<![CDATA[ XEZnet GUI for EZnet]]>
</value>
<value instanceof="10">
<![CDATA[ Libc5 RedHat Contribs for i386]]>
</value>
</value>
</value>
</value>
</value>
<value instanceof="17">
<value instanceof="15">
</value>
</value>
<value instanceof="20">
<value instanceof="19">
</value>
</value>
</value>

