<value instanceof="21">
<value instanceof="3">
<![CDATA[ of Distribution linux-2.2 glibc21]]>
</value>
<value instanceof="4">
</value>
<value instanceof="5">
<![CDATA[ of Distribution linux-2.2 glibc21]]>
</value>
<value instanceof="14">
<value instanceof="13">
<value instanceof="12">
<value instanceof="11">
<value instanceof="6">
<![CDATA[ cpp-2.95.1-3.i386]]>
</value>
<value instanceof="8">
</value>
<value instanceof="9">
<![CDATA[ The C Preprocessor.]]>
</value>
<value instanceof="10">
<![CDATA[ Libc6 Contribs for i386]]>
</value>
</value>
<value instanceof="11">
<value instanceof="6">
<![CDATA[ dhcpcd-1.3.17-pl2-1.i686]]>
</value>
<value instanceof="8">
</value>
<value instanceof="9">
<![CDATA[ DHCPC Daemon]]>
</value>
<value instanceof="10">
<![CDATA[ Libc5 RedHat Contribs for i386]]>
</value>
</value>
<value instanceof="11">
<value instanceof="6">
<![CDATA[ gcc-2.95.1-3.i386]]>
</value>
<value instanceof="8">
</value>
<value instanceof="9">
<![CDATA[ gcc compilation system]]>
</value>
<value instanceof="10">
<![CDATA[ Libc6 Contribs for i386]]>
</value>
</value>
<value instanceof="11">
<value instanceof="6">
<![CDATA[ gcc-c++-2.95.1-3.i386]]>
</value>
<value instanceof="8">
</value>
<value instanceof="9">
<![CDATA[ C++ support for gcc]]>
</value>
<value instanceof="10">
<![CDATA[ Libc6 Contribs for i386]]>
</value>
</value>
<value instanceof="11">
<value instanceof="6">
<![CDATA[ gcc-chill-2.95.1-3.i386]]>
</value>
<value instanceof="8">
</value>
<value instanceof="9">
<![CDATA[ CHILL support for gcc]]>
</value>
<value instanceof="10">
<![CDATA[ Libc6 Contribs for i386]]>
</value>
</value>
<value instanceof="11">
<value instanceof="6">
<![CDATA[ gcc-g77-2.95.1-3.i386]]>
</value>
<value instanceof="8">
</value>
<value instanceof="9">
<![CDATA[ Fortran 77 support for gcc]]>
</value>
<value instanceof="10">
<![CDATA[ Libc6 Contribs for i386]]>
</value>
</value>
<value instanceof="11">
<value instanceof="6">
<![CDATA[ gcc-java-2.95.1-3.i386]]>
</value>
<value instanceof="8">
</value>
<value instanceof="9">
<![CDATA[ Java support for gcc]]>
</value>
<value instanceof="10">
<![CDATA[ Libc6 Contribs for i386]]>
</value>
</value>
<value instanceof="11">
<value instanceof="6">
<![CDATA[ gcc-objc-2.95.1-3.i386]]>
</value>
<value instanceof="8">
</value>
<value instanceof="9">
<![CDATA[ Objective C support for gcc]]>
</value>
<value instanceof="10">
<![CDATA[ Libc6 Contribs for i386]]>
</value>
</value>
<value instanceof="11">
<value instanceof="6">
<![CDATA[ gcc-libgcj-2.95-4.i386]]>
</value>
<value instanceof="8">
</value>
<value instanceof="9">
<![CDATA[ Java runtime library for gcc]]>
</value>
<value instanceof="10">
<![CDATA[ Libc6 Contribs for i386]]>
</value>
</value>
<value instanceof="11">
<value instanceof="6">
<![CDATA[ libgcj-2.95.1-3.i386]]>
</value>
<value instanceof="8">
</value>
<value instanceof="9">
<![CDATA[ Java runtime library for gcc]]>
</value>
<value instanceof="10">
<![CDATA[ Libc6 Contribs for i386]]>
</value>
</value>
<value instanceof="11">
<value instanceof="6">
<![CDATA[ libstdc++-2.95.1_2.10.0-3.i386]]>
</value>
<value instanceof="8">
</value>
<value instanceof="9">
<![CDATA[ GNU c++ library]]>
</value>
<value instanceof="10">
<![CDATA[ Libc6 Contribs for i386]]>
</value>
</value>
<value instanceof="11">
<value instanceof="6">
<![CDATA[ libstdc++-compat-2.95-2.i386]]>
</value>
<value instanceof="8">
</value>
<value instanceof="9">
<![CDATA[ GNU old c++ library]]>
</value>
<value instanceof="10">
<![CDATA[ Libc6 Contribs for i386]]>
</value>
</value>
<value instanceof="11">
<value instanceof="6">
<![CDATA[ libstdc++-devel-2.95-2.i386]]>
</value>
<value instanceof="8">
</value>
<value instanceof="9">
<![CDATA[ Header files and libraries for C++ development]]>
</value>
<value instanceof="10">
<![CDATA[ Libc6 Contribs for i386]]>
</value>
</value>
<value instanceof="11">
<value instanceof="6">
<![CDATA[ plp-4.1.2-1.i386]]>
</value>
<value instanceof="8">
</value>
<value instanceof="9">
<![CDATA[ PLP Printing Package]]>
</value>
<value instanceof="10">
<![CDATA[ Libc6 Contribs for i386]]>
</value>
</value>
</value>
</value>
</value>
<value instanceof="17">
<value instanceof="15">
</value>
</value>
<value instanceof="20">
<value instanceof="19">
</value>
</value>
</value>

