<value instanceof="21">
<value instanceof="3">
<![CDATA[ shipped by marcsoft@magic.metawire.com]]>
</value>
<value instanceof="4">
</value>
<value instanceof="5">
<![CDATA[ shipped by marcsoft@magic.metawire.com]]>
</value>
<value instanceof="14">
<value instanceof="13">
<value instanceof="12">
<value instanceof="11">
<value instanceof="6">
<![CDATA[ scsidev-1.5-3.i386]]>
</value>
<value instanceof="8">
</value>
<value instanceof="9">
<![CDATA[ scsidev - Lets you access your SCSI devices easily]]>
</value>
<value instanceof="10">
<![CDATA[ Libc6 Contribs for i386]]>
</value>
</value>
<value instanceof="11">
<value instanceof="6">
<![CDATA[ sendmail-cf-8.9.1-6.i386]]>
</value>
<value instanceof="8">
</value>
<value instanceof="9">
<![CDATA[ sendmail configuration files and m4 macros]]>
</value>
<value instanceof="10">
<![CDATA[ Libc5 RedHat Contribs for i386]]>
</value>
</value>
<value instanceof="11">
<value instanceof="6">
<![CDATA[ sendmail-config-8.9.1-6.i386]]>
</value>
<value instanceof="8">
</value>
<value instanceof="9">
<![CDATA[ Configuration files for sendmail]]>
</value>
<value instanceof="10">
<![CDATA[ Libc5 RedHat Contribs for i386]]>
</value>
</value>
<value instanceof="11">
<value instanceof="6">
<![CDATA[ sendmail-doc-8.9.1-6.i386]]>
</value>
<value instanceof="8">
</value>
<value instanceof="9">
<![CDATA[ sendmail documentation]]>
</value>
<value instanceof="10">
<![CDATA[ Libc5 RedHat Contribs for i386]]>
</value>
</value>
</value>
</value>
</value>
<value instanceof="17">
<value instanceof="15">
</value>
</value>
<value instanceof="20">
<value instanceof="19">
</value>
</value>
</value>

