<value instanceof="21">
<value instanceof="3">
<![CDATA[ of Distribution contrib]]>
</value>
<value instanceof="4">
</value>
<value instanceof="5">
<![CDATA[ of Distribution contrib]]>
</value>
<value instanceof="14">
<value instanceof="13">
<value instanceof="12">
<value instanceof="11">
<value instanceof="6">
<![CDATA[ dozer-0.7.2b-1.i386]]>
</value>
<value instanceof="8">
</value>
<value instanceof="9">
<![CDATA[ No summary !]]>
</value>
<value instanceof="10">
<![CDATA[ Libc5 RedHat Contribs for i386]]>
</value>
</value>
<value instanceof="11">
<value instanceof="6">
<![CDATA[ ewhost-980903-1.i386]]>
</value>
<value instanceof="8">
</value>
<value instanceof="9">
<![CDATA[ ewhost contains an improved version of 'host'.]]>
</value>
<value instanceof="10">
<![CDATA[ Libc6 Contribs for i386]]>
</value>
</value>
<value instanceof="11">
<value instanceof="6">
<![CDATA[ ewhost-980531-1.i386]]>
</value>
<value instanceof="8">
</value>
<value instanceof="9">
<![CDATA[ ewhost contains an improved version of 'host'.]]>
</value>
<value instanceof="10">
<![CDATA[ Libc5 RedHat Contribs for i386]]>
</value>
</value>
<value instanceof="11">
<value instanceof="6">
<![CDATA[ ewping-980831-1.i386]]>
</value>
<value instanceof="8">
</value>
<value instanceof="9">
<![CDATA[ ewping contains an improved version of 'ping'.]]>
</value>
<value instanceof="10">
<![CDATA[ Libc6 Contribs for i386]]>
</value>
</value>
<value instanceof="11">
<value instanceof="6">
<![CDATA[ ewping-980228-1.i386]]>
</value>
<value instanceof="8">
</value>
<value instanceof="9">
<![CDATA[ ewping contains an improved version of 'ping'.]]>
</value>
<value instanceof="10">
<![CDATA[ Libc5 RedHat Contribs for i386]]>
</value>
</value>
<value instanceof="11">
<value instanceof="6">
<![CDATA[ ewtraceroute-980831-1.i386]]>
</value>
<value instanceof="8">
</value>
<value instanceof="9">
<![CDATA[ ewtraceroute contains an improved version of 'traceroute'.]]>
</value>
<value instanceof="10">
<![CDATA[ Libc6 Contribs for i386]]>
</value>
</value>
<value instanceof="11">
<value instanceof="6">
<![CDATA[ ewtraceroute-980228-1.i386]]>
</value>
<value instanceof="8">
</value>
<value instanceof="9">
<![CDATA[ ewtraceroute contains an improved version of 'traceroute'.]]>
</value>
<value instanceof="10">
<![CDATA[ Libc5 RedHat Contribs for i386]]>
</value>
</value>
<value instanceof="11">
<value instanceof="6">
<![CDATA[ ewvrfy-971114-1.i386]]>
</value>
<value instanceof="8">
</value>
<value instanceof="9">
<![CDATA[ ewvrfy contains 'vrfy' that checks email addresses and mailing lists.]]>
</value>
<value instanceof="10">
<![CDATA[ Libc5 RedHat Contribs for i386]]>
</value>
</value>
<value instanceof="11">
<value instanceof="6">
<![CDATA[ knews-0.9.8-3.i386]]>
</value>
<value instanceof="8">
</value>
<value instanceof="9">
<![CDATA[ No summary !]]>
</value>
<value instanceof="10">
<![CDATA[ Libc5 RedHat Contribs for i386]]>
</value>
</value>
<value instanceof="11">
<value instanceof="6">
<![CDATA[ knews-daemon-0.9.8-3.i386]]>
</value>
<value instanceof="8">
</value>
<value instanceof="9">
<![CDATA[]]>
</value>
<value instanceof="10">
<![CDATA[ Libc5 RedHat Contribs for i386]]>
</value>
</value>
<value instanceof="11">
<value instanceof="6">
<![CDATA[ tiff-3.4beta035-1.i386]]>
</value>
<value instanceof="8">
</value>
<value instanceof="9">
<![CDATA[ No summary !]]>
</value>
<value instanceof="10">
<![CDATA[ Libc5 RedHat Contribs for i386]]>
</value>
</value>
</value>
</value>
<value instanceof="13">
<value instanceof="12">
</value>
</value>
</value>
<value instanceof="17">
<value instanceof="15">
</value>
</value>
<value instanceof="20">
<value instanceof="19">
</value>
</value>
</value>

