<value instanceof="21">
<value instanceof="3">
<![CDATA[ of Distribution Conectiva 3.1]]>
</value>
<value instanceof="4">
</value>
<value instanceof="5">
<![CDATA[ of Distribution Conectiva 3.1]]>
</value>
<value instanceof="14">
<value instanceof="13">
<value instanceof="12">
<value instanceof="11">
<value instanceof="6">
<![CDATA[ compat-binutils-3.0-2.9.1.0.23.1cl.i386]]>
</value>
<value instanceof="8">
</value>
<value instanceof="9">
<![CDATA[ A GNU collection of binary utilities.]]>
</value>
<value instanceof="10">
<![CDATA[ Conectiva Linux 4.0]]>
</value>
</value>
<value instanceof="11">
<value instanceof="6">
<![CDATA[ compat-glibc-3.0-2.0.7.1cl.i386]]>
</value>
<value instanceof="8">
</value>
<value instanceof="9">
<![CDATA[ GNU libc for Red Hat Linux 5.2 backwards compatibility]]>
</value>
<value instanceof="10">
<![CDATA[ Conectiva Linux 4.0]]>
</value>
</value>
<value instanceof="11">
<value instanceof="6">
<![CDATA[ compat-egcs-3.0-1.0.3a.1cl.i386]]>
</value>
<value instanceof="8">
</value>
<value instanceof="9">
<![CDATA[ Experimental GNU Compiler System for Conectiva 3.0 backwards compatibility]]>
</value>
<value instanceof="10">
<![CDATA[ Conectiva Linux 4.0]]>
</value>
</value>
<value instanceof="11">
<value instanceof="6">
<![CDATA[ compat-libs-3.0-1cl.i386]]>
</value>
<value instanceof="8">
</value>
<value instanceof="9">
<![CDATA[ Runtime and developemnt libraries for Red Hat Linux 5.2 backwards compatibility]]>
</value>
<value instanceof="10">
<![CDATA[ Conectiva Linux 4.0]]>
</value>
</value>
<value instanceof="11">
<value instanceof="6">
<![CDATA[ compat-egcs-c++-3.0-1.0.3a.1cl.i386]]>
</value>
<value instanceof="8">
</value>
<value instanceof="9">
<![CDATA[ C++ support for Conectiva 3.0 backwards compatibility C compiler]]>
</value>
<value instanceof="10">
<![CDATA[ Conectiva Linux 4.0]]>
</value>
</value>
<value instanceof="11">
<value instanceof="6">
<![CDATA[ compat-egcs-g77-3.0-1.0.3a.1cl.i386]]>
</value>
<value instanceof="8">
</value>
<value instanceof="9">
<![CDATA[ Fortran 77 support for Conectiva 3.0 backwards compatibility C compiler]]>
</value>
<value instanceof="10">
<![CDATA[ Conectiva Linux 4.0]]>
</value>
</value>
<value instanceof="11">
<value instanceof="6">
<![CDATA[ compat-egcs-objc-3.0-1.0.3a.1cl.i386]]>
</value>
<value instanceof="8">
</value>
<value instanceof="9">
<![CDATA[ Ojective C support for Conectiva 3.0 backwards compatibility C compiler]]>
</value>
<value instanceof="10">
<![CDATA[ Conectiva Linux 4.0]]>
</value>
</value>
</value>
</value>
</value>
<value instanceof="17">
<value instanceof="15">
</value>
</value>
<value instanceof="20">
<value instanceof="19">
</value>
</value>
</value>

