<template schema="21">
<start-string context="0">
<![CDATA[#SD#
<noscript>
<html>
<head>
<title>
Amazon.com
New
Cars
</title>
<meta>
</meta>
</head>
<body>
</body>
</html>
</noscript>
<html>
<body>
<center>
<a>
</a>
<table>
<tr>
</tr>
<td>
</td>
<table>
<tr>
<td>
<img>
</img>
</td>
<td>
<img>
</img>
</td>
</tr>
<tr>
<td>
<img>
</img>
</td>
<td>
<img>
</img>
</td>
</tr>
<tr>
<td>
<img>
</img>
</td>
<td>
<a>
<img>
</img>
</a>
<a>
<img>
</img>
</a>
<a>
<img>
</img>
</a>
<a>
<img>
</img>
</a>
<a>
<img>
</img>
</a>
</td>
</tr>
</table>
<tr>
<td>
<img>
</img>
</td>
</tr>
<tr>
<td>
<table>
<tr>
<td>
<table>
<tr>
<form>
<input>
</input>
</form>
<form>
<input>
</input>
<input>
</input>
<input>
</input>
<td>
<font>
<b>
Search:
</b>
<select>
<option>
Select
a
manufacturer
</option>
<option>
Acura
</option>
<option>
Audi
</option>
<option>
BMW
</option>
<option>
Buick
</option>
<option>
Cadillac
</option>
<option>
Chevrolet
</option>
<option>
Chrysler
</option>
<option>
Daewoo
</option>
<option>
Dodge
</option>
<option>
Ford
</option>
<option>
GMC
</option>
<option>
Honda
</option>
<option>
Hyundai
</option>
<option>
Infiniti
</option>
<option>
Isuzu
</option>
<option>
Jaguar
</option>
<option>
Jeep
</option>
<option>
Kia
</option>
<option>
Land
Rover
</option>
<option>
Lexus
</option>
<option>
Lincoln
</option>
<option>
Mazda
</option>
<option>
Mercedes
</option>
<option>
Mercury
</option>
<option>
Mitsubishi
</option>
<option>
Nissan
</option>
<option>
Oldsmobile
</option>
<option>
Pontiac
</option>
<option>
Saab
</option>
<option>
Saturn
</option>
<option>
Subaru
</option>
<option>
Suzuki
</option>
<option>
Toyota
</option>
<option>
Volkswagen
</option>
<option>
Volvo
</option>
<option>
__________________________
</option>
</select>
<input>
</input>
<input>
</input>
<input>
</input>
<select>
</select>
<option>
Please
select
a
model
</option>
<option>
__________________________
</option>
<option>
</option>
<option>
</option>
<option>
</option>
</font>
<a>
<img>
</img>
</a>
</td>
</form>
</tr>
</table>
</td>
</tr>
</table>
</td>
</tr>
<tr>
<td>
<img>
</img>
</td>
</tr>
</table>
</center>
<map>
<area>
</area>
<area>
</area>
<area>
</area>
<area>
</area>
<area>
</area>
</map>
<map>
<area>
</area>
<area>
</area>
<area>
</area>
</map>
<map>
<area>
</area>
<area>
</area>
<area>
</area>
<area>
</area>
</map>
<font>
<a>
Cars
</a>
>
<a>
Manufacturer
</a>
>
<a>
]]>
</start-string>
<start-string context="1">
<![CDATA[</a>
>
</font>
<font>
<b>
]]>
</start-string>
<start-string context="2">
<![CDATA[</b>
</font>
<table>
<tbody>
<tr>
<td>
</td>
<td>
<strong>
<font>
1
-
]]>
</start-string>
<start-string context="3">
<![CDATA[of
]]>
</start-string>
<start-string context="4">
<![CDATA[</font>
</strong>
</td>
</tr>
</tbody>
</table>
<table>
<tbody>
<xml>
</xml>
<tr>
<td>
<hr>
</hr>
</td>
</tr>
<tr>
<td>
<b>
<font>
1.
</font>
</b>
</td>
<td>
<a>
<img>
</img>
</a>
<font>
<b>
<a>
</a>
</b>
</font>
</td>
<td>
<b>
<font>
<b>
<a>
2001
]]>
</start-string>
<start-string context="5">
<![CDATA[</a>
</b>
</font>
</b>
<font>
by
]]>
</start-string>
<start-string context="6">
<![CDATA[<br>
<b>
MSRP:
</b>
]]>
</start-string>
<start-string context="7">
<![CDATA[-
]]>
</start-string>
<start-string context="16">
<![CDATA[</br>
</font>
</td>
<td>
<a>
<img>
</img>
</a>
</td>
</tr>
]]>
</start-string>
<start-string context="15">
<![CDATA[<tr>
<td>
<hr>
</hr>
</td>
</tr>
<tr>
]]>
</start-string>
<end-string context="15">
<![CDATA[</tr>
<tr>
<td>
<hr>
</hr>
</td>
</tr>
]]>
</end-string>
<sep-string context="15">
<![CDATA[</tr>
<tr>
<td>
<hr>
</hr>
</td>
</tr>
<tr>
]]>
</sep-string>
<start-string context="9">
<![CDATA[<td>
<b>
<font>
]]>
</start-string>
<start-string context="10">
<![CDATA[</font>
</b>
</td>
<td>
<a>
<img>
</img>
</a>
<font>
<b>
<a>
</a>
</b>
</font>
</td>
<td>
<b>
<font>
<b>
<a>
]]>
</start-string>
<start-string context="11">
<![CDATA[</a>
</b>
</font>
</b>
<font>
by
]]>
</start-string>
<start-string context="12">
<![CDATA[<br>
<b>
MSRP:
</b>
]]>
</start-string>
<start-string context="13">
<![CDATA[-
]]>
</start-string>
<end-string context="13">
<![CDATA[</br>
</font>
</td>
<td>
<a>
<img>
</img>
</a>
</td>
]]>
</end-string>
<start-string context="17">
<![CDATA[<tr>
<td>
<hr>
</hr>
</td>
</tr>
]]>
</start-string>
<start-string context="18">
<![CDATA[</tbody>
</table>
<table>
<tbody>
<tr>
<td>
</td>
<td>
<strong>
<font>
1
-
]]>
</start-string>
<start-string context="19">
<![CDATA[of
]]>
</start-string>
<end-string context="19">
<![CDATA[]]>
</end-string>
</template>

