<value instanceof="76">
<value instanceof="11">
<![CDATA[ Hicham Arazi]]>
</value>
<value instanceof="12">
<![CDATA[ Morocco]]>
</value>
<value instanceof="13">
<![CDATA[ Morocco]]>
</value>
<value instanceof="14">
<![CDATA[ 19 October, 1973]]>
</value>
<value instanceof="15">
<![CDATA[ Casablanca, Morocco]]>
</value>
<value instanceof="16">
<![CDATA[ Monte Carlo, Monaco]]>
</value>
<value instanceof="17">
<![CDATA[ 1.75]]>
</value>
<value instanceof="20">
<value instanceof="18">
</value>
</value>
<value instanceof="21">
<![CDATA[ 9]]>
</value>
<value instanceof="22">
<![CDATA[ 65]]>
</value>
<value instanceof="23">
<![CDATA[ 143]]>
</value>
<value instanceof="26">
<value instanceof="25">
</value>
</value>
<value instanceof="27">
<![CDATA[ 1993]]>
</value>
<value instanceof="28">
<![CDATA[ 26]]>
</value>
<value instanceof="31">
<![CDATA[ <tr> <td> <spacer> </spacer> </td> </tr> <tr> <td> <spacer> </spacer> </td> <td> <spacer> </spacer> </td> <td> <font> Current ATP Champions Race Position: </font> </td> <td> <spacer> </spacer> </td> <td> <font> <b> 16 </b> </font> </td> <td> <spacer> </spacer> </td> </tr> <tr> <td> <spacer> </spacer> </td> </tr> <tr> <td> <spacer> </spacer> </td> <td> <spacer> </spacer> </td> <td> <font> Current rank for doubles: </font> </td> <td> <spacer> </spacer> </td> <td> <font> <b> 458 </b> </font> </td> <td> <spacer> </spacer> </td> </tr> <tr> <td> <spacer> </spacer> </td> </tr>]]>
</value>
<value instanceof="32">
<![CDATA[ 22]]>
</value>
<value instanceof="33">
<![CDATA[ 5 November, 2001]]>
</value>
<value instanceof="34">
<![CDATA[ 8]]>
</value>
<value instanceof="35">
<![CDATA[ 31 January, 2000]]>
</value>
<value instanceof="36">
<![CDATA[ 167]]>
</value>
<value instanceof="37">
<![CDATA[ 20 October, 1997]]>
</value>
<value instanceof="43">
<value instanceof="38">
</value>
<value instanceof="38">
</value>
<value instanceof="38">
</value>
<value instanceof="42">
<value instanceof="40">
<![CDATA[ Career titles for singles:]]>
</value>
<value instanceof="41">
<![CDATA[ 1]]>
</value>
</value>
<value instanceof="38">
</value>
<value instanceof="38">
</value>
<value instanceof="38">
</value>
<value instanceof="38">
</value>
<value instanceof="42">
<value instanceof="40">
<![CDATA[ Career matches won:]]>
</value>
<value instanceof="41">
<![CDATA[ 169]]>
</value>
</value>
<value instanceof="38">
</value>
<value instanceof="38">
</value>
<value instanceof="38">
</value>
<value instanceof="38">
</value>
<value instanceof="42">
<value instanceof="40">
<![CDATA[ Career matches lost:]]>
</value>
<value instanceof="41">
<![CDATA[ 162]]>
</value>
</value>
<value instanceof="38">
</value>
<value instanceof="38">
</value>
<value instanceof="38">
</value>
<value instanceof="38">
</value>
<value instanceof="42">
<value instanceof="40">
<![CDATA[ Year to date matches won:]]>
</value>
<value instanceof="41">
<![CDATA[ 3]]>
</value>
</value>
<value instanceof="38">
</value>
<value instanceof="38">
</value>
<value instanceof="38">
</value>
<value instanceof="38">
</value>
<value instanceof="42">
<value instanceof="40">
<![CDATA[ Year to date matches lost:]]>
</value>
<value instanceof="41">
<![CDATA[ 2]]>
</value>
</value>
<value instanceof="38">
</value>
<value instanceof="38">
</value>
</value>
<value instanceof="44">
<![CDATA[ 2,666,302]]>
</value>
<value instanceof="52">
<value instanceof="51">
<value instanceof="45">
</value>
<value instanceof="45">
</value>
<value instanceof="45">
</value>
<value instanceof="50">
<value instanceof="48">
<value instanceof="46">
</value>
</value>
<value instanceof="49">
<![CDATA[ 19,190]]>
</value>
</value>
<value instanceof="45">
</value>
<value instanceof="45">
</value>
<value instanceof="45">
</value>
<value instanceof="45">
</value>
<value instanceof="50">
<value instanceof="48">
<value instanceof="47">
</value>
</value>
<value instanceof="49">
<![CDATA[ 1,000]]>
</value>
</value>
<value instanceof="45">
</value>
<value instanceof="45">
</value>
</value>
</value>
<value instanceof="59">
<value instanceof="56">
</value>
</value>
<value instanceof="68">
<value instanceof="67">
<value instanceof="60">
</value>
<value instanceof="66">
<value instanceof="61">
<![CDATA[ 1995]]>
</value>
<value instanceof="62">
<![CDATA[ -]]>
</value>
<value instanceof="63">
<![CDATA[ -]]>
</value>
<value instanceof="64">
<![CDATA[ -]]>
</value>
<value instanceof="65">
<![CDATA[ 1ST]]>
</value>
</value>
<value instanceof="60">
</value>
<value instanceof="66">
<value instanceof="61">
<![CDATA[ 1996]]>
</value>
<value instanceof="62">
<![CDATA[ -]]>
</value>
<value instanceof="63">
<![CDATA[ -]]>
</value>
<value instanceof="64">
<![CDATA[ 2ND]]>
</value>
<value instanceof="65">
<![CDATA[ 1ST]]>
</value>
</value>
<value instanceof="60">
</value>
<value instanceof="66">
<value instanceof="61">
<![CDATA[ 1997]]>
</value>
<value instanceof="62">
<![CDATA[ 1ST]]>
</value>
<value instanceof="63">
<![CDATA[ QF]]>
</value>
<value instanceof="64">
<![CDATA[ 1ST]]>
</value>
<value instanceof="65">
<![CDATA[ 1ST]]>
</value>
</value>
<value instanceof="60">
</value>
<value instanceof="66">
<value instanceof="61">
<![CDATA[ 1998]]>
</value>
<value instanceof="62">
<![CDATA[ 4TH]]>
</value>
<value instanceof="63">
<![CDATA[ QF]]>
</value>
<value instanceof="64">
<![CDATA[ 3RD]]>
</value>
<value instanceof="65">
<![CDATA[ 1ST]]>
</value>
</value>
<value instanceof="60">
</value>
<value instanceof="66">
<value instanceof="61">
<![CDATA[ 1999]]>
</value>
<value instanceof="62">
<![CDATA[ 1ST]]>
</value>
<value instanceof="63">
<![CDATA[ 3RD]]>
</value>
<value instanceof="64">
<![CDATA[ 1ST]]>
</value>
<value instanceof="65">
<![CDATA[ 3RD]]>
</value>
</value>
<value instanceof="60">
</value>
<value instanceof="66">
<value instanceof="61">
<![CDATA[ 2000]]>
</value>
<value instanceof="62">
<![CDATA[ QF]]>
</value>
<value instanceof="63">
<![CDATA[ 3RD]]>
</value>
<value instanceof="64">
<![CDATA[ 3RD]]>
</value>
<value instanceof="65">
<![CDATA[ 3RD]]>
</value>
</value>
<value instanceof="60">
</value>
</value>
</value>
<value instanceof="70">
<![CDATA[ 1ST]]>
</value>
<value instanceof="71">
<![CDATA[ 2ND]]>
</value>
<value instanceof="72">
<![CDATA[ 3RD]]>
</value>
<value instanceof="73">
<![CDATA[ 3RD]]>
</value>
<value instanceof="74">
<value instanceof="10">
<value instanceof="9">
<value instanceof="2">
</value>
<value instanceof="8">
<value instanceof="3">
<![CDATA[ 2001]]>
</value>
<value instanceof="4">
<![CDATA[ -]]>
</value>
<value instanceof="5">
<![CDATA[ 1ST]]>
</value>
<value instanceof="6">
<![CDATA[ -]]>
</value>
<value instanceof="7">
<![CDATA[ -]]>
</value>
</value>
<value instanceof="2">
</value>
</value>
</value>
</value>
<value instanceof="75">
<![CDATA[ Australian Open 2000 had an international television home reach of 545,184,018, an increase of more than 27 million homes on the 1999 figure.]]>
</value>
</value>

