<value instanceof="76">
<value instanceof="11">
<![CDATA[ Tommy Haas]]>
</value>
<value instanceof="12">
<![CDATA[ Germany]]>
</value>
<value instanceof="13">
<![CDATA[ Germany]]>
</value>
<value instanceof="14">
<![CDATA[ 3 April, 1978]]>
</value>
<value instanceof="15">
<![CDATA[ Hamburg, Germany]]>
</value>
<value instanceof="16">
<![CDATA[ Bradenton, Florida, USA]]>
</value>
<value instanceof="17">
<![CDATA[ 1.88]]>
</value>
<value instanceof="20">
<value instanceof="19">
</value>
</value>
<value instanceof="21">
<![CDATA[ 2]]>
</value>
<value instanceof="22">
<![CDATA[ 82.7]]>
</value>
<value instanceof="23">
<![CDATA[ 182]]>
</value>
<value instanceof="26">
<value instanceof="24">
</value>
</value>
<value instanceof="27">
<![CDATA[ 1996]]>
</value>
<value instanceof="28">
<![CDATA[ 9]]>
</value>
<value instanceof="31">
<![CDATA[ <tr> <td> <spacer> </spacer> </td> </tr> <tr> <td> <spacer> </spacer> </td> <td> <spacer> </spacer> </td> <td> <font> Current rank for doubles: </font> </td> <td> <spacer> </spacer> </td> <td> <font> <b> 131 </b> </font> </td> <td> <spacer> </spacer> </td> </tr> <tr> <td> <spacer> </spacer> </td> </tr>]]>
</value>
<value instanceof="32">
<![CDATA[ 8]]>
</value>
<value instanceof="33">
<![CDATA[ 19 November, 2001]]>
</value>
<value instanceof="34">
<![CDATA[ 3]]>
</value>
<value instanceof="35">
<![CDATA[ 8 January, 2001]]>
</value>
<value instanceof="36">
<![CDATA[ 129]]>
</value>
<value instanceof="37">
<![CDATA[ 22 October, 2001]]>
</value>
<value instanceof="43">
<value instanceof="38">
</value>
<value instanceof="38">
</value>
<value instanceof="38">
</value>
<value instanceof="42">
<value instanceof="40">
<![CDATA[ Career titles for singles:]]>
</value>
<value instanceof="41">
<![CDATA[ 5]]>
</value>
</value>
<value instanceof="38">
</value>
<value instanceof="38">
</value>
<value instanceof="38">
</value>
<value instanceof="38">
</value>
<value instanceof="42">
<value instanceof="40">
<![CDATA[ Career matches won:]]>
</value>
<value instanceof="41">
<![CDATA[ 207]]>
</value>
</value>
<value instanceof="38">
</value>
<value instanceof="38">
</value>
<value instanceof="38">
</value>
<value instanceof="38">
</value>
<value instanceof="42">
<value instanceof="40">
<![CDATA[ Career matches lost:]]>
</value>
<value instanceof="41">
<![CDATA[ 115]]>
</value>
</value>
<value instanceof="38">
</value>
<value instanceof="38">
</value>
</value>
<value instanceof="44">
<![CDATA[ 4,458,218]]>
</value>
<value instanceof="52">
<value instanceof="51">
<value instanceof="45">
</value>
</value>
</value>
<value instanceof="59">
<value instanceof="57">
</value>
</value>
<value instanceof="68">
<value instanceof="67">
<value instanceof="60">
</value>
<value instanceof="66">
<value instanceof="61">
<![CDATA[ 1996]]>
</value>
<value instanceof="62">
<![CDATA[ -]]>
</value>
<value instanceof="63">
<![CDATA[ -]]>
</value>
<value instanceof="64">
<![CDATA[ -]]>
</value>
<value instanceof="65">
<![CDATA[ 1ST]]>
</value>
</value>
<value instanceof="60">
</value>
<value instanceof="66">
<value instanceof="61">
<![CDATA[ 1997]]>
</value>
<value instanceof="62">
<![CDATA[ -]]>
</value>
<value instanceof="63">
<![CDATA[ -]]>
</value>
<value instanceof="64">
<![CDATA[ 2ND]]>
</value>
<value instanceof="65">
<![CDATA[ 3RD]]>
</value>
</value>
<value instanceof="60">
</value>
<value instanceof="66">
<value instanceof="61">
<![CDATA[ 1998]]>
</value>
<value instanceof="62">
<![CDATA[ 1ST]]>
</value>
<value instanceof="63">
<![CDATA[ 1ST]]>
</value>
<value instanceof="64">
<![CDATA[ 3RD]]>
</value>
<value instanceof="65">
<![CDATA[ 2ND]]>
</value>
</value>
<value instanceof="60">
</value>
<value instanceof="66">
<value instanceof="61">
<![CDATA[ 1999]]>
</value>
<value instanceof="62">
<![CDATA[ SF]]>
</value>
<value instanceof="63">
<![CDATA[ 3RD]]>
</value>
<value instanceof="64">
<![CDATA[ 3RD]]>
</value>
<value instanceof="65">
<![CDATA[ 4TH]]>
</value>
</value>
<value instanceof="60">
</value>
<value instanceof="66">
<value instanceof="61">
<![CDATA[ 2000]]>
</value>
<value instanceof="62">
<![CDATA[ 2ND]]>
</value>
<value instanceof="63">
<![CDATA[ 3RD]]>
</value>
<value instanceof="64">
<![CDATA[ 3RD]]>
</value>
<value instanceof="65">
<![CDATA[ 2ND]]>
</value>
</value>
<value instanceof="60">
</value>
</value>
</value>
<value instanceof="70">
<![CDATA[ 2ND]]>
</value>
<value instanceof="71">
<![CDATA[ 2ND]]>
</value>
<value instanceof="72">
<![CDATA[ 1ST]]>
</value>
<value instanceof="73">
<![CDATA[ 4TH]]>
</value>
<value instanceof="74">
</value>
<value instanceof="75">
<![CDATA[ In 1999, Martina Hingis became the first foreign woman to win the Australian Open singles and doubles titles for three consecutive years (1997-99). The other women to achieve this feat are Margaret Court (1969-71) and Evonne Goolagong Cawley (1974-76).]]>
</value>
</value>

