<value instanceof="76">
<value instanceof="11">
<![CDATA[ Andrei Pavel]]>
</value>
<value instanceof="12">
<![CDATA[ Romania]]>
</value>
<value instanceof="13">
<![CDATA[ Romania]]>
</value>
<value instanceof="14">
<![CDATA[ 27 January, 1974]]>
</value>
<value instanceof="15">
<![CDATA[ Constanta, Romania]]>
</value>
<value instanceof="16">
<![CDATA[ Monte Carlo, Monaco]]>
</value>
<value instanceof="17">
<![CDATA[ 1.83]]>
</value>
<value instanceof="20">
<value instanceof="19">
</value>
</value>
<value instanceof="21">
<![CDATA[ 0]]>
</value>
<value instanceof="22">
<![CDATA[ 84.1]]>
</value>
<value instanceof="23">
<![CDATA[ 185]]>
</value>
<value instanceof="26">
<value instanceof="24">
</value>
</value>
<value instanceof="27">
<![CDATA[ 1990]]>
</value>
<value instanceof="28">
<![CDATA[ 29]]>
</value>
<value instanceof="31">
<![CDATA[ <tr> <td> <spacer> </spacer> </td> </tr> <tr> <td> <spacer> </spacer> </td> <td> <spacer> </spacer> </td> <td> <font> Current ATP Champions Race Position: </font> </td> <td> <spacer> </spacer> </td> <td> <font> <b> 14 </b> </font> </td> <td> <spacer> </spacer> </td> </tr> <tr> <td> <spacer> </spacer> </td> </tr> <tr> <td> <spacer> </spacer> </td> <td> <spacer> </spacer> </td> <td> <font> Current rank for doubles: </font> </td> <td> <spacer> </spacer> </td> <td> <font> <b> 259 </b> </font> </td> <td> <spacer> </spacer> </td> </tr> <tr> <td> <spacer> </spacer> </td> </tr>]]>
</value>
<value instanceof="32">
<![CDATA[ 20]]>
</value>
<value instanceof="33">
<![CDATA[ 16 April, 2001]]>
</value>
<value instanceof="34">
<![CDATA[ 9]]>
</value>
<value instanceof="35">
<![CDATA[ 7 January, 2002]]>
</value>
<value instanceof="36">
<![CDATA[ 108]]>
</value>
<value instanceof="37">
<![CDATA[ 15 November, 1999]]>
</value>
<value instanceof="43">
<value instanceof="38">
</value>
<value instanceof="38">
</value>
<value instanceof="38">
</value>
<value instanceof="42">
<value instanceof="40">
<![CDATA[ Career titles for singles:]]>
</value>
<value instanceof="41">
<![CDATA[ 3]]>
</value>
</value>
<value instanceof="38">
</value>
<value instanceof="38">
</value>
<value instanceof="38">
</value>
<value instanceof="38">
</value>
<value instanceof="42">
<value instanceof="40">
<![CDATA[ Career titles for doubles:]]>
</value>
<value instanceof="41">
<![CDATA[ 1]]>
</value>
</value>
<value instanceof="38">
</value>
<value instanceof="38">
</value>
<value instanceof="38">
</value>
<value instanceof="38">
</value>
<value instanceof="42">
<value instanceof="40">
<![CDATA[ Career matches won:]]>
</value>
<value instanceof="41">
<![CDATA[ 145]]>
</value>
</value>
<value instanceof="38">
</value>
<value instanceof="38">
</value>
<value instanceof="38">
</value>
<value instanceof="38">
</value>
<value instanceof="42">
<value instanceof="40">
<![CDATA[ Career matches lost:]]>
</value>
<value instanceof="41">
<![CDATA[ 133]]>
</value>
</value>
<value instanceof="38">
</value>
<value instanceof="38">
</value>
<value instanceof="38">
</value>
<value instanceof="38">
</value>
<value instanceof="42">
<value instanceof="40">
<![CDATA[ Year to date matches won:]]>
</value>
<value instanceof="41">
<![CDATA[ 4]]>
</value>
</value>
<value instanceof="38">
</value>
<value instanceof="38">
</value>
<value instanceof="38">
</value>
<value instanceof="38">
</value>
<value instanceof="42">
<value instanceof="40">
<![CDATA[ Year to date matches lost:]]>
</value>
<value instanceof="41">
<![CDATA[ 2]]>
</value>
</value>
<value instanceof="38">
</value>
<value instanceof="38">
</value>
</value>
<value instanceof="44">
<![CDATA[ 2,344,873]]>
</value>
<value instanceof="52">
<value instanceof="51">
<value instanceof="45">
</value>
<value instanceof="45">
</value>
<value instanceof="45">
</value>
<value instanceof="50">
<value instanceof="48">
<value instanceof="46">
</value>
</value>
<value instanceof="49">
<![CDATA[ 23,650]]>
</value>
</value>
<value instanceof="45">
</value>
<value instanceof="45">
</value>
<value instanceof="45">
</value>
<value instanceof="45">
</value>
<value instanceof="50">
<value instanceof="48">
<value instanceof="47">
</value>
</value>
<value instanceof="49">
<![CDATA[ 1,000]]>
</value>
</value>
<value instanceof="45">
</value>
<value instanceof="45">
</value>
</value>
</value>
<value instanceof="59">
<value instanceof="56">
</value>
</value>
<value instanceof="68">
<value instanceof="67">
<value instanceof="60">
</value>
<value instanceof="66">
<value instanceof="61">
<![CDATA[ 1996]]>
</value>
<value instanceof="62">
<![CDATA[ -]]>
</value>
<value instanceof="63">
<![CDATA[ -]]>
</value>
<value instanceof="64">
<![CDATA[ -]]>
</value>
<value instanceof="65">
<![CDATA[ 1ST]]>
</value>
</value>
<value instanceof="60">
</value>
<value instanceof="66">
<value instanceof="61">
<![CDATA[ 1997]]>
</value>
<value instanceof="62">
<![CDATA[ 1ST]]>
</value>
<value instanceof="63">
<![CDATA[ 2ND]]>
</value>
<value instanceof="64">
<![CDATA[ 2ND]]>
</value>
<value instanceof="65">
<![CDATA[ 1ST]]>
</value>
</value>
<value instanceof="60">
</value>
<value instanceof="66">
<value instanceof="61">
<![CDATA[ 1998]]>
</value>
<value instanceof="62">
<![CDATA[ -]]>
</value>
<value instanceof="63">
<![CDATA[ -]]>
</value>
<value instanceof="64">
<![CDATA[ 1ST]]>
</value>
<value instanceof="65">
<![CDATA[ 1ST]]>
</value>
</value>
<value instanceof="60">
</value>
<value instanceof="66">
<value instanceof="61">
<![CDATA[ 1999]]>
</value>
<value instanceof="62">
<![CDATA[ 4TH]]>
</value>
<value instanceof="63">
<![CDATA[ 1ST]]>
</value>
<value instanceof="64">
<![CDATA[ 1ST]]>
</value>
<value instanceof="65">
<![CDATA[ 1ST]]>
</value>
</value>
<value instanceof="60">
</value>
<value instanceof="66">
<value instanceof="61">
<![CDATA[ 2000]]>
</value>
<value instanceof="62">
<![CDATA[ -]]>
</value>
<value instanceof="63">
<![CDATA[ 1ST]]>
</value>
<value instanceof="64">
<![CDATA[ 3RD]]>
</value>
<value instanceof="65">
<![CDATA[ 4TH]]>
</value>
</value>
<value instanceof="60">
</value>
</value>
</value>
<value instanceof="70">
<![CDATA[ 2ND]]>
</value>
<value instanceof="71">
<![CDATA[ 1ST]]>
</value>
<value instanceof="72">
<![CDATA[ 1ST]]>
</value>
<value instanceof="73">
<![CDATA[ 2ND]]>
</value>
<value instanceof="74">
<value instanceof="10">
<value instanceof="9">
<value instanceof="2">
</value>
<value instanceof="8">
<value instanceof="3">
<![CDATA[ 1996]]>
</value>
<value instanceof="4">
<![CDATA[ -]]>
</value>
<value instanceof="5">
<![CDATA[ -]]>
</value>
<value instanceof="6">
<![CDATA[ -]]>
</value>
<value instanceof="7">
<![CDATA[ 1ST]]>
</value>
</value>
<value instanceof="2">
</value>
</value>
</value>
</value>
<value instanceof="75">
<![CDATA[ Ken Rosewall (aged 18 years, 2 months in 1953) and Martina Hingis (aged 16 years, 3 months in 1997) are the youngest men's and women's singles champions.]]>
</value>
</value>

