<value instanceof="76">
<value instanceof="11">
<![CDATA[ Albert Portas]]>
</value>
<value instanceof="12">
<![CDATA[ Spain]]>
</value>
<value instanceof="13">
<![CDATA[ Spain]]>
</value>
<value instanceof="14">
<![CDATA[ 15 November, 1973]]>
</value>
<value instanceof="15">
<![CDATA[ Barcelona, Spain]]>
</value>
<value instanceof="16">
<![CDATA[ Barcelona, Spain]]>
</value>
<value instanceof="17">
<![CDATA[ 1.88]]>
</value>
<value instanceof="20">
<value instanceof="19">
</value>
</value>
<value instanceof="21">
<![CDATA[ 2]]>
</value>
<value instanceof="22">
<![CDATA[ 78.2]]>
</value>
<value instanceof="23">
<![CDATA[ 172]]>
</value>
<value instanceof="26">
<value instanceof="24">
</value>
</value>
<value instanceof="27">
<![CDATA[ 1994]]>
</value>
<value instanceof="28">
<![CDATA[ 20]]>
</value>
<value instanceof="31">
<![CDATA[ <tr> <td> <spacer> </spacer> </td> </tr> <tr> <td> <spacer> </spacer> </td> <td> <spacer> </spacer> </td> <td> <font> Current ATP Champions Race Position: </font> </td> <td> <spacer> </spacer> </td> <td> <font> <b> 83 </b> </font> </td> <td> <spacer> </spacer> </td> </tr> <tr> <td> <spacer> </spacer> </td> </tr> <tr> <td> <spacer> </spacer> </td> <td> <spacer> </spacer> </td> <td> <font> Current rank for doubles: </font> </td> <td> <spacer> </spacer> </td> <td> <font> <b> 86 </b> </font> </td> <td> <spacer> </spacer> </td> </tr> <tr> <td> <spacer> </spacer> </td> </tr>]]>
</value>
<value instanceof="32">
<![CDATA[ 19]]>
</value>
<value instanceof="33">
<![CDATA[ 1 October, 2001]]>
</value>
<value instanceof="34">
<![CDATA[ 9]]>
</value>
<value instanceof="35">
<![CDATA[ 21 May, 2001]]>
</value>
<value instanceof="36">
<![CDATA[ 60]]>
</value>
<value instanceof="37">
<![CDATA[ 18 June, 2001]]>
</value>
<value instanceof="43">
<value instanceof="38">
</value>
<value instanceof="38">
</value>
<value instanceof="38">
</value>
<value instanceof="42">
<value instanceof="40">
<![CDATA[ Career titles for singles:]]>
</value>
<value instanceof="41">
<![CDATA[ 1]]>
</value>
</value>
<value instanceof="38">
</value>
<value instanceof="38">
</value>
<value instanceof="38">
</value>
<value instanceof="38">
</value>
<value instanceof="42">
<value instanceof="40">
<![CDATA[ Career titles for doubles:]]>
</value>
<value instanceof="41">
<![CDATA[ 1]]>
</value>
</value>
<value instanceof="38">
</value>
<value instanceof="38">
</value>
<value instanceof="38">
</value>
<value instanceof="38">
</value>
<value instanceof="42">
<value instanceof="40">
<![CDATA[ Career matches won:]]>
</value>
<value instanceof="41">
<![CDATA[ 107]]>
</value>
</value>
<value instanceof="38">
</value>
<value instanceof="38">
</value>
<value instanceof="38">
</value>
<value instanceof="38">
</value>
<value instanceof="42">
<value instanceof="40">
<![CDATA[ Career matches lost:]]>
</value>
<value instanceof="41">
<![CDATA[ 119]]>
</value>
</value>
<value instanceof="38">
</value>
<value instanceof="38">
</value>
<value instanceof="38">
</value>
<value instanceof="38">
</value>
<value instanceof="42">
<value instanceof="40">
<![CDATA[ Year to date matches lost:]]>
</value>
<value instanceof="41">
<![CDATA[ 1]]>
</value>
</value>
<value instanceof="38">
</value>
<value instanceof="38">
</value>
</value>
<value instanceof="44">
<![CDATA[ 2,027,143]]>
</value>
<value instanceof="52">
<value instanceof="51">
<value instanceof="45">
</value>
<value instanceof="45">
</value>
<value instanceof="45">
</value>
<value instanceof="50">
<value instanceof="48">
<value instanceof="46">
</value>
</value>
<value instanceof="49">
<![CDATA[ 9,400]]>
</value>
</value>
<value instanceof="45">
</value>
<value instanceof="45">
</value>
<value instanceof="45">
</value>
<value instanceof="45">
</value>
<value instanceof="50">
<value instanceof="48">
<value instanceof="47">
</value>
</value>
<value instanceof="49">
<![CDATA[ 1,750]]>
</value>
</value>
<value instanceof="45">
</value>
<value instanceof="45">
</value>
</value>
</value>
<value instanceof="59">
<value instanceof="56">
</value>
</value>
<value instanceof="68">
<value instanceof="67">
<value instanceof="60">
</value>
<value instanceof="66">
<value instanceof="61">
<![CDATA[ 1997]]>
</value>
<value instanceof="62">
<![CDATA[ -]]>
</value>
<value instanceof="63">
<![CDATA[ 3RD]]>
</value>
<value instanceof="64">
<![CDATA[ -]]>
</value>
<value instanceof="65">
<![CDATA[ 1ST]]>
</value>
</value>
<value instanceof="60">
</value>
<value instanceof="66">
<value instanceof="61">
<![CDATA[ 1998]]>
</value>
<value instanceof="62">
<![CDATA[ 1ST]]>
</value>
<value instanceof="63">
<![CDATA[ 1ST]]>
</value>
<value instanceof="64">
<![CDATA[ 1ST]]>
</value>
<value instanceof="65">
<![CDATA[ -]]>
</value>
</value>
<value instanceof="60">
</value>
<value instanceof="66">
<value instanceof="61">
<![CDATA[ 1999]]>
</value>
<value instanceof="62">
<![CDATA[ 1ST]]>
</value>
<value instanceof="63">
<![CDATA[ 2ND]]>
</value>
<value instanceof="64">
<![CDATA[ 1ST]]>
</value>
<value instanceof="65">
<![CDATA[ 1ST]]>
</value>
</value>
<value instanceof="60">
</value>
<value instanceof="66">
<value instanceof="61">
<![CDATA[ 2000]]>
</value>
<value instanceof="62">
<![CDATA[ 2ND]]>
</value>
<value instanceof="63">
<![CDATA[ 3RD]]>
</value>
<value instanceof="64">
<![CDATA[ 3RD]]>
</value>
<value instanceof="65">
<![CDATA[ 1ST]]>
</value>
</value>
<value instanceof="60">
</value>
</value>
</value>
<value instanceof="70">
<![CDATA[ 1ST]]>
</value>
<value instanceof="71">
<![CDATA[ 1ST]]>
</value>
<value instanceof="72">
<![CDATA[ 1ST]]>
</value>
<value instanceof="73">
<![CDATA[ 3RD]]>
</value>
<value instanceof="74">
<value instanceof="10">
<value instanceof="9">
<value instanceof="2">
</value>
<value instanceof="8">
<value instanceof="3">
<![CDATA[ 1999]]>
</value>
<value instanceof="4">
<![CDATA[ -]]>
</value>
<value instanceof="5">
<![CDATA[ -]]>
</value>
<value instanceof="6">
<![CDATA[ -]]>
</value>
<value instanceof="7">
<![CDATA[ 1ST]]>
</value>
</value>
<value instanceof="2">
</value>
<value instanceof="8">
<value instanceof="3">
<![CDATA[ 2000]]>
</value>
<value instanceof="4">
<![CDATA[ 2ND]]>
</value>
<value instanceof="5">
<![CDATA[ 1ST]]>
</value>
<value instanceof="6">
<![CDATA[ 1ST]]>
</value>
<value instanceof="7">
<![CDATA[ 1ST]]>
</value>
</value>
<value instanceof="2">
</value>
<value instanceof="8">
<value instanceof="3">
<![CDATA[ 2001]]>
</value>
<value instanceof="4">
<![CDATA[ 2ND]]>
</value>
<value instanceof="5">
<![CDATA[ 2ND]]>
</value>
<value instanceof="6">
<![CDATA[ 1ST]]>
</value>
<value instanceof="7">
<![CDATA[ 1ST]]>
</value>
</value>
<value instanceof="2">
</value>
</value>
</value>
</value>
<value instanceof="75">
<![CDATA[ From 30 nations across the globe, 1600 media representatives annually flock to cover the event, representing the largest media corps present at an Australian sporting event.]]>
</value>
</value>

