<value instanceof="76">
<value instanceof="11">
<![CDATA[ Tommy Robredo]]>
</value>
<value instanceof="12">
<![CDATA[ Spain]]>
</value>
<value instanceof="13">
<![CDATA[ Spain]]>
</value>
<value instanceof="14">
<![CDATA[ 1 May, 1982]]>
</value>
<value instanceof="15">
<![CDATA[ Hostalric, Spain]]>
</value>
<value instanceof="16">
<![CDATA[ Barcelona, Spain]]>
</value>
<value instanceof="17">
<![CDATA[ 1.8]]>
</value>
<value instanceof="20">
<value instanceof="18">
</value>
</value>
<value instanceof="21">
<![CDATA[ 11]]>
</value>
<value instanceof="22">
<![CDATA[ 70]]>
</value>
<value instanceof="23">
<![CDATA[ 154]]>
</value>
<value instanceof="26">
<value instanceof="24">
</value>
</value>
<value instanceof="27">
<![CDATA[ 1998]]>
</value>
<value instanceof="28">
<![CDATA[ 36]]>
</value>
<value instanceof="31">
<![CDATA[ <tr> <td> <spacer> </spacer> </td> </tr> <tr> <td> <spacer> </spacer> </td> <td> <spacer> </spacer> </td> <td> <font> Current ATP Champions Race Position: </font> </td> <td> <spacer> </spacer> </td> <td> <font> <b> 83 </b> </font> </td> <td> <spacer> </spacer> </td> </tr> <tr> <td> <spacer> </spacer> </td> </tr> <tr> <td> <spacer> </spacer> </td> <td> <spacer> </spacer> </td> <td> <font> Current rank for doubles: </font> </td> <td> <spacer> </spacer> </td> <td> <font> <b> 149 </b> </font> </td> <td> <spacer> </spacer> </td> </tr> <tr> <td> <spacer> </spacer> </td> </tr>]]>
</value>
<value instanceof="32">
<![CDATA[ 28]]>
</value>
<value instanceof="33">
<![CDATA[ 15 October, 2001]]>
</value>
<value instanceof="34">
<![CDATA[ 10]]>
</value>
<value instanceof="35">
<![CDATA[ 8 January, 2001]]>
</value>
<value instanceof="36">
<![CDATA[ 148]]>
</value>
<value instanceof="37">
<![CDATA[ 20 August, 2001]]>
</value>
<value instanceof="43">
<value instanceof="38">
</value>
<value instanceof="38">
</value>
<value instanceof="38">
</value>
<value instanceof="42">
<value instanceof="40">
<![CDATA[ Career titles for singles:]]>
</value>
<value instanceof="41">
<![CDATA[ 1]]>
</value>
</value>
<value instanceof="38">
</value>
<value instanceof="38">
</value>
<value instanceof="38">
</value>
<value instanceof="38">
</value>
<value instanceof="42">
<value instanceof="40">
<![CDATA[ Career matches won:]]>
</value>
<value instanceof="41">
<![CDATA[ 39]]>
</value>
</value>
<value instanceof="38">
</value>
<value instanceof="38">
</value>
<value instanceof="38">
</value>
<value instanceof="38">
</value>
<value instanceof="42">
<value instanceof="40">
<![CDATA[ Career matches lost:]]>
</value>
<value instanceof="41">
<![CDATA[ 25]]>
</value>
</value>
<value instanceof="38">
</value>
<value instanceof="38">
</value>
<value instanceof="38">
</value>
<value instanceof="38">
</value>
<value instanceof="42">
<value instanceof="40">
<![CDATA[ Year to date matches lost:]]>
</value>
<value instanceof="41">
<![CDATA[ 1]]>
</value>
</value>
<value instanceof="38">
</value>
<value instanceof="38">
</value>
</value>
<value instanceof="44">
<![CDATA[ 504,825]]>
</value>
<value instanceof="52">
<value instanceof="51">
<value instanceof="45">
</value>
<value instanceof="45">
</value>
<value instanceof="45">
</value>
<value instanceof="50">
<value instanceof="48">
<value instanceof="46">
</value>
</value>
<value instanceof="49">
<![CDATA[ 3,440]]>
</value>
</value>
<value instanceof="45">
</value>
<value instanceof="45">
</value>
</value>
</value>
<value instanceof="59">
<value instanceof="56">
</value>
</value>
<value instanceof="68">
<value instanceof="67">
<value instanceof="60">
</value>
</value>
</value>
<value instanceof="70">
<![CDATA[ 1ST]]>
</value>
<value instanceof="71">
<![CDATA[ 4TH]]>
</value>
<value instanceof="72">
<![CDATA[ 2ND]]>
</value>
<value instanceof="73">
<![CDATA[ 4TH]]>
</value>
<value instanceof="74">
</value>
<value instanceof="75">
<![CDATA[ Petr Korda (1998) and Monica Seles (1996) are the most recent left-handed singles champions.]]>
</value>
</value>

