<value instanceof="76">
<value instanceof="11">
<![CDATA[ Marat Safin]]>
</value>
<value instanceof="12">
<![CDATA[ Russia]]>
</value>
<value instanceof="13">
<![CDATA[ Russia]]>
</value>
<value instanceof="14">
<![CDATA[ 27 January, 1980]]>
</value>
<value instanceof="15">
<![CDATA[ Moscow, Russia]]>
</value>
<value instanceof="16">
<![CDATA[ Monte Carlo, Monaco]]>
</value>
<value instanceof="17">
<![CDATA[ 1.93]]>
</value>
<value instanceof="20">
<value instanceof="19">
</value>
</value>
<value instanceof="21">
<![CDATA[ 4]]>
</value>
<value instanceof="22">
<![CDATA[ 88.6]]>
</value>
<value instanceof="23">
<![CDATA[ 195]]>
</value>
<value instanceof="26">
<value instanceof="24">
</value>
</value>
<value instanceof="27">
<![CDATA[ 1997]]>
</value>
<value instanceof="28">
<![CDATA[ 11]]>
</value>
<value instanceof="31">
<![CDATA[ <tr> <td> <spacer> </spacer> </td> </tr> <tr> <td> <spacer> </spacer> </td> <td> <spacer> </spacer> </td> <td> <font> Current ATP Champions Race Position: </font> </td> <td> <spacer> </spacer> </td> <td> <font> <b> 54 </b> </font> </td> <td> <spacer> </spacer> </td> </tr> <tr> <td> <spacer> </spacer> </td> </tr> <tr> <td> <spacer> </spacer> </td> <td> <spacer> </spacer> </td> <td> <font> Current rank for doubles: </font> </td> <td> <spacer> </spacer> </td> <td> <font> <b> 84 </b> </font> </td> <td> <spacer> </spacer> </td> </tr> <tr> <td> <spacer> </spacer> </td> </tr>]]>
</value>
<value instanceof="32">
<![CDATA[ 1]]>
</value>
<value instanceof="33">
<![CDATA[ 20 November, 2000]]>
</value>
<value instanceof="34">
<![CDATA[ 1]]>
</value>
<value instanceof="35">
<![CDATA[ 18 September, 2000]]>
</value>
<value instanceof="36">
<![CDATA[ 73]]>
</value>
<value instanceof="37">
<![CDATA[ 16 July, 2001]]>
</value>
<value instanceof="43">
<value instanceof="38">
</value>
<value instanceof="38">
</value>
<value instanceof="38">
</value>
<value instanceof="42">
<value instanceof="40">
<![CDATA[ Career titles for singles:]]>
</value>
<value instanceof="41">
<![CDATA[ 10]]>
</value>
</value>
<value instanceof="38">
</value>
<value instanceof="38">
</value>
<value instanceof="38">
</value>
<value instanceof="38">
</value>
<value instanceof="42">
<value instanceof="40">
<![CDATA[ Career titles for doubles:]]>
</value>
<value instanceof="41">
<![CDATA[ 1]]>
</value>
</value>
<value instanceof="38">
</value>
<value instanceof="38">
</value>
<value instanceof="38">
</value>
<value instanceof="38">
</value>
<value instanceof="42">
<value instanceof="40">
<![CDATA[ Career matches won:]]>
</value>
<value instanceof="41">
<![CDATA[ 175]]>
</value>
</value>
<value instanceof="38">
</value>
<value instanceof="38">
</value>
<value instanceof="38">
</value>
<value instanceof="38">
</value>
<value instanceof="42">
<value instanceof="40">
<![CDATA[ Career matches lost:]]>
</value>
<value instanceof="41">
<![CDATA[ 106]]>
</value>
</value>
<value instanceof="38">
</value>
<value instanceof="38">
</value>
<value instanceof="38">
</value>
<value instanceof="38">
</value>
<value instanceof="42">
<value instanceof="40">
<![CDATA[ Year to date matches won:]]>
</value>
<value instanceof="41">
<![CDATA[ 1]]>
</value>
</value>
<value instanceof="38">
</value>
<value instanceof="38">
</value>
<value instanceof="38">
</value>
<value instanceof="38">
</value>
<value instanceof="42">
<value instanceof="40">
<![CDATA[ Year to date matches lost:]]>
</value>
<value instanceof="41">
<![CDATA[ 1]]>
</value>
</value>
<value instanceof="38">
</value>
<value instanceof="38">
</value>
</value>
<value instanceof="44">
<![CDATA[ 6,688,815]]>
</value>
<value instanceof="52">
<value instanceof="51">
<value instanceof="45">
</value>
<value instanceof="45">
</value>
<value instanceof="45">
</value>
<value instanceof="50">
<value instanceof="48">
<value instanceof="46">
</value>
</value>
<value instanceof="49">
<![CDATA[ 5,450]]>
</value>
</value>
<value instanceof="45">
</value>
<value instanceof="45">
</value>
</value>
</value>
<value instanceof="59">
<value instanceof="57">
</value>
</value>
<value instanceof="68">
<value instanceof="67">
<value instanceof="60">
</value>
<value instanceof="66">
<value instanceof="61">
<![CDATA[ 1998]]>
</value>
<value instanceof="62">
<![CDATA[ -]]>
</value>
<value instanceof="63">
<![CDATA[ 4TH]]>
</value>
<value instanceof="64">
<![CDATA[ 1ST]]>
</value>
<value instanceof="65">
<![CDATA[ 4TH]]>
</value>
</value>
<value instanceof="60">
</value>
<value instanceof="66">
<value instanceof="61">
<![CDATA[ 1999]]>
</value>
<value instanceof="62">
<![CDATA[ 3RD]]>
</value>
<value instanceof="63">
<![CDATA[ 4TH]]>
</value>
<value instanceof="64">
<![CDATA[ -]]>
</value>
<value instanceof="65">
<![CDATA[ 2ND]]>
</value>
</value>
<value instanceof="60">
</value>
<value instanceof="66">
<value instanceof="61">
<![CDATA[ 2000]]>
</value>
<value instanceof="62">
<![CDATA[ 1ST]]>
</value>
<value instanceof="63">
<![CDATA[ QF]]>
</value>
<value instanceof="64">
<![CDATA[ 2ND]]>
</value>
<value instanceof="65">
<![CDATA[ WON]]>
</value>
</value>
<value instanceof="60">
</value>
</value>
</value>
<value instanceof="70">
<![CDATA[ 4TH]]>
</value>
<value instanceof="71">
<![CDATA[ 3RD]]>
</value>
<value instanceof="72">
<![CDATA[ QF]]>
</value>
<value instanceof="73">
<![CDATA[ SF]]>
</value>
<value instanceof="74">
<value instanceof="10">
<value instanceof="9">
<value instanceof="2">
</value>
<value instanceof="8">
<value instanceof="3">
<![CDATA[ 2000]]>
</value>
<value instanceof="4">
<![CDATA[ 1ST]]>
</value>
<value instanceof="5">
<![CDATA[ -]]>
</value>
<value instanceof="6">
<![CDATA[ -]]>
</value>
<value instanceof="7">
<![CDATA[ -]]>
</value>
</value>
<value instanceof="2">
</value>
<value instanceof="8">
<value instanceof="3">
<![CDATA[ 2001]]>
</value>
<value instanceof="4">
<![CDATA[ -]]>
</value>
<value instanceof="5">
<![CDATA[ 1ST]]>
</value>
<value instanceof="6">
<![CDATA[ 3RD]]>
</value>
<value instanceof="7">
<![CDATA[ -]]>
</value>
</value>
<value instanceof="2">
</value>
</value>
</value>
</value>
<value instanceof="75">
<![CDATA[ Roy Emerson (1963-1967) and Margaret Court (1960-1966) hold the records for the most successive singles titles (five and seven respectively).]]>
</value>
</value>

