<value instanceof="76">
<value instanceof="11">
<![CDATA[ Andreas Vinciguerra]]>
</value>
<value instanceof="12">
<![CDATA[ Sweden]]>
</value>
<value instanceof="13">
<![CDATA[ Sweden]]>
</value>
<value instanceof="14">
<![CDATA[ 19 February, 1981]]>
</value>
<value instanceof="15">
<![CDATA[ Malmo, Sweden]]>
</value>
<value instanceof="16">
<![CDATA[ Malmo, Sweden]]>
</value>
<value instanceof="17">
<![CDATA[ 1.78]]>
</value>
<value instanceof="20">
<value instanceof="18">
</value>
</value>
<value instanceof="21">
<![CDATA[ 10]]>
</value>
<value instanceof="22">
<![CDATA[ 68.2]]>
</value>
<value instanceof="23">
<![CDATA[ 150]]>
</value>
<value instanceof="26">
<value instanceof="25">
</value>
</value>
<value instanceof="27">
<![CDATA[ 1998]]>
</value>
<value instanceof="28">
<![CDATA[ 35]]>
</value>
<value instanceof="31">
<![CDATA[ <tr> <td> <spacer> </spacer> </td> </tr> <tr> <td> <spacer> </spacer> </td> <td> <spacer> </spacer> </td> <td> <font> Current ATP Champions Race Position: </font> </td> <td> <spacer> </spacer> </td> <td> <font> <b> 69 </b> </font> </td> <td> <spacer> </spacer> </td> </tr> <tr> <td> <spacer> </spacer> </td> </tr> <tr> <td> <spacer> </spacer> </td> <td> <spacer> </spacer> </td> <td> <font> Current rank for doubles: </font> </td> <td> <spacer> </spacer> </td> <td> <font> <b> 358 </b> </font> </td> <td> <spacer> </spacer> </td> </tr> <tr> <td> <spacer> </spacer> </td> </tr>]]>
</value>
<value instanceof="32">
<![CDATA[ 33]]>
</value>
<value instanceof="33">
<![CDATA[ 5 November, 2001]]>
</value>
<value instanceof="34">
<![CDATA[ 10]]>
</value>
<value instanceof="35">
<![CDATA[ 19 February, 2001]]>
</value>
<value instanceof="36">
<![CDATA[ 261]]>
</value>
<value instanceof="37">
<![CDATA[ 19 February, 2001]]>
</value>
<value instanceof="43">
<value instanceof="38">
</value>
<value instanceof="38">
</value>
<value instanceof="38">
</value>
<value instanceof="42">
<value instanceof="40">
<![CDATA[ Career titles for singles:]]>
</value>
<value instanceof="41">
<![CDATA[ 1]]>
</value>
</value>
<value instanceof="38">
</value>
<value instanceof="38">
</value>
<value instanceof="38">
</value>
<value instanceof="38">
</value>
<value instanceof="42">
<value instanceof="40">
<![CDATA[ Career matches won:]]>
</value>
<value instanceof="41">
<![CDATA[ 67]]>
</value>
</value>
<value instanceof="38">
</value>
<value instanceof="38">
</value>
<value instanceof="38">
</value>
<value instanceof="38">
</value>
<value instanceof="42">
<value instanceof="40">
<![CDATA[ Career matches lost:]]>
</value>
<value instanceof="41">
<![CDATA[ 58]]>
</value>
</value>
<value instanceof="38">
</value>
<value instanceof="38">
</value>
<value instanceof="38">
</value>
<value instanceof="38">
</value>
<value instanceof="42">
<value instanceof="40">
<![CDATA[ Year to date matches lost:]]>
</value>
<value instanceof="41">
<![CDATA[ 2]]>
</value>
</value>
<value instanceof="38">
</value>
<value instanceof="38">
</value>
</value>
<value instanceof="44">
<![CDATA[ 955,156]]>
</value>
<value instanceof="52">
<value instanceof="51">
<value instanceof="45">
</value>
<value instanceof="45">
</value>
<value instanceof="45">
</value>
<value instanceof="50">
<value instanceof="48">
<value instanceof="46">
</value>
</value>
<value instanceof="49">
<![CDATA[ 6,400]]>
</value>
</value>
<value instanceof="45">
</value>
<value instanceof="45">
</value>
</value>
</value>
<value instanceof="59">
<value instanceof="56">
</value>
</value>
<value instanceof="68">
<value instanceof="67">
<value instanceof="60">
</value>
<value instanceof="66">
<value instanceof="61">
<![CDATA[ 2000]]>
</value>
<value instanceof="62">
<![CDATA[ 3RD]]>
</value>
<value instanceof="63">
<![CDATA[ 1ST]]>
</value>
<value instanceof="64">
<![CDATA[ 2ND]]>
</value>
<value instanceof="65">
<![CDATA[ 1ST]]>
</value>
</value>
<value instanceof="60">
</value>
</value>
</value>
<value instanceof="70">
<![CDATA[ 4TH]]>
</value>
<value instanceof="71">
<![CDATA[ 2ND]]>
</value>
<value instanceof="72">
<![CDATA[ 2ND]]>
</value>
<value instanceof="73">
<![CDATA[ 1ST]]>
</value>
<value instanceof="74">
</value>
<value instanceof="75">
<![CDATA[ The longest singles match (311 minutes) occurred in 1991 when Boris Becker defeated Omar Camporese in the third round (7-6 7-6 0-6 4-6 14-12).]]>
</value>
</value>

