<template schema="10">
<start-string context="0">
<![CDATA[ 
<html>
<head>
<meta http equiv ="Content-Type" content ="text/html; charset=iso-8859-1">
 
<meta name ="GENERATOR" content ="Microsoft FrontPage 2.0">
 
<title>
UEFA
-
Teams
&amp;
Clubs&nbsp;1
</title>
</head>
<body bgcolor ="#ffffff" link ="#000000" vlink ="#000000" alink ="#000000">
<table width ="600" cellpadding ="0" cellspacing ="0" border ="0">
<tr>
<td align ="right">
<img src ="../images/Titles/Teams.jpg" width ="368" height ="58">
 
</td>
</tr>
<tr>
<td>
&nbsp;
</td>
</tr>
</table>
<br>
 
<table width ="600" border ="0" cellpadding ="0" cellspacing ="0">
<tr>
<td bgcolor ="#000000">
<img src ="/images/clear.gif" width ="1" height ="1">
 
</td>
</tr>
<tr>
<td bgcolor ="#FFFFFF">
<img src ="/images/clear.gif" width ="1" height ="1">
 
</td>
</tr>
</table>
<table border ="0" cellspacing ="0" cellpadding ="2" width ="600">
<tr>
<td align ="left" bgcolor ="#000066">
<strong>
<font face ="Arial,Helvetica" size ="3" color ="#FFFFFF">
]]>
</start-string>
<start-string context="1">
<![CDATA[</font>
</strong>
</td>
</tr>
</table>
<table width ="600" border ="0" cellpadding ="0" cellspacing ="0">
<tr>
<td bgcolor ="#FFFFFF">
<img src ="/images/clear.gif" width ="1" height ="1">
 
</td>
</tr>
<tr>
<td bgcolor ="#000000">
<img src ="/images/clear.gif" width ="1" height ="1">
 
</td>
</tr>
<tr>
<td bgcolor ="#FFFFFF">
<img src ="/images/clear.gif" width ="1" height ="10">
 
</td>
</tr>
<tr>
<td bgcolor ="#000000">
<img src ="/images/clear.gif" width ="1" height ="1">
 
</td>
</tr>
<tr>
<td bgcolor ="#FFFFFF">
<img src ="/images/clear.gif" width ="1" height ="1">
 
</td>
</tr>
</table>
<table width ="600" border ="0" cellpadding ="2" cellspacing ="0" bgcolor ="#DCEAFF">
<tr>
<td colspan ="2" align ="center">
<a href ="/ClubImages/Teams/Big/2.jpg">
<img src ="/ClubImages/Teams/Medium/2.jpg" border ="0" vspace ="3" hspace ="0" alt ="Albania - Picture">
 
</a>
</td>
<td align ="left" valign ="top">
 
<a href ="Communications.asp?Team=2&amp;TeamName=Albania&amp;Layout=">
<img src ="../images/ball.gif" border ="0" width ="20" height ="18">
 
<font face ="Arial,Helvetica" size ="2">
Communications
</font>
</a>
<br>
 
<a href ="Honours.asp?Team=2&amp;TeamName=Albania&amp;Layout=">
<img src ="../images/ball.gif" border ="0" width ="20" height ="18">
 
<font face ="Arial,Helvetica" size ="2">
Honours/Records
</font>
</a>
<br>
 
<a href ="RecordInEurope.asp?Team=2&amp;TeamName=Albania&amp;Layout=">
<img src ="../images/ball.gif" border ="0" width ="20" height ="20">
 
<font face ="Arial,Helvetica" size ="2">
European
Record
</font>
</a>
<br>
 
<a href ="ClubsCode.asp?Team=2&amp;TeamName=Albania&amp;Layout=">
<img src ="../images/ball.gif" border ="0" width ="20" height ="18">
 
<font face ="Arial,Helvetica" size ="2">
The
Clubs
</font>
</a>
<br>
 
<a href ="SquadList/index.asp?Team=2&amp;TeamName=Albania&amp;Layout=">
<img src ="../images/ball.gif" border ="0" width ="20" height ="18">
 
<font face ="Arial,Helvetica" size ="2">
Senior
Squad
</font>
</a>
<br>
 
</tr>
<tr>
<td bgcolor ="#000066">
<strong>
<small>
 
<font face ="Arial,Helvetica" size ="2" color ="#FFFFFF">
 
Association
</strong>
</td>
<td align ="left">
<font face ="Arial,Helvetica" size ="2">
]]>
</start-string>
<start-string context="2">
<![CDATA[</font>
</td>
<td rowspan ="9" align ="center" valign ="middle">
<img src ="/ClubImages/Teams/Logos/2.gif" border ="0" vspace ="3" hspace ="0" alt ="Albania - Logo">
 
</td>
</tr>
<tr>
<td bgcolor ="#000066">
<strong>
<small>
 
<font face ="Arial,Helvetica" size ="2" color ="#FFFFFF">
 
Founded
</strong>
</td>
<td align ="left">
<font face ="Arial,Helvetica" size ="2">
]]>
</start-string>
<start-string context="3">
<![CDATA[</font>
</td>
</tr>
<tr>
<td bgcolor ="#000066">
<strong>
<small>
 
<font face ="Arial,Helvetica" size ="2" color ="#FFFFFF">
 
UEFA
Affiliation
</strong>
</td>
<td align ="left">
<font face ="Arial,Helvetica" size ="2">
]]>
</start-string>
<start-string context="4">
<![CDATA[</font>
</td>
</tr>
<tr>
<td bgcolor ="#000066">
<strong>
<small>
 
<font face ="Arial,Helvetica" size ="2" color ="#FFFFFF">
 
FIFA
Affiliation
</strong>
</td>
<td align ="left">
<font face ="Arial,Helvetica" size ="2">
]]>
</start-string>
<start-string context="5">
<![CDATA[</font>
</td>
</tr>
<tr>
<td bgcolor ="#000066">
<strong>
<small>
 
<font face ="Arial,Helvetica" size ="2" color ="#FFFFFF">
 
President
</strong>
</td>
<td align ="left">
<font face ="Arial,Helvetica" size ="2">
]]>
</start-string>
<start-string context="6">
<![CDATA[</font>
</td>
</tr>
<tr>
<td bgcolor ="#000066">
<strong>
<small>
 
<font face ="Arial,Helvetica" size ="2" color ="#FFFFFF">
 
Gen.
Secretary
</strong>
</td>
<td align ="left">
<font face ="Arial,Helvetica" size ="2">
]]>
</start-string>
<start-string context="7">
<![CDATA[</font>
</td>
</tr>
<tr>
<td bgcolor ="#000066">
<strong>
<small>
 
<font face ="Arial,Helvetica" size ="2" color ="#FFFFFF">
 
Press
Officer
</strong>
</td>
<td align ="left">
<font face ="Arial,Helvetica" size ="2">
]]>
</start-string>
<start-string context="8">
<![CDATA[</font>
</td>
</tr>
<tr>
<td bgcolor ="#000066">
<strong>
<small>
 
<font face ="Arial,Helvetica" size ="2" color ="#FFFFFF">
 
National
Team
Coach
</strong>
</td>
<td align ="left">
<font face ="Arial,Helvetica" size ="2">
]]>
</start-string>
<end-string context="8">
<![CDATA[</font>
</td>
</tr>
</table>
<table width ="600" border ="0" cellpadding ="0" cellspacing ="0">
<tr>
<td bgcolor ="#FFFFFF">
<img src ="/images/clear.gif" width ="1" height ="1">
 
</td>
</tr>
<tr>
<td bgcolor ="#000000">
<img src ="/images/clear.gif" width ="1" height ="1">
 
</td>
</tr>
</table>
<p>
<font face ="Arial, Helvetica" size ="1">
All
rights
reserved.
&copy;
UEFA
1998-2000.
<br>
 
<a href ="/UEFA/legal.asp" onclick ="window.open('/UEFA/legal.html','Legal','width=400,height=350');return false">
Read
the
complete
UEFA
Legal
Notice
</a>
</font>
</p>
</body>
</html>
]]>
</end-string>
</template>

