<value instanceof="20">
<value instanceof="0">
<![CDATA[ Volvo]]>
</value>
<value instanceof="1">
<![CDATA[ Sedan]]>
</value>
<value instanceof="2">
<![CDATA[ 3]]>
</value>
<value instanceof="3">
<![CDATA[ 3]]>
</value>
<value instanceof="4">
<![CDATA[ S40]]>
</value>
<value instanceof="5">
<![CDATA[ Volvo]]>
</value>
<value instanceof="6">
<![CDATA[ $24,075]]>
</value>
<value instanceof="7">
<![CDATA[ $24,075]]>
</value>
<value instanceof="16">
<value instanceof="15">
<value instanceof="8">
</value>
<value instanceof="14">
<value instanceof="9">
<![CDATA[ 2.]]>
</value>
<value instanceof="10">
<![CDATA[ 2001 S80]]>
</value>
<value instanceof="11">
<![CDATA[ Volvo]]>
</value>
<value instanceof="12">
<![CDATA[ $37,475]]>
</value>
<value instanceof="13">
<![CDATA[ $46,875]]>
</value>
</value>
<value instanceof="8">
</value>
<value instanceof="14">
<value instanceof="9">
<![CDATA[ 3.]]>
</value>
<value instanceof="10">
<![CDATA[ 2000 S70]]>
</value>
<value instanceof="11">
<![CDATA[ Volvo]]>
</value>
<value instanceof="12">
<![CDATA[ $28,075]]>
</value>
<value instanceof="13">
<![CDATA[ $34,175]]>
</value>
</value>
<value instanceof="8">
</value>
</value>
</value>
<value instanceof="18">
<![CDATA[ 3]]>
</value>
<value instanceof="19">
<![CDATA[ 3]]>
</value>
</value>

