<value instanceof="20">
<value instanceof="0">
<![CDATA[ Volvo]]>
</value>
<value instanceof="1">
<![CDATA[ Convertible]]>
</value>
<value instanceof="2">
<![CDATA[ 1]]>
</value>
<value instanceof="3">
<![CDATA[ 1]]>
</value>
<value instanceof="4">
<![CDATA[ C70]]>
</value>
<value instanceof="5">
<![CDATA[ Volvo]]>
</value>
<value instanceof="6">
<![CDATA[ $35,075]]>
</value>
<value instanceof="7">
<![CDATA[ $47,075]]>
</value>
<value instanceof="16">
<value instanceof="15">
<value instanceof="8">
</value>
</value>
</value>
<value instanceof="18">
<![CDATA[ 1]]>
</value>
<value instanceof="19">
<![CDATA[ 1]]>
</value>
</value>

