<value instanceof="20">
<value instanceof="0">
<![CDATA[ Mercedes]]>
</value>
<value instanceof="1">
<![CDATA[ Sedan]]>
</value>
<value instanceof="2">
<![CDATA[ 3]]>
</value>
<value instanceof="3">
<![CDATA[ 3]]>
</value>
<value instanceof="4">
<![CDATA[ E-Class]]>
</value>
<value instanceof="5">
<![CDATA[ Mercedes]]>
</value>
<value instanceof="6">
<![CDATA[ $48,495]]>
</value>
<value instanceof="7">
<![CDATA[ $70,945]]>
</value>
<value instanceof="16">
<value instanceof="15">
<value instanceof="8">
</value>
<value instanceof="14">
<value instanceof="9">
<![CDATA[ 2.]]>
</value>
<value instanceof="10">
<![CDATA[ 2001 S-Class]]>
</value>
<value instanceof="11">
<![CDATA[ Mercedes]]>
</value>
<value instanceof="12">
<![CDATA[ $71,445]]>
</value>
<value instanceof="13">
<![CDATA[ $114,645]]>
</value>
</value>
<value instanceof="8">
</value>
<value instanceof="14">
<value instanceof="9">
<![CDATA[ 3.]]>
</value>
<value instanceof="10">
<![CDATA[ 2001 C-Class]]>
</value>
<value instanceof="11">
<![CDATA[ Mercedes]]>
</value>
<value instanceof="12">
<![CDATA[ $30,595]]>
</value>
<value instanceof="13">
<![CDATA[ $37,595]]>
</value>
</value>
<value instanceof="8">
</value>
</value>
</value>
<value instanceof="18">
<![CDATA[ 3]]>
</value>
<value instanceof="19">
<![CDATA[ 3]]>
</value>
</value>

