<value instanceof="20">
<value instanceof="0">
<![CDATA[ Mercedes]]>
</value>
<value instanceof="1">
<![CDATA[ Convertible]]>
</value>
<value instanceof="2">
<![CDATA[ 3]]>
</value>
<value instanceof="3">
<![CDATA[ 3]]>
</value>
<value instanceof="4">
<![CDATA[ CLK-Class]]>
</value>
<value instanceof="5">
<![CDATA[ Mercedes]]>
</value>
<value instanceof="6">
<![CDATA[ $42,595]]>
</value>
<value instanceof="7">
<![CDATA[ $68,045]]>
</value>
<value instanceof="16">
<value instanceof="15">
<value instanceof="8">
</value>
<value instanceof="14">
<value instanceof="9">
<![CDATA[ 2.]]>
</value>
<value instanceof="10">
<![CDATA[ 2001 SLK-Class]]>
</value>
<value instanceof="11">
<![CDATA[ Mercedes]]>
</value>
<value instanceof="12">
<![CDATA[ $39,545]]>
</value>
<value instanceof="13">
<![CDATA[ $44,545]]>
</value>
</value>
<value instanceof="8">
</value>
<value instanceof="14">
<value instanceof="9">
<![CDATA[ 3.]]>
</value>
<value instanceof="10">
<![CDATA[ 2001 SL-Class]]>
</value>
<value instanceof="11">
<![CDATA[ Mercedes]]>
</value>
<value instanceof="12">
<![CDATA[ $84,445]]>
</value>
<value instanceof="13">
<![CDATA[ $129,595]]>
</value>
</value>
<value instanceof="8">
</value>
</value>
</value>
<value instanceof="18">
<![CDATA[ 3]]>
</value>
<value instanceof="19">
<![CDATA[ 3]]>
</value>
</value>

