<value instanceof="20">
<value instanceof="0">
<![CDATA[ Jeep]]>
</value>
<value instanceof="1">
<![CDATA[ Sport Utility Vehicle]]>
</value>
<value instanceof="2">
<![CDATA[ 3]]>
</value>
<value instanceof="3">
<![CDATA[ 3]]>
</value>
<value instanceof="4">
<![CDATA[ Grand Cherokee]]>
</value>
<value instanceof="5">
<![CDATA[ Jeep]]>
</value>
<value instanceof="6">
<![CDATA[ $27,885]]>
</value>
<value instanceof="7">
<![CDATA[ $35,680]]>
</value>
<value instanceof="16">
<value instanceof="15">
<value instanceof="8">
</value>
<value instanceof="14">
<value instanceof="9">
<![CDATA[ 2.]]>
</value>
<value instanceof="10">
<![CDATA[ 2001 Cherokee]]>
</value>
<value instanceof="11">
<![CDATA[ Jeep]]>
</value>
<value instanceof="12">
<![CDATA[ $18,470]]>
</value>
<value instanceof="13">
<![CDATA[ $23,970]]>
</value>
</value>
<value instanceof="8">
</value>
<value instanceof="14">
<value instanceof="9">
<![CDATA[ 3.]]>
</value>
<value instanceof="10">
<![CDATA[ 2001 Wrangler]]>
</value>
<value instanceof="11">
<![CDATA[ Jeep]]>
</value>
<value instanceof="12">
<![CDATA[ $15,475]]>
</value>
<value instanceof="13">
<![CDATA[ $23,020]]>
</value>
</value>
<value instanceof="8">
</value>
</value>
</value>
<value instanceof="18">
<![CDATA[ 3]]>
</value>
<value instanceof="19">
<![CDATA[ 3]]>
</value>
</value>

