<value instanceof="20">
<value instanceof="0">
<![CDATA[ Ford]]>
</value>
<value instanceof="1">
<![CDATA[ Sedan]]>
</value>
<value instanceof="2">
<![CDATA[ 5]]>
</value>
<value instanceof="3">
<![CDATA[ 5]]>
</value>
<value instanceof="4">
<![CDATA[ Focus]]>
</value>
<value instanceof="5">
<![CDATA[ Ford]]>
</value>
<value instanceof="6">
<![CDATA[ $12,590]]>
</value>
<value instanceof="7">
<![CDATA[ $16,700]]>
</value>
<value instanceof="16">
<value instanceof="15">
<value instanceof="8">
</value>
<value instanceof="14">
<value instanceof="9">
<![CDATA[ 2.]]>
</value>
<value instanceof="10">
<![CDATA[ 2001 Taurus]]>
</value>
<value instanceof="11">
<![CDATA[ Ford]]>
</value>
<value instanceof="12">
<![CDATA[ $18,860]]>
</value>
<value instanceof="13">
<![CDATA[ $22,135]]>
</value>
</value>
<value instanceof="8">
</value>
<value instanceof="14">
<value instanceof="9">
<![CDATA[ 3.]]>
</value>
<value instanceof="10">
<![CDATA[ 2001 Crown Victoria]]>
</value>
<value instanceof="11">
<![CDATA[ Ford]]>
</value>
<value instanceof="12">
<![CDATA[ $22,620]]>
</value>
<value instanceof="13">
<![CDATA[ $24,735]]>
</value>
</value>
<value instanceof="8">
</value>
<value instanceof="14">
<value instanceof="9">
<![CDATA[ 4.]]>
</value>
<value instanceof="10">
<![CDATA[ 2000 Contour]]>
</value>
<value instanceof="11">
<![CDATA[ Ford]]>
</value>
<value instanceof="12">
<![CDATA[ $17,620]]>
</value>
<value instanceof="13">
<![CDATA[ $23,490]]>
</value>
</value>
<value instanceof="8">
</value>
<value instanceof="14">
<value instanceof="9">
<![CDATA[ 5.]]>
</value>
<value instanceof="10">
<![CDATA[ 2000 Taurus]]>
</value>
<value instanceof="11">
<![CDATA[ Ford]]>
</value>
<value instanceof="12">
<![CDATA[ $18,485]]>
</value>
<value instanceof="13">
<![CDATA[ $21,685]]>
</value>
</value>
<value instanceof="8">
</value>
</value>
</value>
<value instanceof="18">
<![CDATA[ 5]]>
</value>
<value instanceof="19">
<![CDATA[ 5]]>
</value>
</value>

