<value instanceof="20">
<value instanceof="0">
<![CDATA[ Cadillac]]>
</value>
<value instanceof="1">
<![CDATA[ Sedan]]>
</value>
<value instanceof="2">
<![CDATA[ 6]]>
</value>
<value instanceof="3">
<![CDATA[ 6]]>
</value>
<value instanceof="4">
<![CDATA[ De Ville]]>
</value>
<value instanceof="5">
<![CDATA[ Cadillac]]>
</value>
<value instanceof="6">
<![CDATA[ $41,215]]>
</value>
<value instanceof="7">
<![CDATA[ $46,987]]>
</value>
<value instanceof="16">
<value instanceof="15">
<value instanceof="8">
</value>
<value instanceof="14">
<value instanceof="9">
<![CDATA[ 2.]]>
</value>
<value instanceof="10">
<![CDATA[ 2001 Seville]]>
</value>
<value instanceof="11">
<![CDATA[ Cadillac]]>
</value>
<value instanceof="12">
<![CDATA[ $42,655]]>
</value>
<value instanceof="13">
<![CDATA[ $48,765]]>
</value>
</value>
<value instanceof="8">
</value>
<value instanceof="14">
<value instanceof="9">
<![CDATA[ 3.]]>
</value>
<value instanceof="10">
<![CDATA[ 2001 Catera]]>
</value>
<value instanceof="11">
<![CDATA[ Cadillac]]>
</value>
<value instanceof="12">
<![CDATA[ $31,945]]>
</value>
<value instanceof="13">
<![CDATA[ $31,945]]>
</value>
</value>
<value instanceof="8">
</value>
<value instanceof="14">
<value instanceof="9">
<![CDATA[ 4.]]>
</value>
<value instanceof="10">
<![CDATA[ 2000 Catera]]>
</value>
<value instanceof="11">
<![CDATA[ Cadillac]]>
</value>
<value instanceof="12">
<![CDATA[ $31,650]]>
</value>
<value instanceof="13">
<![CDATA[ $31,650]]>
</value>
</value>
<value instanceof="8">
</value>
<value instanceof="14">
<value instanceof="9">
<![CDATA[ 5.]]>
</value>
<value instanceof="10">
<![CDATA[ 2000 De Ville]]>
</value>
<value instanceof="11">
<![CDATA[ Cadillac]]>
</value>
<value instanceof="12">
<![CDATA[ $40,615]]>
</value>
<value instanceof="13">
<![CDATA[ $46,315]]>
</value>
</value>
<value instanceof="8">
</value>
<value instanceof="14">
<value instanceof="9">
<![CDATA[ 6.]]>
</value>
<value instanceof="10">
<![CDATA[ 2000 Seville]]>
</value>
<value instanceof="11">
<![CDATA[ Cadillac]]>
</value>
<value instanceof="12">
<![CDATA[ $45,195]]>
</value>
<value instanceof="13">
<![CDATA[ $49,795]]>
</value>
</value>
<value instanceof="8">
</value>
</value>
</value>
<value instanceof="18">
<![CDATA[ 6]]>
</value>
<value instanceof="19">
<![CDATA[ 6]]>
</value>
</value>

