<value instanceof="20">
<value instanceof="0">
<![CDATA[ Cadillac]]>
</value>
<value instanceof="1">
<![CDATA[ Coupe]]>
</value>
<value instanceof="2">
<![CDATA[ 2]]>
</value>
<value instanceof="3">
<![CDATA[ 2]]>
</value>
<value instanceof="4">
<![CDATA[ Eldorado]]>
</value>
<value instanceof="5">
<![CDATA[ Cadillac]]>
</value>
<value instanceof="6">
<![CDATA[ $40,756]]>
</value>
<value instanceof="7">
<![CDATA[ $44,331]]>
</value>
<value instanceof="16">
<value instanceof="15">
<value instanceof="8">
</value>
<value instanceof="14">
<value instanceof="9">
<![CDATA[ 2.]]>
</value>
<value instanceof="10">
<![CDATA[ 2000 Eldorado]]>
</value>
<value instanceof="11">
<![CDATA[ Cadillac]]>
</value>
<value instanceof="12">
<![CDATA[ $40,385]]>
</value>
<value instanceof="13">
<![CDATA[ $43,960]]>
</value>
</value>
<value instanceof="8">
</value>
</value>
</value>
<value instanceof="18">
<![CDATA[ 2]]>
</value>
<value instanceof="19">
<![CDATA[ 2]]>
</value>
</value>

