<value instanceof="20">
<value instanceof="0">
<![CDATA[ Chrysler]]>
</value>
<value instanceof="1">
<![CDATA[ Sedan]]>
</value>
<value instanceof="2">
<![CDATA[ 5]]>
</value>
<value instanceof="3">
<![CDATA[ 5]]>
</value>
<value instanceof="4">
<![CDATA[ 300M]]>
</value>
<value instanceof="5">
<![CDATA[ Chrysler]]>
</value>
<value instanceof="6">
<![CDATA[ $30,295]]>
</value>
<value instanceof="7">
<![CDATA[ $30,295]]>
</value>
<value instanceof="16">
<value instanceof="15">
<value instanceof="8">
</value>
<value instanceof="14">
<value instanceof="9">
<![CDATA[ 2.]]>
</value>
<value instanceof="10">
<![CDATA[ 2001 Sebring]]>
</value>
<value instanceof="11">
<![CDATA[ Chrysler]]>
</value>
<value instanceof="12">
<![CDATA[ $18,520]]>
</value>
<value instanceof="13">
<![CDATA[ $22,060]]>
</value>
</value>
<value instanceof="8">
</value>
<value instanceof="14">
<value instanceof="9">
<![CDATA[ 3.]]>
</value>
<value instanceof="10">
<![CDATA[ 2001 LHS]]>
</value>
<value instanceof="11">
<![CDATA[ Chrysler]]>
</value>
<value instanceof="12">
<![CDATA[ $29,335]]>
</value>
<value instanceof="13">
<![CDATA[ $29,335]]>
</value>
</value>
<value instanceof="8">
</value>
<value instanceof="14">
<value instanceof="9">
<![CDATA[ 4.]]>
</value>
<value instanceof="10">
<![CDATA[ 2001 Concorde]]>
</value>
<value instanceof="11">
<![CDATA[ Chrysler]]>
</value>
<value instanceof="12">
<![CDATA[ $23,120]]>
</value>
<value instanceof="13">
<![CDATA[ $27,365]]>
</value>
</value>
<value instanceof="8">
</value>
<value instanceof="14">
<value instanceof="9">
<![CDATA[ 5.]]>
</value>
<value instanceof="10">
<![CDATA[ 2000 LHS]]>
</value>
<value instanceof="11">
<![CDATA[ Chrysler]]>
</value>
<value instanceof="12">
<![CDATA[ $28,970]]>
</value>
<value instanceof="13">
<![CDATA[ $28,970]]>
</value>
</value>
<value instanceof="8">
</value>
</value>
</value>
<value instanceof="18">
<![CDATA[ 5]]>
</value>
<value instanceof="19">
<![CDATA[ 5]]>
</value>
</value>

