<schema id="134">
<tuple id="133" order="32">
<basic id="45">
</basic>
<basic id="46">
</basic>
<basic id="47">
</basic>
<basic id="48">
</basic>
<set id="49" max="1">
<empty id="8">
</empty>
</set>
<basic id="50">
</basic>
<basic id="51">
</basic>
<set id="53" max="1">
<empty id="52">
</empty>
</set>
<disj id="57">
<empty id="54">
</empty>
<empty id="55">
</empty>
<empty id="56">
</empty>
</disj>
<basic id="61">
</basic>
<basic id="65">
</basic>
<disj id="69">
<empty id="66">
</empty>
<empty id="67">
</empty>
<empty id="68">
</empty>
</disj>
<basic id="72">
</basic>
<set id="74" max="1">
<empty id="73">
</empty>
</set>
<basic id="75">
</basic>
<disj id="78">
<empty id="76">
</empty>
<empty id="77">
</empty>
</disj>
<basic id="79">
</basic>
<basic id="80">
</basic>
<basic id="81">
</basic>
<disj id="85">
<empty id="83">
</empty>
<empty id="84">
</empty>
</disj>
<basic id="86">
</basic>
<basic id="87">
</basic>
<set id="89" max="1">
<empty id="88">
</empty>
</set>
<basic id="90">
</basic>
<basic id="91">
</basic>
<set id="92" max="1">
<tuple id="13" order="1">
<disj id="12">
<empty id="10">
</empty>
<empty id="11">
</empty>
</disj>
</tuple>
</set>
<disj id="95">
<empty id="93">
</empty>
<empty id="94">
</empty>
</disj>
<basic id="99">
</basic>
<set id="103">
<tuple id="102" order="1">
<basic id="101">
</basic>
</tuple>
</set>
<disj id="106">
<empty id="104">
</empty>
<empty id="105">
</empty>
</disj>
<disj id="109">
<empty id="107">
</empty>
<empty id="108">
</empty>
</disj>
<basic id="132">
</basic>
</tuple>
</schema>

