<template schema="134">
<start-string context="45">
<![CDATA[ 
<html xmlns ="http://www.w3.org/1999/xhtml">
<head>
<meta name ="generator" content ="HTML Tidy for Linux/x86 (vers 1st February 2002), see www.w3.org">
 
<meta http equiv ="Content-Type" content ="text/html; CHARSET=ISO8859-1">
 
<meta http equiv ="Expires" content ="Tue, 05 Feb 2002, 17:43:41 GMT">
 
<title>
eBay
item
]]>
</start-string>
<start-string context="46">
<![CDATA[(Ends
]]>
</start-string>
<start-string context="47">
<![CDATA[PST
)
]]>
</start-string>
<start-string context="48">
<![CDATA[</title>
]]>
</start-string>
<start-string context="49">
<![CDATA[</head>
<body bgcolor ="#FFFFFF">
<table border ="0" cellpadding ="0" cellspacing ="0" width ="600">
<tr>
<td width ="150">
<a href ="http://www.ebay.com/">
<img src ="http://pics.ebay.com/aw/pics/navbar/ebay_logo_home.gif" width ="150" hspace ="0" vspace ="0" height ="70" alt ="eBay logo" border ="0">
 
</a>
</td>
<td width ="450" align ="right" valign ="top">
<map id ="home_myebay_map_hasJS" name ="home_myebay_map_hasJS">
<area href ="http://www.ebay.com/" shape ="rect" coords ="209,0,256,15" alt ="Home">
 
<area href ="http://cgi1.ebay.com/aw-cgi/eBayISAPI.dll?MyEbayLogin" shape ="rect" coords ="257,0,318,15" alt ="My eBay">
 
<area href ="http://pages.ebay.com/sitemap.html" shape ="rect" coords ="319,0,383,15" alt ="Site Map">
 
<area href ="http://cgi3.ebay.com/aw-cgi/eBayISAPI.dll?SignIn" shape ="rect" coords ="384,0,447,15" alt ="Sign In/Out">
 
</map>
<map id ="home_myebay_map_noJS" name ="home_myebay_map_noJS">
<area href ="http://www.ebay.com/" shape ="rect" coords ="198,0,245,15" alt ="Home">
 
<area href ="http://cgi1.ebay.com/aw-cgi/eBayISAPI.dll?MyEbayLogin" shape ="rect" coords ="246,0,307,15" alt ="My eBay">
 
<area href ="http://pages.ebay.com/sitemap.html" shape ="rect" coords ="308,0,372,15" alt ="Site Map">
 
<area href ="http://cgi3.ebay.com/aw-cgi/eBayISAPI.dll?SignIn" shape ="rect" coords ="373,0,447,15" alt ="Sign In/Out">
 
</map>
<map id ="top_nav" name ="top_nav">
<area href ="http://pages.ebay.com/buy/index.html" shape ="rect" coords ="1,1,66,24">
 
<area href ="http://cgi5.ebay.com/aw-cgi/eBayISAPI.dll?ListItemForSale" shape ="rect" coords ="70,1,120,24">
 
<area href ="http://pages.ebay.com/services/index.html" shape ="rect" coords ="124,1,196,24">
 
<area href ="http://pages.ebay.com/search/items/search.html" shape ="rect" coords ="201,1,262,24">
 
<area href ="http://pages.ebay.com/help/index.html" shape ="rect" coords ="266,1,315,24">
 
<area href ="http://pages.ebay.com/community/index.html" shape ="rect" coords ="319,1,414,24">
 
</map>
<noscript>
<img src ="http://pics.ebay.com/aw/pics/home/home_myebay_map_inout.gif" width ="450" height ="15" alt ="Home, My eBay, Site Map, Sign In/Out" border ="0" usemap ="#home_myebay_map_nojs" align ="right">
 
<br clear ="all">
 
</noscript>
<img src ="http://pics.ebay.com/aw/pics/navbar/browse-top.gif" width ="415" height ="25" border ="0" alt ="Main Navigation" usemap ="#top_nav" align ="right">
 
<br clear ="all">
 
<img src ="http://pics.ebay.com/aw/pics/navbar/browse-view-item.gif" width ="415" height ="30" border ="0" alt ="Browse Sub-Navigation" align ="right">
 
</td>
</tr>
</table>
<br>
 
<a id ="PAYMENT" name ="PAYMENT">
</a>
<table width ="100%" cellpadding ="0" cellspacing ="0" border ="0">
<tr>
]]>
</start-string>
<start-string context="8">
<![CDATA[<td align ="center" height ="42">
<img src ="http://abacus.sj.ipixmedia.com/abc/M28/_EBAY_933906ebcb3020006db4f205/i-1_T.JPG" width ="85" height ="64" color ="#CCCCCC" border ="1">
 
</td>
]]>
</start-string>
<start-string context="50">
<![CDATA[<td align ="center" width ="88%" height ="47">
<center>
<table border ="0" cellspacing ="0" cellpadding ="1" width ="100%">
<tr>
<td valign ="top" width ="100%">
<table border ="1" cellspacing ="0" cellpadding ="1" width ="100%" bordercolor ="#999999" bgcolor ="#CCCCFF">
<tr>
<td align ="center" width ="100%">
<font size ="4" color ="#000000">
<b>
]]>
</start-string>
<start-string context="51">
<![CDATA[</b>
</font>
</td>
</tr>
<tr>
<td align ="center" width ="100%">
<font size ="3" color ="#000000">
<b>
Item
#
]]>
</start-string>
<start-string context="53">
<![CDATA[</b>
</font>
</td>
</tr>
</table>
</td>
</tr>
</table>
</center>
</td>
</tr>
</table>
<center>
<table border ="0" cellspacing ="0" width ="100%">
<tr>
<td align ="center" width ="100%">
<a href ="http://listings.ebay.com/aw/plistings/list/category3510/index.html">
<font size ="2" color ="#000000">
Stamps:UK
(Great
Britain):Edward
VII
</font>
</a>
</td>
</tr>
</table>
</center>
]]>
</start-string>
<start-string context="52">
<![CDATA[<form>
<input>
</input>
<input>
</input>
<input>
</input>
<input>
</input>
<input>
</input>
<input>
</input>
<table>
<tr>
<td>
<center>
<b>
<font>
Bidding
is
closed
for
this
item.
</font>
</b>
</center>
</td>
</tr>
<tr>
<td>
<div>
<br>
</br>
<font>
<b>
<a>
bauhaus22
</a>
<a>
(502)
</a>
<a>
<img>
</img>
</a>
</b>
is
the
winner.
<br>
</br>
Please
review
the
seller's
Payment
Instructions
and
then
you
may
<b>
<input>
</input>
<br>
</br>
</b>
</font>
<img>
</img>
<br>
</br>
<br>
</br>
<img>
</img>
</div>
</td>
</tr>
<tr>
<td>
<a>
<font>
Learn
more
about
Checkout
</font>
</a>
</td>
</tr>
<tr>
<td>
<font>
<b>
Payment
Details
</b>
</font>
<table>
<tr>
<td>
<table>
<tr>
<td>
<font>
Item
price
</font>
</td>
<td>
<font>
$60.00
</font>
</td>
</tr>
<tr>
<td>
<font>
See
Payment
Instructions
and
item
description,
or
contact
seller
for
more
information.
</font>
</td>
</tr>
</table>
</td>
</tr>
<tr>
<td>
<table>
<tr>
<td>
<hr>
</hr>
<font>
Seller:
<a>
Create
and
send
an
invoice
</a>
to
buyer.
<br>
</br>
Buyer
&amp;
Seller:
View
the
most
recent
<a>
Payment
Details.
</a>
<br>
</br>
</font>
</td>
</tr>
</table>
</td>
</tr>
</table>
</td>
<td>
<b>
<font>
Payment
Instructions
</font>
</b>
<table>
<tr>
<td>
<font>
See
item
description
or
contact
seller
for
more
information.
</font>
</td>
</tr>
</table>
</td>
</tr>
</table>
<hr>
</hr>
<br>
</br>
<br>
</br>
</form>
]]>
</start-string>
<start-string context="57">
<![CDATA[<img src ="http://pics.ebay.com/aw/pics/dot_clear.gif" width ="1" vspace ="2" border ="0" alt ="Spacer">
 
<center>
<table border ="0" cellpadding ="0" cellspacing ="0" width ="100%">
<tr>
<td width ="13%" rowspan ="30" valign ="top" align ="left">
]]>
</start-string>
<start-string context="54">
<![CDATA[<a>
<img>
</img>
</a>
<br>
</br>
<a>
<img>
</img>
</a>
<br>
</br>
]]>
</start-string>
<start-string context="55">
<![CDATA[<a>
<img>
</img>
</a>
<br>
</br>
<a>
<img>
</img>
</a>
<br>
</br>
<a>
<img>
</img>
</a>
<br>
</br>
]]>
</start-string>
<start-string context="56">
<![CDATA[<a>
<img>
</img>
</a>
<br>
</br>
<a>
<img>
</img>
</a>
<font>
<br>
</br>
<a>
(to
seller)
</a>
<br>
</br>
<a>
(to
bidder)
</a>
<br>
</br>
</font>
<table>
<tr>
<td>
<font>
If
you
are
the
seller
or
a
high
bidder
-
<a>
now
what?
</a>
</font>
<br>
</br>
</td>
<td>
</td>
</tr>
</table>
<br>
</br>
<br>
</br>
]]>
</start-string>
<start-string context="61">
<![CDATA[</td>
<td>
<table border ="0" cellpadding ="0" cellspacing ="0" width ="100%">
<tr>
<td width ="13%" valign ="top">
<font size ="2">
Currently
</font>
</td>
<td width ="31%">
]]>
</start-string>
<start-string context="65">
<![CDATA[</td>
<td width ="1%">
</td>
<td width ="10%" valign ="top">
<font size ="2">
First
bid
</font>
</td>
<td width ="45%" valign ="top">
]]>
</start-string>
<start-string context="69">
<![CDATA[</td>
</tr>
<tr>
<td width ="13%">
<font size ="2">
Quantity
</font>
</td>
<td width ="31%">
<b>
1
</b>
</td>
<td width ="1%">
</td>
<td width ="10%">
<font size ="2">
#
of
bids
</font>
</td>
<td width ="45%">
<b>
]]>
</start-string>
<start-string context="66">
<![CDATA[0
]]>
</start-string>
<start-string context="67">
<![CDATA[3
]]>
</start-string>
<start-string context="68">
<![CDATA[1
]]>
</start-string>
<start-string context="72">
<![CDATA[</b>
<font size ="2">
<a href ="http://cgi6.ebay.com/aw-cgi/eBayISAPI.dll?ViewBids&amp;item=1330190403">
bid
history
</a>
</font>
</td>
</tr>
<tr>
<td width ="13%">
<font size ="2">
Time
left
</font>
</td>
<td width ="31%">
<b>
]]>
</start-string>
<start-string context="74">
<![CDATA[</b>
<br>
 
]]>
</start-string>
<start-string context="73">
<![CDATA[<table>
<tr>
<td>
<font>
High
bidder
used
Buy
It
Now!
</font>
<a>
<font>
Learn
more
</font>
</a>
</td>
</tr>
</table>
]]>
</start-string>
<start-string context="75">
<![CDATA[</td>
<td width ="1%">
</td>
<td width ="10%">
<font size ="2">
Location
</font>
</td>
<td width ="45%">
<b>
]]>
</start-string>
<start-string context="78">
<![CDATA[</b>
</td>
</tr>
<tr>
<td width ="13%">
</td>
<td width ="31%">
</td>
<td width ="1%">
</td>
<td width ="10%">
<font size ="2">
]]>
</start-string>
<start-string context="76">
<![CDATA[Country/Region
]]>
</start-string>
<start-string context="77">
<![CDATA[Country
]]>
</start-string>
<start-string context="79">
<![CDATA[</font>
</td>
<td width ="45%">
<b>
]]>
</start-string>
<start-string context="80">
<![CDATA[</b>
</td>
</tr>
<tr>
<td width ="13%">
<font size ="2">
Started
</font>
</td>
<td width ="31%">
<font size ="2">
]]>
</start-string>
<start-string context="81">
<![CDATA[PST
</font>
</td>
<td width ="1%">
</td>
<td width ="10%" colspan ="2">
<font size ="2">
<a href ="http://cgi3.ebay.com/aw-cgi/eBayISAPI.dll?ShowEmailAuctionToFriend&amp;item=1330190403">
<img border ="0" alt ="envelope" height ="9" width ="13" src ="http://pics.ebay.com/aw/pics/envelope.gif">
 
</a>
<a href ="http://cgi3.ebay.com/aw-cgi/eBayISAPI.dll?ShowEmailAuctionToFriend&amp;item=1330190403">
mail
this
auction
to
a
friend
</a>
</font>
<br>
 
</td>
</tr>
<tr>
<td width ="13%">
<font size ="2">
Ends
</font>
</td>
<td width ="31%">
<font size ="2">
]]>
</start-string>
<start-string context="85">
<![CDATA[PST
</font>
</td>
<td width ="1%">
</td>
<td width ="10%" colspan ="2">
<font size ="2">
<a href ="http://cgi1.ebay.com/aw-cgi/eBayISAPI.dll?MakeTrack&amp;item=1330190403">
<img border ="0" height ="14" width ="16" alt ="watch this item" src ="http://pics.ebay.com/aw/pics/watch-icon.gif">
 
</a>
<a href ="http://cgi1.ebay.com/aw-cgi/eBayISAPI.dll?MakeTrack&amp;item=1330190403">
]]>
</start-string>
<start-string context="83">
<![CDATA[watch
this
item
]]>
</start-string>
<start-string context="84">
<![CDATA[request
a
gift
alert
]]>
</start-string>
<start-string context="86">
<![CDATA[</a>
</font>
<br>
 
</td>
</tr>
<tr>
<td width ="13%">
</td>
<td width ="31%">
</td>
<td width ="1%">
</td>
<td width ="10%">
<img src ="http://pics.ebay.com/aw/pics/dot_clear.gif" width ="1" vspace ="4" border ="0">
 
</td>
<td width ="45%">
</td>
</tr>
<tr>
<td width ="13%">
<font size ="2">
Seller
(Rating)
</font>
</td>
<td width ="31%" colspan ="4">
<b>
]]>
</start-string>
<start-string context="87">
<![CDATA[</b>
</td>
</tr>
]]>
</start-string>
<start-string context="89">
<![CDATA[<tr>
<td width ="13%">
</td>
<td width ="31%" colspan ="4">
<font size ="2">
<a href ="http://cgi2.ebay.com/aw-cgi/eBayISAPI.dll?ViewFeedback&amp;userid=ahhaim@aol.com">
view
comments
in
seller's
Feedback
Profile
</a>
|
<a href ="http://cgi6.ebay.com/aw-cgi/eBayISAPI.dll?ViewListedItems&amp;userid=ahhaim@aol.com&amp;include=0&amp;since=-1&amp;sort=2&amp;rows=25">
view
seller's
other
auctions
</a>
|
<a href ="http://contact.ebay.com/aw-cgi/eBayISAPI.dll?ShowCoreAskSellerQuestion&amp;requested=ahhaim@aol.com&amp;iid=1330190403&amp;frm=284">
ask
seller
a
question
</a>
]]>
</start-string>
<start-string context="88">
<![CDATA[|
<a>
Checkout
summary
</a>
]]>
</start-string>
<start-string context="90">
<![CDATA[</font>
</td>
</tr>
<tr>
<td width ="13%">
</td>
<td width ="31%">
</td>
<td width ="1%">
</td>
<td width ="10%">
<img src ="http://pics.ebay.com/aw/pics/dot_clear.gif" width ="1" vspace ="4" border ="0">
 
</td>
<td width ="45%">
</td>
</tr>
<tr>
<td width ="13%" valign ="top">
<font size ="2">
High
bid
</font>
</td>
<td width ="31%" valign ="top" colspan ="4">
]]>
</start-string>
<start-string context="91">
<![CDATA[</td>
</tr>
<tr>
<td width ="13%">
</td>
<td width ="31%">
</td>
<td width ="1%">
</td>
<td width ="10%">
<img src ="http://pics.ebay.com/aw/pics/dot_clear.gif" width ="1" vspace ="4" border ="0">
 
</td>
<td width ="45%">
</td>
</tr>
<tr>
<td width ="13%" valign ="top">
<a id ="#PAYMENT" name ="#PAYMENT">
</a>
<font size ="2">
Payment
</font>
</td>
<td width ="31%" valign ="top" colspan ="4">
<font size ="2" color ="#CC3333">
]]>
</start-string>
<start-string context="92">
<![CDATA[</font>
<br>
 
</td>
<td colspan ="2" align ="left" valign ="top" rowspan ="3">
]]>
</start-string>
<start-string context="12">
<![CDATA[<table width ="95%" border ="0" cellspacing ="0" cellpadding ="0">
<tr>
<td height ="1" bgcolor ="#ffffff">
</td>
<td height ="1" colspan ="2" bgcolor ="#00008B">
</td>
</tr>
<tr align ="center" valign ="top">
<td width ="5" rowspan ="2" bgcolor ="#ffffff">
</td>
<td width ="1" rowspan ="2" bgcolor ="#00008B">
</td>
<td>
<table width ="100%" border ="0" cellpadding ="0" cellspacing ="0">
<tr>
<td height ="10">
</td>
</tr>
<tr align ="center">
<td colspan ="4">
<b>
<a href ="http://pages.ebay.com/help/buyerguide/bp-buyer.html">
<font size ="2">
eBay
Payments
</font>
</a>
</b>
</td>
</tr>
<tr align ="center">
<td colspan ="4">
]]>
</start-string>
<end-string context="12">
<![CDATA[<br>
 
<p>
<a href ="http://www.billpoint.com/promotion/ebaypayments.html" target ="_blank">
<font size ="-1" face ="Arial, Helvetica, sans-serif">
<b>
<font color ="#FF0000" face ="Times New Roman, Times, serif">
Full
Purchase
Protection
</font>
</b>
</font>
</a>
</p>
</td>
</tr>
</table>
</td>
</tr>
</table>
<br>
 
]]>
</end-string>
<start-string context="10">
<![CDATA[<img>
</img>
]]>
</start-string>
<start-string context="11">
<![CDATA[<img>
</img>
<img>
</img>
]]>
</start-string>
<start-string context="95">
<![CDATA[</td>
</tr>
]]>
</start-string>
<start-string context="93">
<![CDATA[<tr>
<td>
</td>
<td>
</td>
<td>
</td>
</tr>
]]>
</start-string>
<start-string context="94">
<![CDATA[<tr>
<td>
</td>
<td>
</td>
<td>
</td>
</tr>
<tr>
<td>
<font>
Escrow
</font>
</td>
<td>
<font>
Escrow
is
accepted
if
buyer
pays
fee.
<a>
learn
more
</a>
</font>
</td>
</tr>
]]>
</start-string>
<start-string context="99">
<![CDATA[<tr>
<td width ="13%" valign ="top">
<font size ="2">
Shipping
</font>
</td>
<td width ="31%" valign ="top" colspan ="4">
<font size ="-1" color ="#CC3333">
]]>
</start-string>
<start-string context="103">
<![CDATA[<br>
 
</font>
</td>
</tr>
]]>
</start-string>
<start-string context="101">
<![CDATA[<tr>
<td width ="13%">
</td>
<td width ="31%">
</td>
<td width ="1%">
</td>
<td width ="10%">
<img src ="http://pics.ebay.com/aw/pics/dot_clear.gif" width ="1" vspace ="4" border ="0">
 
</td>
<td width ="45%">
</td>
</tr>
<tr>
]]>
</start-string>
<end-string context="101">
<![CDATA[</tr>
]]>
</end-string>
<start-string context="106">
<![CDATA[</table>
</td>
</tr>
</table>
</center>
<br>
 
<table border ="0" cellpadding ="8" cellspacing ="0" width ="100%">
<tr>
<td>
Seller
assumes
all
responsibility
for
listing
this
item.
You
should
contact
the
seller
to
resolve
any
questions
before
bidding.
Auction
currency
is
]]>
</start-string>
<start-string context="104">
<![CDATA[U.S.
dollars
]]>
</start-string>
<start-string context="105">
<![CDATA[Pounds
Sterling
]]>
</start-string>
<start-string context="109">
<![CDATA[(
]]>
</start-string>
<start-string context="107">
<![CDATA[$
]]>
</start-string>
<start-string context="108">
<![CDATA[GBP
]]>
</start-string>
<start-string context="132">
<![CDATA[)
unless
otherwise
noted.
</td>
</tr>
</table>
<center>
<table border ="1" cellspacing ="0" width ="100%" bgcolor ="#CCCCFF">
<tr>
<td align ="center" width ="100%" height ="27">
<font size ="4" color ="#000000">
<b>
<a id ="DESC" name ="DESC">
Description
</a>
</b>
</font>
</td>
</tr>
</table>
<br>
 
</center>
]]>
</start-string>
<end-string context="132">
<![CDATA[</body>
</html>
]]>
</end-string>
</template>

