<schema id="77">
<tuple id="76" order="32">
<basic id="11">
</basic>
<basic id="12">
</basic>
<basic id="13">
</basic>
<basic id="14">
</basic>
<basic id="15">
</basic>
<basic id="16">
</basic>
<basic id="17">
</basic>
<disj id="20">
<empty id="18">
</empty>
<empty id="19">
</empty>
</disj>
<basic id="21">
</basic>
<basic id="22">
</basic>
<basic id="23">
</basic>
<disj id="26">
<empty id="24">
</empty>
<empty id="25">
</empty>
</disj>
<basic id="27">
</basic>
<basic id="28">
</basic>
<basic id="31">
</basic>
<basic id="32">
</basic>
<basic id="33">
</basic>
<basic id="34">
</basic>
<basic id="35">
</basic>
<basic id="36">
</basic>
<basic id="37">
</basic>
<set id="43">
<tuple id="42" order="2">
<basic id="40">
</basic>
<basic id="41">
</basic>
</tuple>
</set>
<basic id="44">
</basic>
<disj id="52">
<set id="51">
<tuple id="50" order="2">
<disj id="48">
<empty id="46">
</empty>
<empty id="47">
</empty>
</disj>
<basic id="49">
</basic>
</tuple>
</set>
<empty id="53">
</empty>
</disj>
<disj id="59">
<empty id="56">
</empty>
<empty id="57">
</empty>
<empty id="58">
</empty>
</disj>
<disj id="68">
<set id="67">
<tuple id="66" order="5">
<basic id="61">
</basic>
<basic id="62">
</basic>
<basic id="63">
</basic>
<basic id="64">
</basic>
<basic id="65">
</basic>
</tuple>
</set>
<empty id="69">
</empty>
</disj>
<basic id="70">
</basic>
<basic id="71">
</basic>
<basic id="72">
</basic>
<basic id="73">
</basic>
<set id="74" max="1">
<tuple id="10" order="1">
<set id="9">
<tuple id="8" order="5">
<basic id="3">
</basic>
<basic id="4">
</basic>
<basic id="5">
</basic>
<basic id="6">
</basic>
<basic id="7">
</basic>
</tuple>
</set>
</tuple>
</set>
<basic id="75">
</basic>
</tuple>
</schema>

