<template schema="77">
<start-string context="11">
<![CDATA[ 
<html xmlns ="http://www.w3.org/1999/xhtml">
<head>
<meta name ="generator" content ="HTML Tidy for Linux/x86 (vers 1st February 2002), see www.w3.org">
 
<title>
The
Australian
Open
Official
Site
By
IBM
Players
</title>
<meta name ="language" content ="EN">
 
<meta http equiv ="PICS-Label" content ='(PICS-1.0 http www rsac org ratingsv01 html l gen true comment rsaci north america server by webmaster ausopen com for on t08 r n s v l http www classify org safesurf l by webmaster ausopen com r ss>
 
<meta name ="owner" content ="">
 
<meta name ="Reply-To" content ="">
 
<meta name ="security" content ="public">
 
<meta name ="robots" content ="index, follow">
 
<meta name ="revisit-after" content ="10 days">
 
<meta name ="abstract" content ="IBM presents the official site of the Australian Open. Learn about your favorite tennis players including Anna Kournikova, Martina Hingis, Venus Williams, Andre Agassi, Jennifer Capriati and Pete Sampras.">
 
<meta name ="description" content ="IBM presents the official site of the Australian Open. Learn about your favorite tennis players including Anna Kournikova, Martina Hingis, Venus Williams, Andre Agassi, Jennifer Capriati and Pete Sampras.">
 
<meta name ="keywords" content ="anna kournikova, martina hingis, venus williams, andre agassi, serena williams, jennifer capriati, tennis players, pete sampras, patrick rafter, lindsay davenport, goran ivanisevic, tim henman, carlos moya, womens tennis player, australian open tennis 2002, australian open, official site, ibm, tennis, anna kournikova, martina hingis, andre agassi, jennifer capriati, pete sampras, venus williams, serena williams, grand slam">
 
<link rel ="stylesheet" href ="/includes/css/ausopen.css" type ="text/css">
 
<link rel ="stylesheet" href ="/includes/css/menu.css" type ="text/css">
 
</head>
<body bgcolor ="#ffffff" leftmargin ="0" topmargin ="0" marginheight ="0" marginwidth ="0" onresize ="resizeDetected();">
<map id ="ibm" name ="ibm">
<area alt ="IBM an e-business solution" coords ="515,23,686,60" href ="/click/www.ibm.com/e-business/" target ="_blank" shape ="rect">
 
<area alt ="Home" coords ="0,0,508,59" href ="/index.html" shape ="rect">
 
</map>
<map id ="nav" name ="nav">
<area alt ="Scoreboard" coords ="0,0,91,18" href ="/scores/index.html" onmouseover ="overMenu(1,false);" onmouseout ="offMenu(1);">
 
<area alt ="Players" coords ="91,0,159,18" href ="/bios/index.html" onmouseover ="overMenu(2,false);" onmouseout ="offMenu(2);">
 
<area alt ="Live @ the Open" coords ="159,0,275,18" href ="/interactive/index.html" onmouseover ="overMenu(3,false);" onmouseout ="offMenu(3);" shape ="rect">
 
<area alt ="News and Photos" coords ="0,18,98,34" href ="/news/index.html" onmouseover ="overMenu(4,false);" onmouseout ="offMenu(4);" shape ="rect">
 
<area alt ="Draws" coords ="98,18,148,34" href ="/scores/draws/ms/index.html" onmouseover ="overMenu(5,false);" onmouseout ="offMenu(5);" shape ="rect">
 
<area alt ="Tournament Guide" coords ="148,18,264,34" href ="/about/index.html" onmouseover ="overMenu(6,false);" onmouseout ="offMenu(6);" shape ="rect">
 
<area alt ="AO Shop Online" coords ="264,18,366,34" href ="/shop/index.html" onmouseover ="overMenu(7,false);" onmouseout ="offMenu(7);">
 
<area alt ="Grand Slam Links" coords ="366,18,470,34" href ="/info/grandslam/index.html" onmouseover ="overMenu(8,false);" onmouseout ="offMenu(8);" shape ="rect">
 
</map>
<map id ="secnav" name ="secnav">
<area alt ="IBM Real-Time Scoreboard" coords ="0,3,174,19" href ="javascript:launch();" shape ="rect">
 
<area alt ="Schedule of Play" coords ="0,20,105,36" href ="/scores/schedule/index.html" shape ="rect">
 
<area alt ="AO Time" coords ="105,20,173,36" href ="/scores/weather/index.html" shape ="rect">
 
</map>
<map id ="shop" name ="shop">
<area alt ="Buy" coords ="76,0,163,17" href ="/shop/index.html" shape ="rect">
 
</map>
<map id ="sponsors" name ="sponsors">
<area alt ="Major Sponsor" coords ="0,1,79,50" href ="/click/global.kia.co.kr/" target ="_blank">
 
<area alt ="Associate Sponsor" coords ="88,13,170,39" href ="/click/www.heineken.com/" target ="_blank">
 
</map>
<map id ="leftnav" name ="leftnav">
<area alt ="Seeded Players" coords ="3,5,107,25" href ="/bios/index.html">
 
<area alt ="Men" coords ="3,25,55,44" href ="/bios/indexm.html">
 
<area alt ="Women" coords ="3,44,69,62" href ="/bios/indexw.html">
 
<area alt ="Countries" coords ="3,62,76,82" href ="/bios/nations/index.html" shape ="rect">
 
</map>
<div id ="mainMenuHover" class ="mainMenuClass">
<img src ="/images/nav/top/ao00100r1.gif" width ="470" height ="35" border ="0" alt ="">
 
</div>
<div id ="mainMenuMap" class ="mainMenuClass">
<img src ="/images/misc/trans.gif" border ="0" height ="35" width ="470" alt ="" usemap ="#nav">
 
</div>
<noscript>
<a href ="#content">
<img src ="http://census.ausopen.org/rc/images/uc.GIF?pag=/bios/profile/ms/atpa092.html&amp;num=32&amp;site=noscript" width ="517" height ="1" border ="0" alt ="Jump to Content">
 
</a>
<br clear ="left">
 
</noscript>
<table border ="0" cellspacing ="0" cellpadding ="0">
<tr>
<td colspan ="2">
<img src ="/images/nav/top/ao01000ge.gif" width ="750" height ="69" border ="0" alt ="Australian Open" usemap ="#ibm">
 
</td>
</tr>
<tr>
<td>
<img src ="/images/nav/top/ao00100n1.gif" width ="470" height ="35" border ="0" alt ="">
 
</td>
<td>
<img src ="/images/nav/top/ao00100g2.jpg" width ="280" height ="35" border ="0" alt ="">
 
</td>
</tr>
</table>
<table border ="0" cellpadding ="0" cellspacing ="0" width ="725">
<tr>
<td width ="175" rowspan ="2" height ="32">
<img src ="/images/nav/days/ao01000g1.gif" width ="175" height ="32" alt ="">
 
</td>
<td width ="11" rowspan ="2">
<spacer type ="block" width ="11" height ="1">
 
</td>
<td width ="377" rowspan ="2">
<img src ="/images/nav/top/ao01000g2.gif" width ="331" height ="32" alt ="Official Site of the Australian Open">
 
<img src ="/images/nav/top/ao01000g3.gif" width ="46" height ="32" alt ="">
 
</td>
<td width ="126" height ="31" class ="bg2" valign ="middle">
<form action ="/p/search/htsearch" method ="post" name ="ksearch" id ="ksearch">
<table>
<tr>
<td width ="126" class ="stext">
<input type ="hidden" name ="config" value ="ausopen">
 
<input type ="hidden" name ="sort" value ="score">
 
<input type ="hidden" name ="format" value ="long">
 
<input type ="hidden" name ="method" value ="and">
 
<input type ="text" name ="words" size ="14" class ="stext" style ="width:123px;">
 
</td>
</tr>
</table>
</form>
<map id ="go" name ="go">
<area alt ="Go" coords ="1,4,34,25" href ="#" onclick ="document.ksearch.submit(); return false;">
 
</map>
<table border ="0" cellspacing ="0" cellpadding ="0">
<tr>
<td width ="36" class ="bg2">
<img src ="/images/misc/ao00100g7.gif" width ="36" height ="29" border ="0" alt ="&gt;Go" usemap ="#go">
 
</td>
</tr>
<tr>
<td colspan ="2" height ="1" class ="bg3">
<spacer type ="block" height ="1" width ="1">
 
</td>
</tr>
</table>
<table border ="0" cellpadding ="0" cellspacing ="0" width ="726">
<tr>
<td width ="175" valign ="top" rowspan ="2" align ="right" background ="/images/misc/ao01000t2.gif">
<img src ="/images/nav/left/ao01000n1.gif" width ="175" height ="44" alt ="" border ="0" usemap ="#secnav">
 
<br>
 
<img src ="/images/nav/left/ao020a00n1.jpg" width ="165" height ="330" alt ="" border ="0" usemap ="#leftnav">
 
<br>
 
<img src ="/images/nav/left/ao01000g7.gif" width ="165" height ="21" alt ="AO Shop Online" border ="0">
 
<br>
 
<br>
 
<img src ="/images/nav/left/ao01000ga.jpg" width ="165" height ="165" alt ="" border ="0">
 
<br>
 
</td>
<td width ="11" rowspan ="2">
<spacer type ="block" width ="11" height ="1">
 
</td>
<td valign ="top" width ="540">
<a id ="content" name ="content">
</a>
<table border ="0" cellpadding ="0" cellspacing ="0">
<tr valign ="top">
<td width ="177" height ="39">
<img src ="/images/headers/ao020a00g1.gif" width ="69" height ="23" alt ="Players" border ="0">
 
</td>
<td width ="362" align ="right" rowspan ="2">
<img src ="/images/misc/ao01000gd.gif" width ="188" height ="50" alt ="" border ="0" vspace ="2" usemap ="#sponsors">
 
</td>
</tr>
<tr>
<td width ="331" valign ="top">
<img src ="/images/headers/ao02120g1.gif" width ="331" height ="18" border ="0" alt ="Men - Player Profile">
 
</td>
</tr>
</table>
<div style ="height: 15px; width: 1px;">
<spacer type ="block" height ="15" width ="1">
 
</div>
<table border ="0" cellpadding ="0" cellspacing ="0">
<tr>
<td width ="46" align ="left" valign ="middle">
<img src ="/images/flags/USA_h.gif" width ="43" height ="26" alt ="United States of America flag" border ="0">
 
</td>
<td valign ="top">
<div class ="ltextB">
]]>
</start-string>
<start-string context="12">
<![CDATA[<br>
 
<font class ="ltextB">
]]>
</start-string>
<start-string context="13">
<![CDATA[</font>
</div>
</td>
</tr>
</table>
<div style ="height: 15px; width: 1px;">
<spacer type ="block" height ="15" width ="1">
 
</div>
<table border ="0" cellspacing ="0" cellpadding ="0" width ="538">
<tr>
<td width ="404">
<table border ="0" cellspacing ="0" cellpadding ="0" width ="404">
<tr class ="tblBord">
<td colspan ="6" height ="1">
<spacer type ="block" height ="1" width ="1">
 
</td>
</tr>
<tr>
<td class ="tblBord" width ="1">
<spacer type ="block" height ="1" width ="1">
 
</td>
<td class ="tblTitleBg" colspan ="4" height ="17">
<font class ="tblTitleText">
Background
</font>
</td>
<td class ="tblBord" width ="1">
<spacer type ="block" height ="1" width ="1">
 
</td>
</tr>
<tr class ="tblBord">
<td colspan ="6" height ="1">
<spacer type ="block" height ="1" width ="1">
 
</td>
</tr>
<tr>
<td class ='tblBord' width ='1'>
<spacer type ='block' width ='1'>
 
</td>
<td width ='5' class ='tblBg'>
<spacer type ='block' width ='5'>
 
</td>
<td class ='tblBg' width ='210' height ='16' align ='right'>
<font class ='stext'>
Country:
</font>
</td>
<td class ='tblBord' width ='1'>
<spacer type ='block' width ='1'>
 
</td>
<td width ='191' bgcolor ='#FFFFCC'>
<font class ='stext'>
<b>
]]>
</start-string>
<start-string context="14">
<![CDATA[</b>
</font>
</td>
<td class ='tblBord' width ='1'>
<spacer type ='block' width ='1'>
 
</td>
</tr>
<tr class ='tblBord'>
<td colspan ='6'>
<spacer type ='block' height ='1'>
 
</td>
</tr>
<tr>
<td class ='tblBord' width ='1'>
<spacer type ='block' width ='1'>
 
</td>
<td width ='5' class ='tblBg'>
<spacer type ='block' width ='5'>
 
</td>
<td class ='tblBg' width ='210' height ='16' align ='right'>
<font class ='stext'>
Birth
Date:
</font>
</td>
<td class ='tblBord' width ='1'>
<spacer type ='block' width ='1'>
 
</td>
<td width ='191' bgcolor ='#FFFFCC'>
<font class ='stext'>
<b>
]]>
</start-string>
<start-string context="15">
<![CDATA[</b>
</font>
</td>
<td class ='tblBord' width ='1'>
<spacer type ='block' width ='1'>
 
</td>
</tr>
<tr class ='tblBord'>
<td colspan ='6'>
<spacer type ='block' height ='1'>
 
</td>
</tr>
<tr>
<td class ='tblBord' width ='1'>
<spacer type ='block' width ='1'>
 
</td>
<td width ='5' class ='tblBg'>
<spacer type ='block' width ='5'>
 
</td>
<td class ='tblBg' width ='210' height ='16' align ='right'>
<font class ='stext'>
Birthplace:
</font>
</td>
<td class ='tblBord' width ='1'>
<spacer type ='block' width ='1'>
 
</td>
<td width ='191' bgcolor ='#FFFFCC'>
<font class ='stext'>
<b>
]]>
</start-string>
<start-string context="16">
<![CDATA[</b>
</font>
</td>
<td class ='tblBord' width ='1'>
<spacer type ='block' width ='1'>
 
</td>
</tr>
<tr class ='tblBord'>
<td colspan ='6'>
<spacer type ='block' height ='1'>
 
</td>
</tr>
<tr>
<td class ='tblBord' width ='1'>
<spacer type ='block' width ='1'>
 
</td>
<td width ='5' class ='tblBg'>
<spacer type ='block' width ='5'>
 
</td>
<td class ='tblBg' width ='210' height ='16' align ='right'>
<font class ='stext'>
Residence:
</font>
</td>
<td class ='tblBord' width ='1'>
<spacer type ='block' width ='1'>
 
</td>
<td width ='191' bgcolor ='#FFFFCC'>
<font class ='stext'>
<b>
]]>
</start-string>
<start-string context="17">
<![CDATA[</b>
</font>
</td>
<td class ='tblBord' width ='1'>
<spacer type ='block' width ='1'>
 
</td>
</tr>
<tr class ='tblBord'>
<td colspan ='6'>
<spacer type ='block' height ='1'>
 
</td>
</tr>
<tr>
<td class ='tblBord' width ='1'>
<spacer type ='block' width ='1'>
 
</td>
<td width ='5' class ='tblBg'>
<spacer type ='block' width ='5'>
 
</td>
<td class ='tblBg' width ='210' height ='16' align ='right'>
<font class ='stext'>
Height:
</font>
</td>
<td class ='tblBord' width ='1'>
<spacer type ='block' width ='1'>
 
</td>
<td width ='191' bgcolor ='#FFFFCC'>
<font class ='stext'>
<b>
]]>
</start-string>
<start-string context="20">
<![CDATA[metres
(
]]>
</start-string>
<start-string context="18">
<![CDATA[5
]]>
</start-string>
<start-string context="19">
<![CDATA[6
]]>
</start-string>
<start-string context="21">
<![CDATA[ft.
]]>
</start-string>
<start-string context="22">
<![CDATA[in.
)
</b>
</font>
</td>
<td class ='tblBord' width ='1'>
<spacer type ='block' width ='1'>
 
</td>
</tr>
<tr class ='tblBord'>
<td colspan ='6'>
<spacer type ='block' height ='1'>
 
</td>
</tr>
<tr>
<td class ='tblBord' width ='1'>
<spacer type ='block' width ='1'>
 
</td>
<td width ='5' class ='tblBg'>
<spacer type ='block' width ='5'>
 
</td>
<td class ='tblBg' width ='210' height ='16' align ='right'>
<font class ='stext'>
Weight:
</font>
</td>
<td class ='tblBord' width ='1'>
<spacer type ='block' width ='1'>
 
</td>
<td width ='191' bgcolor ='#FFFFCC'>
<font class ='stext'>
<b>
]]>
</start-string>
<start-string context="23">
<![CDATA[kilos
(
]]>
</start-string>
<start-string context="26">
<![CDATA[lbs.
)
</b>
</font>
</td>
<td class ='tblBord' width ='1'>
<spacer type ='block' width ='1'>
 
</td>
</tr>
<tr class ='tblBord'>
<td colspan ='6'>
<spacer type ='block' height ='1'>
 
</td>
</tr>
<tr>
<td class ='tblBord' width ='1'>
<spacer type ='block' width ='1'>
 
</td>
<td width ='5' class ='tblBg'>
<spacer type ='block' width ='5'>
 
</td>
<td class ='tblBg' width ='210' height ='16' align ='right'>
<font class ='stext'>
Plays:
</font>
</td>
<td class ='tblBord' width ='1' bgcolor ='#FFFFCC'>
<spacer type ='block' width ='1'>
 
</td>
<td width ='191' bgcolor ='#FFFFCC'>
<font class ='stext'>
<b>
]]>
</start-string>
<start-string context="24">
<![CDATA[Right
]]>
</start-string>
<start-string context="25">
<![CDATA[Left
]]>
</start-string>
<start-string context="27">
<![CDATA[</b>
</font>
</td>
<td class ='tblBord' width ='1'>
<spacer type ='block' width ='1'>
 
</td>
</tr>
<tr class ='tblBord'>
<td colspan ='6'>
<spacer type ='block' height ='1'>
 
</td>
</tr>
<tr>
<td class ='tblBord' width ='1'>
<spacer type ='block' width ='1'>
 
</td>
<td width ='5' class ='tblBg'>
<spacer type ='block' width ='5'>
 
</td>
<td class ='tblBg' width ='210' height ='16' align ='right'>
<font class ='stext'>
Year
turned
pro:
</font>
</td>
<td class ='tblBord' width ='1' bgcolor ='#FFFFCC'>
<spacer type ='block' width ='1'>
 
</td>
<td width ='191' bgcolor ='#FFFFCC'>
<font class ='stext'>
<b>
]]>
</start-string>
<start-string context="28">
<![CDATA[</b>
</font>
</td>
<td class ='tblBord' width ='1'>
<spacer type ='block' width ='1'>
 
</td>
</tr>
<tr class ='tblBord'>
<td colspan ='6'>
<spacer type ='block' height ='1'>
 
</td>
</tr>
<tr>
<td class ='tblBord' width ='1'>
<spacer type ='block' width ='1'>
 
</td>
<td width ='5' height ='16' class ='tblBg'>
<spacer type ='block' width ='5'>
 
</td>
<td class ='tblBg' width ='210' height ='16' align ='right'>
<font class ='stext'>
Current
52
week
rank
for
singles:
</font>
</td>
<td class ='tblBord' width ='1'>
<spacer type ='block' width ='1'>
 
</td>
<td width ='191' height ='16' bgcolor ='#FFFFCC'>
<font class ='stext'>
<b>
]]>
</start-string>
<start-string context="31">
<![CDATA[</b>
</font>
</td>
<td class ='tblBord' width ='1'>
<spacer type ='block' width ='1'>
 
</td>
</tr>
]]>
</start-string>
<start-string context="32">
<![CDATA[<tr>
<td class ='tblBord' width ='1'>
<spacer type ='block' width ='1'>
 
</td>
<td width ='5' height ='16' class ='tblBg'>
<spacer type ='block' width ='5'>
 
</td>
<td class ='tblBg' width ='210' height ='16' align ='right'>
<font class ='stext'>
High
rank
for
singles:
</font>
</td>
<td class ='tblBord' width ='1'>
<spacer type ='block' width ='1'>
 
</td>
<td width ='191' height ='16' bgcolor ='#FFFFCC'>
<font class ='stext'>
<b>
]]>
</start-string>
<start-string context="33">
<![CDATA[</b>
</font>
</td>
<td class ='tblBord' width ='1'>
<spacer type ='block' width ='1'>
 
</td>
</tr>
<tr class ='tblBord'>
<td colspan ='6'>
<spacer type ='block' height ='1'>
 
</td>
</tr>
<tr>
<td class ='tblBord' width ='1'>
<spacer type ='block' width ='1'>
 
</td>
<td width ='5' height ='16' class ='tblBg'>
<spacer type ='block' width ='5'>
 
</td>
<td class ='tblBg' width ='210' height ='16' align ='right'>
<font class ='stext'>
High
rank
date
for
singles:
</font>
</td>
<td class ='tblBord' width ='1'>
<spacer type ='block' width ='1'>
 
</td>
<td width ='191' height ='16' bgcolor ='#FFFFCC'>
<font class ='stext'>
<b>
]]>
</start-string>
<start-string context="34">
<![CDATA[</b>
</font>
</td>
<td class ='tblBord' width ='1'>
<spacer type ='block' width ='1'>
 
</td>
</tr>
<tr class ='tblBord'>
<td colspan ='6'>
<spacer type ='block' height ='1'>
 
</td>
</tr>
<tr>
<td class ='tblBord' width ='1'>
<spacer type ='block' width ='1'>
 
</td>
<td width ='5' height ='16' class ='tblBg'>
<spacer type ='block' width ='5'>
 
</td>
<td class ='tblBg' width ='210' height ='16' align ='right'>
<font class ='stext'>
High
ATP
Champions
Race
Position:
</font>
</td>
<td class ='tblBord' width ='1'>
<spacer type ='block' width ='1'>
 
</td>
<td width ='191' height ='16' bgcolor ='#FFFFCC'>
<font class ='stext'>
<b>
]]>
</start-string>
<start-string context="35">
<![CDATA[</b>
</font>
</td>
<td class ='tblBord' width ='1'>
<spacer type ='block' width ='1'>
 
</td>
</tr>
<tr class ='tblBord'>
<td colspan ='6'>
<spacer type ='block' height ='1'>
 
</td>
</tr>
<tr>
<td class ='tblBord' width ='1'>
<spacer type ='block' width ='1'>
 
</td>
<td width ='5' height ='16' class ='tblBg'>
<spacer type ='block' width ='5'>
 
</td>
<td class ='tblBg' width ='210' height ='16' align ='right'>
<font class ='stext'>
High
ATP
Champions
Race
Position
Date:
</font>
</td>
<td class ='tblBord' width ='1'>
<spacer type ='block' width ='1'>
 
</td>
<td width ='191' height ='16' bgcolor ='#FFFFCC'>
<font class ='stext'>
<b>
]]>
</start-string>
<start-string context="36">
<![CDATA[</b>
</font>
</td>
<td class ='tblBord' width ='1'>
<spacer type ='block' width ='1'>
 
</td>
</tr>
<tr class ='tblBord'>
<td colspan ='6'>
<spacer type ='block' height ='1'>
 
</td>
</tr>
<tr>
<td class ='tblBord' width ='1'>
<spacer type ='block' width ='1'>
 
</td>
<td width ='5' height ='16' class ='tblBg'>
<spacer type ='block' width ='5'>
 
</td>
<td class ='tblBg' width ='210' height ='16' align ='right'>
<font class ='stext'>
High
rank
for
doubles:
</font>
</td>
<td class ='tblBord' width ='1'>
<spacer type ='block' width ='1'>
 
</td>
<td width ='191' height ='16' bgcolor ='#FFFFCC'>
<font class ='stext'>
<b>
]]>
</start-string>
<start-string context="37">
<![CDATA[</b>
</font>
</td>
<td class ='tblBord' width ='1'>
<spacer type ='block' width ='1'>
 
</td>
</tr>
<tr class ='tblBord'>
<td colspan ='6'>
<spacer type ='block' height ='1'>
 
</td>
</tr>
<tr>
<td class ='tblBord' width ='1'>
<spacer type ='block' width ='1'>
 
</td>
<td width ='5' height ='16' class ='tblBg'>
<spacer type ='block' width ='5'>
 
</td>
<td class ='tblBg' width ='210' height ='16' align ='right'>
<font class ='stext'>
High
rank
date
for
doubles:
</font>
</td>
<td class ='tblBord' width ='1'>
<spacer type ='block' width ='1'>
 
</td>
<td width ='191' height ='16' bgcolor ='#FFFFCC'>
<font class ='stext'>
<b>
]]>
</start-string>
<start-string context="43">
<![CDATA[</b>
</font>
</td>
<td class ='tblBord' width ='1'>
<spacer type ='block' width ='1'>
 
</td>
</tr>
]]>
</start-string>
<end-string context="43">
<![CDATA[<td>
<spacer>
</spacer>
</td>
</tr>
<tr>
<td>
<spacer>
</spacer>
</td>
</tr>
]]>
</end-string>
<sep-string context="43">
<![CDATA[<td>
<spacer>
</spacer>
</td>
</tr>
<tr>
<td>
<spacer>
</spacer>
</td>
</tr>
<tr>
<td>
<spacer>
</spacer>
</td>
<td>
<spacer>
</spacer>
</td>
]]>
</sep-string>
<start-string context="40">
<![CDATA[<td class ='tblBg' width ='210' height ='16' align ='right'>
<font class ='stext'>
]]>
</start-string>
<start-string context="41">
<![CDATA[</font>
</td>
<td class ='tblBord' width ='1'>
<spacer type ='block' width ='1'>
 
</td>
<td width ='191' height ='16' bgcolor ='#FFFFCC'>
<font class ='stext'>
<b>
]]>
</start-string>
<end-string context="41">
<![CDATA[</b>
</font>
</td>
]]>
</end-string>
<start-string context="44">
<![CDATA[<tr>
<td class ='tblBord' width ='1'>
<spacer type ='block' width ='1'>
 
</td>
<td width ='5' height ='16' class ='tblBg'>
<spacer type ='block' width ='5'>
 
</td>
<td class ='tblBg' width ='210' height ='16' align ='right'>
<font class ='stext'>
Career
prize
money:
</font>
</td>
<td class ='tblBord' width ='1'>
<spacer type ='block' width ='1'>
 
</td>
<td width ='191' height ='16' bgcolor ='#FFFFCC'>
<font class ='stext'>
<b>
$
]]>
</start-string>
<start-string context="52">
<![CDATA[USD
</b>
</font>
</td>
<td class ='tblBord' width ='1'>
<spacer type ='block' width ='1'>
 
</td>
</tr>
]]>
</start-string>
<start-string context="51">
<![CDATA[<tr>
<td>
<spacer>
</spacer>
</td>
</tr>
<tr>
<td>
<spacer>
</spacer>
</td>
<td>
<spacer>
</spacer>
</td>
]]>
</start-string>
<end-string context="51">
<![CDATA[<td>
<spacer>
</spacer>
</td>
</tr>
<tr>
<td>
<spacer>
</spacer>
</td>
</tr>
]]>
</end-string>
<sep-string context="51">
<![CDATA[<td>
<spacer>
</spacer>
</td>
</tr>
<tr>
<td>
<spacer>
</spacer>
</td>
</tr>
<tr>
<td>
<spacer>
</spacer>
</td>
<td>
<spacer>
</spacer>
</td>
]]>
</sep-string>
<start-string context="48">
<![CDATA[<td class ='tblBg' width ='210' height ='16' align ='right'>
<font class ='stext'>
Year
to
date
prize
money
for
]]>
</start-string>
<start-string context="46">
<![CDATA[singles:
]]>
</start-string>
<start-string context="47">
<![CDATA[doubles:
]]>
</start-string>
<start-string context="49">
<![CDATA[</font>
</td>
<td class ='tblBord' width ='1'>
<spacer type ='block' width ='1'>
 
</td>
<td width ='191' height ='16' bgcolor ='#FFFFCC'>
<font class ='stext'>
<b>
$
]]>
</start-string>
<end-string context="49">
<![CDATA[USD
</b>
</font>
</td>
]]>
</end-string>
<start-string context="53">
<![CDATA[<tr>
<td>
<spacer>
</spacer>
</td>
</tr>
]]>
</start-string>
<start-string context="59">
<![CDATA[</table>
</td>
<td width ="134" valign ="top">
<a href ="/bios/ms/atpa092.html">
<img src ="/images/misc/ao02120b1.gif" border ="0" width ="134" height ="14">
 
</a>
]]>
</start-string>
<start-string context="56">
<![CDATA[<div>
<spacer>
</spacer>
</div>
<a>
<font>
<img>
</img>
</font>
</a>
<div>
<spacer>
</spacer>
</div>
<a>
<font>
<img>
</img>
</font>
</a>
<div>
<spacer>
</spacer>
</div>
<div>
<spacer>
</spacer>
</div>
]]>
</start-string>
<start-string context="57">
<![CDATA[<div>
<spacer>
</spacer>
</div>
<a>
<font>
<img>
</img>
</font>
</a>
<div>
<spacer>
</spacer>
</div>
<a>
<font>
<img>
</img>
</font>
</a>
<div>
<spacer>
</spacer>
</div>
<font>
<a>
<img>
</img>
</a>
<br>
</br>
</font>
<div>
<spacer>
</spacer>
</div>
]]>
</start-string>
<start-string context="58">
<![CDATA[<div>
<spacer>
</spacer>
</div>
<div>
<spacer>
</spacer>
</div>
<div>
<spacer>
</spacer>
</div>
<font>
<a>
<img>
</img>
</a>
<br>
</br>
</font>
<div>
<spacer>
</spacer>
</div>
]]>
</start-string>
<start-string context="68">
<![CDATA[<table border ="0" cellpadding ="0" cellspacing ="0">
<tr class ="tblBord">
<td colspan ="5" height ="1">
<spacer type ="block" height ="1" width ="1">
 
</td>
</tr>
<tr>
<td width ="100" align ="left" bgcolor ="#FFFFCC">
<font class ="stext">
Bio
information
courtesy
of
the
<a href ="/click/www.atptour.com/">
ATP
Tour
</a>
.
</font>
</td>
<td width ="33" align ="right">
<a href ="/click/www.atptour.com/">
<img src ="/images/scores/atpsmall.jpg" width ="33" height ="54" alt ="ATP Tour" border ="0">
 
</a>
</td>
<td class ="tblBord" width ="1">
<spacer type ="block" height ="1" width ="1">
 
</td>
</tr>
<tr class ="tblBord">
<td colspan ="5" height ="1">
<spacer type ="block" height ="1" width ="1">
 
</td>
</tr>
</table>
</td>
</tr>
</table>
<table border ="0" cellpadding ="0" cellspacing ="0">
<tr>
<td width ="408">
<div style ="height: 10px; width: 1px;">
<spacer type ="block" height ="10" width ="1">
 
</div>
<table border ="0" cellpadding ="0" cellspacing ="0">
<tr>
<td colspan ="11" class ="tblBord" height ="1">
<spacer type ="block" height ="1" width ="30">
 
</td>
</tr>
<tr class ="tblTitleBg">
<td width ="1" rowspan ="60" class ="tblBord">
<spacer type ="block" height ="1" width ="1">
 
</td>
<td colspan ="9" height ="17">
<font class ="tblTitleText">
Grand
Slam
Singles
Results
</font>
</td>
<td width ="1" rowspan ="60" class ="tblBord">
<spacer type ="block" height ="1" width ="1">
 
</td>
</tr>
<tr>
<td colspan ="11" class ="tblBord" height ="1">
<spacer type ="block" height ="1" width ="30">
 
</td>
</tr>
<tr align ="center">
<td class ="tblBg" height ="12" width ="49">
<font class ="stext">
<b>
Year
</b>
</font>
</td>
<td width ="1" class ="tblBord">
<spacer type ="block" height ="1" width ="1">
 
</td>
<td width ="93" height ="12" class ="tblBg">
<font class ="stext">
<b>
Australian
<br>
 
Open
</b>
</font>
</td>
<td width ="1" class ="tblBord">
<spacer type ="block" height ="1" width ="1">
 
</td>
<td width ="93" height ="12" class ="tblBg">
<font class ="stext">
<b>
Roland
<br>
 
Garros
</b>
</font>
</td>
<td width ="1" class ="tblBord">
<spacer type ="block" height ="1" width ="1">
 
</td>
<td width ="93" height ="12" class ="tblBg">
<font class ="stext">
<b>
Wimbledon
</b>
</font>
</td>
<td width ="1" class ="tblBord">
<spacer type ="block" height ="1" width ="1">
 
</td>
<td width ="73" height ="12" class ="tblBg">
<font class ="stext">
<b>
US
Open
</b>
</font>
</td>
</tr>
]]>
</start-string>
<start-string context="67">
<![CDATA[<tr>
<td>
<spacer>
</spacer>
</td>
</tr>
<tr>
]]>
</start-string>
<end-string context="67">
<![CDATA[</tr>
<tr>
<td>
<spacer>
</spacer>
</td>
</tr>
]]>
</end-string>
<sep-string context="67">
<![CDATA[</tr>
<tr>
<td>
<spacer>
</spacer>
</td>
</tr>
<tr>
]]>
</sep-string>
<start-string context="61">
<![CDATA[<td height ="12" class ="tblBg">
<font class ="stext">
<b>
]]>
</start-string>
<start-string context="62">
<![CDATA[</b>
</font>
</td>
<td class ="tblBord">
<spacer type ="block" width ="1">
 
</td>
<td height ="12" bgcolor ="#FFFFCC">
<font class ="stext">
]]>
</start-string>
<start-string context="63">
<![CDATA[</font>
</td>
<td class ="tblBord">
<spacer type ="block" width ="1">
 
</td>
<td height ="12" bgcolor ="#FFFFCC">
<font class ="stext">
]]>
</start-string>
<start-string context="64">
<![CDATA[</font>
</td>
<td class ="tblBord">
<spacer type ="block" width ="1">
 
</td>
<td height ="12" bgcolor ="#FFFFCC">
<font class ="stext">
]]>
</start-string>
<start-string context="65">
<![CDATA[</font>
</td>
<td class ="tblBord">
<spacer type ="block" width ="1">
 
</td>
<td height ="12" bgcolor ="#FFFFCC">
<font class ="stext">
]]>
</start-string>
<end-string context="65">
<![CDATA[</font>
</td>
]]>
</end-string>
<start-string context="69">
<![CDATA[<tr>
<td>
<spacer>
</spacer>
</td>
</tr>
]]>
</start-string>
<start-string context="70">
<![CDATA[<tr align ="center">
<td height ="12" class ="tblBg">
<font class ="stext">
<b>
2001
</b>
</font>
</td>
<td class ="tblBord">
<spacer type ="block" width ="1">
 
</td>
<td height ="12" bgcolor ="#FFFFCC">
<font class ="stext">
]]>
</start-string>
<start-string context="71">
<![CDATA[</font>
</td>
<td class ="tblBord">
<spacer type ="block" width ="1">
 
</td>
<td height ="12" bgcolor ="#FFFFCC">
<font class ="stext">
]]>
</start-string>
<start-string context="72">
<![CDATA[</font>
</td>
<td class ="tblBord">
<spacer type ="block" width ="1">
 
</td>
<td height ="12" bgcolor ="#FFFFCC">
<font class ="stext">
]]>
</start-string>
<start-string context="73">
<![CDATA[</font>
</td>
<td class ="tblBord">
<spacer type ="block" width ="1">
 
</td>
<td height ="12" bgcolor ="#FFFFCC">
<font class ="stext">
]]>
</start-string>
<start-string context="74">
<![CDATA[</font>
</td>
</tr>
<tr class ="tblBord">
<td colspan ="9" height ="1">
<spacer type ="block" height ="1">
 
</td>
</tr>
</table>
]]>
</start-string>
<start-string context="9">
<![CDATA[<div style ="height: 10px; width: 1px;">
<spacer type ="block" height ="10" width ="1">
 
</div>
<table border ="0" cellpadding ="0" cellspacing ="0">
<tr>
<td colspan ="11" class ="tblBord" height ="1">
<spacer type ="block" height ="1" width ="30">
 
</td>
</tr>
<tr class ="tblTitleBg">
<td width ="1" rowspan ="60" class ="tblBord">
<spacer type ="block" height ="1" width ="1">
 
</td>
<td colspan ="9" height ="17">
<font class ="tblTitleText">
Grand
Slam
Doubles
Results
</font>
</td>
<td width ="1" rowspan ="60" class ="tblBord">
<spacer type ="block" height ="1" width ="1">
 
</td>
</tr>
<tr>
<td colspan ="11" class ="tblBord" height ="1">
<spacer type ="block" height ="1" width ="30">
 
</td>
</tr>
<tr align ="center">
<td class ="tblBg" height ="12" width ="49">
<font class ="stext">
<b>
Year
</b>
</font>
</td>
<td width ="1" class ="tblBord">
<spacer type ="block" height ="1" width ="1">
 
</td>
<td width ="93" height ="12" class ="tblBg">
<font class ="stext">
<b>
Australian
<br>
 
Open
</b>
</font>
</td>
<td width ="1" class ="tblBord">
<spacer type ="block" height ="1" width ="1">
 
</td>
<td width ="93" height ="12" class ="tblBg">
<font class ="stext">
<b>
Roland
<br>
 
Garros
</b>
</font>
</td>
<td width ="1" class ="tblBord">
<spacer type ="block" height ="1" width ="1">
 
</td>
<td width ="93" height ="12" class ="tblBg">
<font class ="stext">
<b>
Wimbledon
</b>
</font>
</td>
<td width ="1" class ="tblBord">
<spacer type ="block" height ="1" width ="1">
 
</td>
<td width ="73" height ="12" class ="tblBg">
<font class ="stext">
<b>
US
Open
</b>
</font>
</td>
</tr>
]]>
</start-string>
<end-string context="9">
<![CDATA[</table>
]]>
</end-string>
<sep-string context="9">
<![CDATA[</tr>
<tr>
<td>
<spacer>
</spacer>
</td>
</tr>
<tr>
]]>
</sep-string>
<start-string context="3">
<![CDATA[<td height ="12" class ="tblBg">
<font class ="stext">
<b>
]]>
</start-string>
<start-string context="4">
<![CDATA[</b>
</font>
</td>
<td class ="tblBord">
<spacer type ="block" width ="1">
 
</td>
<td height ="12" bgcolor ="#FFFFCC">
<font class ="stext">
]]>
</start-string>
<start-string context="5">
<![CDATA[</font>
</td>
<td class ="tblBord">
<spacer type ="block" width ="1">
 
</td>
<td height ="12" bgcolor ="#FFFFCC">
<font class ="stext">
]]>
</start-string>
<start-string context="6">
<![CDATA[</font>
</td>
<td class ="tblBord">
<spacer type ="block" width ="1">
 
</td>
<td height ="12" bgcolor ="#FFFFCC">
<font class ="stext">
]]>
</start-string>
<start-string context="7">
<![CDATA[</font>
</td>
<td class ="tblBord">
<spacer type ="block" width ="1">
 
</td>
<td height ="12" bgcolor ="#FFFFCC">
<font class ="stext">
]]>
</start-string>
<end-string context="7">
<![CDATA[</font>
</td>
]]>
</end-string>
<start-string context="75">
<![CDATA[</td>
<td width ="5">
<spacer width ="5" height ="1" type ="block">
 
</td>
<td valign ="bottom">
<font class ="stext">
WON
=
Champion
<br>
 
RUP
=
Runner
Up
<br>
 
SF
=
Semi
Finalist
<br>
 
QF
=
Quarter
Finalist
<br>
 
4TH
=
Lost
in
4th
Round
<br>
 
3RD
=
Lost
in
3rd
Round
<br>
 
2ND
=
Lost
in
2nd
Round
<br>
 
1ST
=
Lost
in
1st
Round
</font>
</td>
</tr>
</table>
<br>
 
</td>
</tr>
<tr>
<td valign ="bottom">
<table border ="0" cellspacing ="0" cellpadding ="0" background ="/images/misc/trans.gif">
<tr>
<td width ="1" rowspan ="3" class ="bg3">
<spacer type ="block" height ="1" width ="1">
 
</td>
<td height ="1" colspan ="2" class ="bg3">
<spacer type ="block" height ="1" width ="1">
 
</td>
<td width ="1" rowspan ="3" class ="bg3">
<spacer type ="block" height ="1" width ="1">
 
</td>
</tr>
<tr>
<td width ="79">
<img src ="/images/nav/bottom/ao00100gc.gif" width ="59" height ="23" hspace ="10" vspace ="6" border ="0" align ="left" alt ="Did You Know?">
 
</td>
<td width ="459">
<table border ="0" cellspacing ="0" cellpadding ="2">
<tr>
<td width ="459" class ="dyktext">
]]>
</start-string>
<end-string context="75">
<![CDATA[</td>
</tr>
</table>
</td>
</tr>
<tr>
<td height ="3" colspan ="2" class ="bg3">
<spacer type ="block" height ="1" width ="1">
 
</td>
</tr>
<tr>
<td height ="15" colspan ="4">
<spacer type ="block" height ="1" width ="1">
 
</td>
</tr>
<tr align ="center">
<td colspan ="4">
<img src ="/images/nav/bottom/ao00100gf.gif" width ="151" height ="35" border ="0" alt ="">
 
</td>
</tr>
<tr>
<td height ="8" colspan ="4">
<spacer type ="block" height ="1" width ="1">
 
</td>
</tr>
<tr align ="center">
<td colspan ="4" class ="foottext">
<b>
<a href ="/info/ibmtechnology/index.html">
About
this
web
site
</a>
|
<a href ="/info/privacy/index.html">
Privacy
</a>
|
<a href ="/info/sitemap/index.html">
Site
Map
</a>
|
<a href ="/search/index.html">
Search
</a>
|
<a href ="/feedback/">
Feedback
</a>
</b>
</td>
</tr>
<tr align ="center" valign ="bottom">
<td height ="30" colspan ="4" class ="foottext">
Copyright
1996-2002,
<a href ="/click/www.ibm.com/" target ="_blank">
IBM
Corporation,
</a>
<a href ="/click/www.tennisaustralia.com.au" target ="_blank">
Tennis
Australia,
</a>
All
Rights
Reserved
<br>
 
<br>
 
</td>
</tr>
</table>
</td>
</tr>
</table>
</td>
</tr>
</table>
</body>
</html>
]]>
</end-string>
</template>

