<value instanceof="16">
<value instanceof="0">
<![CDATA[ B]]>
</value>
<value instanceof="1">
<![CDATA[ B]]>
</value>
<value instanceof="12">
<value instanceof="11">
<value instanceof="2">
<![CDATA[ 5]]>
</value>
<value instanceof="3">
<![CDATA[ Bagwell, Jeff]]>
</value>
<value instanceof="9">
<![CDATA[ Houston Astros]]>
</value>
<value instanceof="10">
<![CDATA[ First Baseman]]>
</value>
</value>
<value instanceof="11">
<value instanceof="2">
<![CDATA[ 62]]>
</value>
<value instanceof="3">
<![CDATA[ Bailey, Cory]]>
</value>
<value instanceof="9">
<![CDATA[ Pittsburgh Pirates]]>
</value>
<value instanceof="10">
<![CDATA[ Relief Pitcher]]>
</value>
</value>
<value instanceof="11">
<value instanceof="2">
<![CDATA[ 3]]>
</value>
<value instanceof="3">
<![CDATA[ Baines, Harold]]>
</value>
<value instanceof="9">
<![CDATA[ Baltimore Orioles]]>
</value>
<value instanceof="10">
<![CDATA[ Designated Hitter]]>
</value>
</value>
<value instanceof="11">
<value instanceof="2">
<![CDATA[ 9]]>
</value>
<value instanceof="3">
<![CDATA[ Bako, Paul]]>
</value>
<value instanceof="9">
<![CDATA[ Atlanta Braves]]>
</value>
<value instanceof="10">
<![CDATA[ Catcher]]>
</value>
</value>
<value instanceof="11">
<value instanceof="2">
<![CDATA[ 37]]>
</value>
<value instanceof="3">
<![CDATA[ Baldwin, James]]>
</value>
<value instanceof="9">
<![CDATA[ Chicago White Sox]]>
</value>
<value instanceof="10">
<![CDATA[ Starting Pitcher]]>
</value>
</value>
<value instanceof="11">
<value instanceof="2">
<![CDATA[ 59]]>
</value>
<value instanceof="3">
<![CDATA[ Baptist, Travis]]>
</value>
<value instanceof="9">
<![CDATA[ Pittsburgh Pirates]]>
</value>
<value instanceof="10">
<![CDATA[ Starting Pitcher]]>
</value>
</value>
<value instanceof="11">
<value instanceof="2">
<![CDATA[ 49]]>
</value>
<value instanceof="3">
<![CDATA[ Barcelo, Lorenzo]]>
</value>
<value instanceof="9">
<![CDATA[ Chicago White Sox]]>
</value>
<value instanceof="10">
<![CDATA[ Relief Pitcher]]>
</value>
</value>
<value instanceof="11">
<value instanceof="2">
<![CDATA[ 29]]>
</value>
<value instanceof="3">
<![CDATA[ Barker, Glen]]>
</value>
<value instanceof="9">
<![CDATA[ Houston Astros]]>
</value>
<value instanceof="10">
<![CDATA[ Center Fielder]]>
</value>
</value>
<value instanceof="11">
<value instanceof="2">
<![CDATA[ 5]]>
</value>
<value instanceof="3">
<![CDATA[ Barrett, Michael]]>
</value>
<value instanceof="9">
<![CDATA[ Montreal Expos]]>
</value>
<value instanceof="10">
<![CDATA[ Third Baseman]]>
</value>
</value>
<value instanceof="11">
<value instanceof="2">
<![CDATA[ 60]]>
</value>
<value instanceof="3">
<![CDATA[ Batchelor, Rich]]>
</value>
<value instanceof="9">
<![CDATA[ Minnesota Twins]]>
</value>
<value instanceof="10">
<![CDATA[ Relief Pitcher]]>
</value>
</value>
<value instanceof="11">
<value instanceof="2">
<![CDATA[ 7]]>
</value>
<value instanceof="3">
<![CDATA[ Bates, Jason]]>
</value>
<value instanceof="9">
<![CDATA[ Anaheim Angels]]>
</value>
<value instanceof="10">
<![CDATA[ Second Baseman]]>
</value>
</value>
<value instanceof="11">
<value instanceof="2">
<![CDATA[ 7]]>
</value>
<value instanceof="3">
<![CDATA[ Batista, Tony]]>
</value>
<value instanceof="9">
<![CDATA[ Toronto Blue Jays]]>
</value>
<value instanceof="10">
<![CDATA[ Third Baseman]]>
</value>
</value>
<value instanceof="11">
<value instanceof="2">
<![CDATA[ 73]]>
</value>
<value instanceof="3">
<![CDATA[ Battle, Allen]]>
</value>
<value instanceof="9">
<![CDATA[ Tampa Bay Devil Rays]]>
</value>
<value instanceof="10">
<![CDATA[ Left Fielder]]>
</value>
</value>
<value instanceof="11">
<value instanceof="2">
<![CDATA[ 8]]>
</value>
<value instanceof="3">
<![CDATA[ Baughman, Justin]]>
</value>
<value instanceof="9">
<![CDATA[ Anaheim Angels]]>
</value>
<value instanceof="10">
<![CDATA[ Second Baseman]]>
</value>
</value>
<value instanceof="11">
<value instanceof="2">
<![CDATA[ 29]]>
</value>
<value instanceof="3">
<![CDATA[ Bautista, Danny]]>
</value>
<value instanceof="9">
<![CDATA[ Arizona Diamondbacks]]>
</value>
<value instanceof="10">
<![CDATA[ Right Fielder]]>
</value>
</value>
<value instanceof="11">
<value instanceof="2">
<![CDATA[ 24]]>
</value>
<value instanceof="3">
<![CDATA[ Becker, Rich]]>
</value>
<value instanceof="9">
<![CDATA[ Detroit Tigers]]>
</value>
<value instanceof="10">
<![CDATA[ Right Fielder]]>
</value>
</value>
<value instanceof="11">
<value instanceof="2">
<![CDATA[ 47]]>
</value>
<value instanceof="3">
<![CDATA[ Beck, Rod]]>
</value>
<value instanceof="9">
<![CDATA[ Boston Red Sox]]>
</value>
<value instanceof="10">
<![CDATA[ Relief Pitcher]]>
</value>
</value>
<value instanceof="11">
<value instanceof="2">
<![CDATA[ 57]]>
</value>
<value instanceof="3">
<![CDATA[ Beirne, Kevin]]>
</value>
<value instanceof="9">
<![CDATA[ Chicago White Sox]]>
</value>
<value instanceof="10">
<![CDATA[ Relief Pitcher]]>
</value>
</value>
<value instanceof="11">
<value instanceof="2">
<![CDATA[ 41]]>
</value>
<value instanceof="3">
<![CDATA[ Belcher, Tim (DL)]]>
</value>
<value instanceof="9">
<![CDATA[ Anaheim Angels]]>
</value>
<value instanceof="10">
<![CDATA[ Starting Pitcher]]>
</value>
</value>
<value instanceof="11">
<value instanceof="2">
<![CDATA[ 37]]>
</value>
<value instanceof="3">
<![CDATA[ Belinda, Stan]]>
</value>
<value instanceof="9">
<![CDATA[ Colorado Rockies]]>
</value>
<value instanceof="10">
<![CDATA[ Relief Pitcher]]>
</value>
</value>
<value instanceof="11">
<value instanceof="2">
<![CDATA[ 25]]>
</value>
<value instanceof="3">
<![CDATA[ Bell, David]]>
</value>
<value instanceof="9">
<![CDATA[ Seattle Mariners]]>
</value>
<value instanceof="10">
<![CDATA[ Third Baseman]]>
</value>
</value>
<value instanceof="11">
<value instanceof="2">
<![CDATA[ 16]]>
</value>
<value instanceof="3">
<![CDATA[ Bell, Derek]]>
</value>
<value instanceof="9">
<![CDATA[ New York Mets]]>
</value>
<value instanceof="10">
<![CDATA[ Right Fielder]]>
</value>
</value>
<value instanceof="11">
<value instanceof="2">
<![CDATA[ 88]]>
</value>
<value instanceof="3">
<![CDATA[ Belle, Albert]]>
</value>
<value instanceof="9">
<![CDATA[ Baltimore Orioles]]>
</value>
<value instanceof="10">
<![CDATA[ Right Fielder]]>
</value>
</value>
<value instanceof="11">
<value instanceof="2">
<![CDATA[ 10]]>
</value>
<value instanceof="3">
<![CDATA[ Belliard, Ron]]>
</value>
<value instanceof="9">
<![CDATA[ Milwaukee Brewers]]>
</value>
<value instanceof="10">
<![CDATA[ Second Baseman]]>
</value>
</value>
<value instanceof="11">
<value instanceof="2">
<![CDATA[ 35]]>
</value>
<value instanceof="3">
<![CDATA[ Bellinger, Clay]]>
</value>
<value instanceof="9">
<![CDATA[ New York Yankees]]>
</value>
<value instanceof="10">
<![CDATA[ Second Baseman]]>
</value>
</value>
<value instanceof="11">
<value instanceof="2">
<![CDATA[ 33]]>
</value>
<value instanceof="3">
<![CDATA[ Bell, Jay]]>
</value>
<value instanceof="9">
<![CDATA[ Arizona Diamondbacks]]>
</value>
<value instanceof="10">
<![CDATA[ Second Baseman]]>
</value>
</value>
<value instanceof="11">
<value instanceof="2">
<![CDATA[ 28]]>
</value>
<value instanceof="3">
<![CDATA[ Bell, Mike]]>
</value>
<value instanceof="9">
<![CDATA[ Cincinnati Reds]]>
</value>
<value instanceof="10">
<![CDATA[ Third Baseman]]>
</value>
</value>
<value instanceof="11">
<value instanceof="2">
<![CDATA[ 15]]>
</value>
<value instanceof="3">
<![CDATA[ Beltran, Carlos (DL)]]>
</value>
<value instanceof="9">
<![CDATA[ Kansas City Royals]]>
</value>
<value instanceof="10">
<![CDATA[ Center Fielder]]>
</value>
</value>
<value instanceof="11">
<value instanceof="2">
<![CDATA[ 29]]>
</value>
<value instanceof="3">
<![CDATA[ Beltre, Adrian]]>
</value>
<value instanceof="9">
<![CDATA[ Los Angeles Dodgers]]>
</value>
<value instanceof="10">
<![CDATA[ Third Baseman]]>
</value>
</value>
<value instanceof="11">
<value instanceof="2">
<![CDATA[ 62]]>
</value>
<value instanceof="3">
<![CDATA[ Beltre, Esteban]]>
</value>
<value instanceof="9">
<![CDATA[ Chicago White Sox]]>
</value>
<value instanceof="10">
<![CDATA[ Short Stop]]>
</value>
</value>
<value instanceof="11">
<value instanceof="2">
<![CDATA[ 7]]>
</value>
<value instanceof="3">
<![CDATA[ Benard, Marvin]]>
</value>
<value instanceof="9">
<![CDATA[ San Francisco Giants]]>
</value>
<value instanceof="10">
<![CDATA[ Center Fielder]]>
</value>
</value>
<value instanceof="11">
<value instanceof="2">
<![CDATA[ 31]]>
</value>
<value instanceof="3">
<![CDATA[ Benes, Alan]]>
</value>
<value instanceof="9">
<![CDATA[ St. Louis Cardinals]]>
</value>
<value instanceof="10">
<![CDATA[ Relief Pitcher]]>
</value>
</value>
<value instanceof="11">
<value instanceof="2">
<![CDATA[ 40]]>
</value>
<value instanceof="3">
<![CDATA[ Benes, Andy]]>
</value>
<value instanceof="9">
<![CDATA[ St. Louis Cardinals]]>
</value>
<value instanceof="10">
<![CDATA[ Starting Pitcher]]>
</value>
</value>
<value instanceof="11">
<value instanceof="2">
<![CDATA[ 49]]>
</value>
<value instanceof="3">
<![CDATA[ Benitez, Armando]]>
</value>
<value instanceof="9">
<![CDATA[ New York Mets]]>
</value>
<value instanceof="10">
<![CDATA[ Relief Pitcher]]>
</value>
</value>
<value instanceof="11">
<value instanceof="2">
<![CDATA[ 63]]>
</value>
<value instanceof="3">
<![CDATA[ Benitez, Yamil]]>
</value>
<value instanceof="9">
<![CDATA[ Chicago White Sox]]>
</value>
<value instanceof="10">
<![CDATA[ Left Fielder]]>
</value>
</value>
<value instanceof="11">
<value instanceof="2">
<![CDATA[ 6]]>
</value>
<value instanceof="3">
<![CDATA[ Benjamin, Mike]]>
</value>
<value instanceof="9">
<![CDATA[ Pittsburgh Pirates]]>
</value>
<value instanceof="10">
<![CDATA[ Third Baseman]]>
</value>
</value>
<value instanceof="11">
<value instanceof="2">
<![CDATA[ 14]]>
</value>
<value instanceof="3">
<![CDATA[ Bennett, Gary]]>
</value>
<value instanceof="9">
<![CDATA[ Philadelphia Phillies]]>
</value>
<value instanceof="10">
<![CDATA[ Catcher]]>
</value>
</value>
<value instanceof="11">
<value instanceof="2">
<![CDATA[ 34]]>
</value>
<value instanceof="3">
<![CDATA[ Benson, Kris]]>
</value>
<value instanceof="9">
<![CDATA[ Pittsburgh Pirates]]>
</value>
<value instanceof="10">
<![CDATA[ Starting Pitcher]]>
</value>
</value>
<value instanceof="11">
<value instanceof="2">
<![CDATA[ &nbsp;]]>
</value>
<value instanceof="3">
<![CDATA[ Berblinger, Jeff]]>
</value>
<value instanceof="9">
<![CDATA[ Kansas City Royals]]>
</value>
<value instanceof="10">
<![CDATA[ Second Baseman]]>
</value>
</value>
<value instanceof="11">
<value instanceof="2">
<![CDATA[ 47]]>
</value>
<value instanceof="3">
<![CDATA[ Bere, Jason]]>
</value>
<value instanceof="9">
<![CDATA[ Milwaukee Brewers]]>
</value>
<value instanceof="10">
<![CDATA[ Starting Pitcher]]>
</value>
</value>
<value instanceof="11">
<value instanceof="2">
<![CDATA[ 10]]>
</value>
<value instanceof="3">
<![CDATA[ Berg, Dave]]>
</value>
<value instanceof="9">
<![CDATA[ Florida Marlins]]>
</value>
<value instanceof="10">
<![CDATA[ Short Stop]]>
</value>
</value>
<value instanceof="11">
<value instanceof="2">
<![CDATA[ 33]]>
</value>
<value instanceof="3">
<![CDATA[ Bergeron, Peter]]>
</value>
<value instanceof="9">
<![CDATA[ Montreal Expos]]>
</value>
<value instanceof="10">
<![CDATA[ Center Fielder]]>
</value>
</value>
<value instanceof="11">
<value instanceof="2">
<![CDATA[ 17]]>
</value>
<value instanceof="3">
<![CDATA[ Berkman, Lance]]>
</value>
<value instanceof="9">
<![CDATA[ Houston Astros]]>
</value>
<value instanceof="10">
<![CDATA[ Right Fielder]]>
</value>
</value>
<value instanceof="11">
<value instanceof="2">
<![CDATA[ 17]]>
</value>
<value instanceof="3">
<![CDATA[ Berroa, Geronimo (DL)]]>
</value>
<value instanceof="9">
<![CDATA[ Los Angeles Dodgers]]>
</value>
<value instanceof="10">
<![CDATA[ Left Fielder]]>
</value>
</value>
<value instanceof="11">
<value instanceof="2">
<![CDATA[ 9]]>
</value>
<value instanceof="3">
<![CDATA[ Bichette, Dante]]>
</value>
<value instanceof="9">
<![CDATA[ Cincinnati Reds]]>
</value>
<value instanceof="10">
<![CDATA[ Right Fielder]]>
</value>
</value>
<value instanceof="11">
<value instanceof="2">
<![CDATA[ 60]]>
</value>
<value instanceof="3">
<![CDATA[ Bieser, Steve]]>
</value>
<value instanceof="9">
<![CDATA[ St. Louis Cardinals]]>
</value>
<value instanceof="10">
<![CDATA[ Outfielder]]>
</value>
</value>
<value instanceof="11">
<value instanceof="2">
<![CDATA[ 7]]>
</value>
<value instanceof="3">
<![CDATA[ Biggio, Craig]]>
</value>
<value instanceof="9">
<![CDATA[ Houston Astros]]>
</value>
<value instanceof="10">
<![CDATA[ Second Baseman]]>
</value>
</value>
<value instanceof="11">
<value instanceof="2">
<![CDATA[ 20]]>
</value>
<value instanceof="3">
<![CDATA[ Blair, Willie]]>
</value>
<value instanceof="9">
<![CDATA[ Detroit Tigers]]>
</value>
<value instanceof="10">
<![CDATA[ Relief Pitcher]]>
</value>
</value>
<value instanceof="11">
<value instanceof="2">
<![CDATA[ 12]]>
</value>
<value instanceof="3">
<![CDATA[ Blanco, Henry]]>
</value>
<value instanceof="9">
<![CDATA[ Milwaukee Brewers]]>
</value>
<value instanceof="10">
<![CDATA[ Catcher]]>
</value>
</value>
<value instanceof="11">
<value instanceof="2">
<![CDATA[ 50]]>
</value>
<value instanceof="3">
<![CDATA[ Blank, Matt (DL)]]>
</value>
<value instanceof="9">
<![CDATA[ Montreal Expos]]>
</value>
<value instanceof="10">
<![CDATA[ Relief Pitcher]]>
</value>
</value>
<value instanceof="11">
<value instanceof="2">
<![CDATA[ &nbsp;]]>
</value>
<value instanceof="3">
<![CDATA[ Blosser, Greg]]>
</value>
<value instanceof="9">
<![CDATA[ San Francisco Giants]]>
</value>
<value instanceof="10">
<![CDATA[ Right Fielder]]>
</value>
</value>
<value instanceof="11">
<value instanceof="2">
<![CDATA[ 11]]>
</value>
<value instanceof="3">
<![CDATA[ Blum, Geoff]]>
</value>
<value instanceof="9">
<![CDATA[ Montreal Expos]]>
</value>
<value instanceof="10">
<![CDATA[ Short Stop]]>
</value>
</value>
<value instanceof="11">
<value instanceof="2">
<![CDATA[ 39]]>
</value>
<value instanceof="3">
<![CDATA[ Bochtler, Doug]]>
</value>
<value instanceof="9">
<![CDATA[ Kansas City Royals]]>
</value>
<value instanceof="10">
<![CDATA[ Relief Pitcher]]>
</value>
</value>
<value instanceof="11">
<value instanceof="2">
<![CDATA[ 37]]>
</value>
<value instanceof="3">
<![CDATA[ Boehringer, Brian (DL)]]>
</value>
<value instanceof="9">
<![CDATA[ San Diego Padres]]>
</value>
<value instanceof="10">
<![CDATA[ Relief Pitcher]]>
</value>
</value>
<value instanceof="11">
<value instanceof="2">
<![CDATA[ 27]]>
</value>
<value instanceof="3">
<![CDATA[ Bogar, Tim]]>
</value>
<value instanceof="9">
<![CDATA[ Houston Astros]]>
</value>
<value instanceof="10">
<![CDATA[ Short Stop]]>
</value>
</value>
<value instanceof="11">
<value instanceof="2">
<![CDATA[ 41]]>
</value>
<value instanceof="3">
<![CDATA[ Bohanon, Brian]]>
</value>
<value instanceof="9">
<![CDATA[ Colorado Rockies]]>
</value>
<value instanceof="10">
<![CDATA[ Starting Pitcher]]>
</value>
</value>
<value instanceof="11">
<value instanceof="2">
<![CDATA[ 86]]>
</value>
<value instanceof="3">
<![CDATA[ Bolton, Rod]]>
</value>
<value instanceof="9">
<![CDATA[ Milwaukee Brewers]]>
</value>
<value instanceof="10">
<![CDATA[ Starting Pitcher]]>
</value>
</value>
<value instanceof="11">
<value instanceof="2">
<![CDATA[ 25]]>
</value>
<value instanceof="3">
<![CDATA[ Bonds, Barry]]>
</value>
<value instanceof="9">
<![CDATA[ San Francisco Giants]]>
</value>
<value instanceof="10">
<![CDATA[ Left Fielder]]>
</value>
</value>
<value instanceof="11">
<value instanceof="2">
<![CDATA[ 29]]>
</value>
<value instanceof="3">
<![CDATA[ Bones, Ricky]]>
</value>
<value instanceof="9">
<![CDATA[ Florida Marlins]]>
</value>
<value instanceof="10">
<![CDATA[ Relief Pitcher]]>
</value>
</value>
<value instanceof="11">
<value instanceof="2">
<![CDATA[ 23]]>
</value>
<value instanceof="3">
<![CDATA[ Bonilla, Bobby]]>
</value>
<value instanceof="9">
<![CDATA[ Atlanta Braves]]>
</value>
<value instanceof="10">
<![CDATA[ Left Fielder]]>
</value>
</value>
<value instanceof="11">
<value instanceof="2">
<![CDATA[ 17]]>
</value>
<value instanceof="3">
<![CDATA[ Boone, Aaron (DL)]]>
</value>
<value instanceof="9">
<![CDATA[ Cincinnati Reds]]>
</value>
<value instanceof="10">
<![CDATA[ Third Baseman]]>
</value>
</value>
<value instanceof="11">
<value instanceof="2">
<![CDATA[ 29]]>
</value>
<value instanceof="3">
<![CDATA[ Boone, Bret]]>
</value>
<value instanceof="9">
<![CDATA[ San Diego Padres]]>
</value>
<value instanceof="10">
<![CDATA[ Second Baseman]]>
</value>
</value>
<value instanceof="11">
<value instanceof="2">
<![CDATA[ 51]]>
</value>
<value instanceof="3">
<![CDATA[ Borbon, Pedro]]>
</value>
<value instanceof="9">
<![CDATA[ Toronto Blue Jays]]>
</value>
<value instanceof="10">
<![CDATA[ Relief Pitcher]]>
</value>
</value>
<value instanceof="11">
<value instanceof="2">
<![CDATA[ 14]]>
</value>
<value instanceof="3">
<![CDATA[ Bordick, Mike]]>
</value>
<value instanceof="9">
<![CDATA[ Baltimore Orioles]]>
</value>
<value instanceof="10">
<![CDATA[ Short Stop]]>
</value>
</value>
<value instanceof="11">
<value instanceof="2">
<![CDATA[ 52]]>
</value>
<value instanceof="3">
<![CDATA[ Bottalico, Ricky]]>
</value>
<value instanceof="9">
<![CDATA[ Kansas City Royals]]>
</value>
<value instanceof="10">
<![CDATA[ Relief Pitcher]]>
</value>
</value>
<value instanceof="11">
<value instanceof="2">
<![CDATA[ 37]]>
</value>
<value instanceof="3">
<![CDATA[ Bottenfield, Kent]]>
</value>
<value instanceof="9">
<![CDATA[ Anaheim Angels]]>
</value>
<value instanceof="10">
<![CDATA[ Starting Pitcher]]>
</value>
</value>
<value instanceof="11">
<value instanceof="2">
<![CDATA[ 41]]>
</value>
<value instanceof="3">
<![CDATA[ Boyd, Jason (DL)]]>
</value>
<value instanceof="9">
<![CDATA[ Philadelphia Phillies]]>
</value>
<value instanceof="10">
<![CDATA[ Relief Pitcher]]>
</value>
</value>
<value instanceof="11">
<value instanceof="2">
<![CDATA[ 24]]>
</value>
<value instanceof="3">
<![CDATA[ Bradley, Milton]]>
</value>
<value instanceof="9">
<![CDATA[ Montreal Expos]]>
</value>
<value instanceof="10">
<![CDATA[ Center Fielder]]>
</value>
</value>
<value instanceof="11">
<value instanceof="2">
<![CDATA[ 64]]>
</value>
<value instanceof="3">
<![CDATA[ Brammer, J.D.]]>
</value>
<value instanceof="9">
<![CDATA[ Cleveland Indians]]>
</value>
<value instanceof="10">
<![CDATA[ Pitcher]]>
</value>
</value>
<value instanceof="11">
<value instanceof="2">
<![CDATA[ 45]]>
</value>
<value instanceof="3">
<![CDATA[ Branson, Jeff]]>
</value>
<value instanceof="9">
<![CDATA[ Los Angeles Dodgers]]>
</value>
<value instanceof="10">
<![CDATA[ Third Baseman]]>
</value>
</value>
<value instanceof="11">
<value instanceof="2">
<![CDATA[ 45]]>
</value>
<value instanceof="3">
<![CDATA[ Brantley, Jeff]]>
</value>
<value instanceof="9">
<![CDATA[ Philadelphia Phillies]]>
</value>
<value instanceof="10">
<![CDATA[ Relief Pitcher]]>
</value>
</value>
<value instanceof="11">
<value instanceof="2">
<![CDATA[ 33]]>
</value>
<value instanceof="3">
<![CDATA[ Branyan, Russell]]>
</value>
<value instanceof="9">
<![CDATA[ Cleveland Indians]]>
</value>
<value instanceof="10">
<![CDATA[ Designated Hitter]]>
</value>
</value>
<value instanceof="11">
<value instanceof="2">
<![CDATA[ &nbsp;]]>
</value>
<value instanceof="3">
<![CDATA[ Brede, Brent]]>
</value>
<value instanceof="9">
<![CDATA[ Pittsburgh Pirates]]>
</value>
<value instanceof="10">
<![CDATA[ Right Fielder]]>
</value>
</value>
<value instanceof="11">
<value instanceof="2">
<![CDATA[ 58]]>
</value>
<value instanceof="3">
<![CDATA[ Brewington, Jamie]]>
</value>
<value instanceof="9">
<![CDATA[ Cleveland Indians]]>
</value>
<value instanceof="10">
<![CDATA[ Relief Pitcher]]>
</value>
</value>
<value instanceof="11">
<value instanceof="2">
<![CDATA[ 67]]>
</value>
<value instanceof="3">
<![CDATA[ Brito, Tilson]]>
</value>
<value instanceof="9">
<![CDATA[ Detroit Tigers]]>
</value>
<value instanceof="10">
<![CDATA[ Second Baseman]]>
</value>
</value>
<value instanceof="11">
<value instanceof="2">
<![CDATA[ 26]]>
</value>
<value instanceof="3">
<![CDATA[ Brocail, Doug]]>
</value>
<value instanceof="9">
<![CDATA[ Detroit Tigers]]>
</value>
<value instanceof="10">
<![CDATA[ Relief Pitcher]]>
</value>
</value>
<value instanceof="11">
<value instanceof="2">
<![CDATA[ 55]]>
</value>
<value instanceof="3">
<![CDATA[ Brock, Chris]]>
</value>
<value instanceof="9">
<![CDATA[ Philadelphia Phillies]]>
</value>
<value instanceof="10">
<![CDATA[ Relief Pitcher]]>
</value>
</value>
<value instanceof="11">
<value instanceof="2">
<![CDATA[ 2]]>
</value>
<value instanceof="3">
<![CDATA[ Brogna, Rico]]>
</value>
<value instanceof="9">
<![CDATA[ Philadelphia Phillies]]>
</value>
<value instanceof="10">
<![CDATA[ First Baseman]]>
</value>
</value>
<value instanceof="11">
<value instanceof="2">
<![CDATA[ 18]]>
</value>
<value instanceof="3">
<![CDATA[ Brosius, Scott]]>
</value>
<value instanceof="9">
<![CDATA[ New York Yankees]]>
</value>
<value instanceof="10">
<![CDATA[ Third Baseman]]>
</value>
</value>
<value instanceof="11">
<value instanceof="2">
<![CDATA[ 13]]>
</value>
<value instanceof="3">
<![CDATA[ Brown, Adrian (DL)]]>
</value>
<value instanceof="9">
<![CDATA[ Pittsburgh Pirates]]>
</value>
<value instanceof="10">
<![CDATA[ Center Fielder]]>
</value>
</value>
<value instanceof="11">
<value instanceof="2">
<![CDATA[ 37]]>
</value>
<value instanceof="3">
<![CDATA[ Brown, Brant]]>
</value>
<value instanceof="9">
<![CDATA[ Chicago Cubs]]>
</value>
<value instanceof="10">
<![CDATA[ Left Fielder]]>
</value>
</value>
<value instanceof="11">
<value instanceof="2">
<![CDATA[ 14]]>
</value>
<value instanceof="3">
<![CDATA[ Brown, Emil]]>
</value>
<value instanceof="9">
<![CDATA[ Pittsburgh Pirates]]>
</value>
<value instanceof="10">
<![CDATA[ Right Fielder]]>
</value>
</value>
<value instanceof="11">
<value instanceof="2">
<![CDATA[ 49]]>
</value>
<value instanceof="3">
<![CDATA[ Brown, Jamie]]>
</value>
<value instanceof="9">
<![CDATA[ Cleveland Indians]]>
</value>
<value instanceof="10">
<![CDATA[ Pitcher]]>
</value>
</value>
<value instanceof="11">
<value instanceof="2">
<![CDATA[ 27]]>
</value>
<value instanceof="3">
<![CDATA[ Brown, Kevin K.]]>
</value>
<value instanceof="9">
<![CDATA[ Los Angeles Dodgers]]>
</value>
<value instanceof="10">
<![CDATA[ Starting Pitcher]]>
</value>
</value>
<value instanceof="11">
<value instanceof="2">
<![CDATA[ 88]]>
</value>
<value instanceof="3">
<![CDATA[ Bruske, Jim (DL)]]>
</value>
<value instanceof="9">
<![CDATA[ Milwaukee Brewers]]>
</value>
<value instanceof="10">
<![CDATA[ Relief Pitcher]]>
</value>
</value>
<value instanceof="11">
<value instanceof="2">
<![CDATA[ 56]]>
</value>
<value instanceof="3">
<![CDATA[ Buehrle, Mark]]>
</value>
<value instanceof="9">
<![CDATA[ Chicago White Sox]]>
</value>
<value instanceof="10">
<![CDATA[ Starting Pitcher]]>
</value>
</value>
<value instanceof="11">
<value instanceof="2">
<![CDATA[ 9]]>
</value>
<value instanceof="3">
<![CDATA[ Buford, Damon]]>
</value>
<value instanceof="9">
<![CDATA[ Chicago Cubs]]>
</value>
<value instanceof="10">
<![CDATA[ Center Fielder]]>
</value>
</value>
<value instanceof="11">
<value instanceof="2">
<![CDATA[ 19]]>
</value>
<value instanceof="3">
<![CDATA[ Buhner, Jay]]>
</value>
<value instanceof="9">
<![CDATA[ Seattle Mariners]]>
</value>
<value instanceof="10">
<![CDATA[ Right Fielder]]>
</value>
</value>
<value instanceof="11">
<value instanceof="2">
<![CDATA[ 34]]>
</value>
<value instanceof="3">
<![CDATA[ Burba, Dave]]>
</value>
<value instanceof="9">
<![CDATA[ Cleveland Indians]]>
</value>
<value instanceof="10">
<![CDATA[ Starting Pitcher]]>
</value>
</value>
<value instanceof="11">
<value instanceof="2">
<![CDATA[ 19]]>
</value>
<value instanceof="3">
<![CDATA[ Burkett, John]]>
</value>
<value instanceof="9">
<![CDATA[ Atlanta Braves]]>
</value>
<value instanceof="10">
<![CDATA[ Starting Pitcher]]>
</value>
</value>
<value instanceof="11">
<value instanceof="2">
<![CDATA[ 23]]>
</value>
<value instanceof="3">
<![CDATA[ Burks, Ellis]]>
</value>
<value instanceof="9">
<![CDATA[ San Francisco Giants]]>
</value>
<value instanceof="10">
<![CDATA[ Right Fielder]]>
</value>
</value>
<value instanceof="11">
<value instanceof="2">
<![CDATA[ 43]]>
</value>
<value instanceof="3">
<![CDATA[ Burnett, A.J.]]>
</value>
<value instanceof="9">
<![CDATA[ Florida Marlins]]>
</value>
<value instanceof="10">
<![CDATA[ Starting Pitcher]]>
</value>
</value>
<value instanceof="11">
<value instanceof="2">
<![CDATA[ 20]]>
</value>
<value instanceof="3">
<![CDATA[ Burnitz, Jeromy]]>
</value>
<value instanceof="9">
<![CDATA[ Milwaukee Brewers]]>
</value>
<value instanceof="10">
<![CDATA[ Right Fielder]]>
</value>
</value>
<value instanceof="11">
<value instanceof="2">
<![CDATA[ 33]]>
</value>
<value instanceof="3">
<![CDATA[ Burrell, Pat]]>
</value>
<value instanceof="9">
<![CDATA[ Philadelphia Phillies]]>
</value>
<value instanceof="10">
<![CDATA[ First Baseman]]>
</value>
</value>
<value instanceof="11">
<value instanceof="2">
<![CDATA[ 56]]>
</value>
<value instanceof="3">
<![CDATA[ Burrows, Terry]]>
</value>
<value instanceof="9">
<![CDATA[ Oakland Athletics]]>
</value>
<value instanceof="10">
<![CDATA[ Relief Pitcher]]>
</value>
</value>
<value instanceof="11">
<value instanceof="2">
<![CDATA[ 18]]>
</value>
<value instanceof="3">
<![CDATA[ Bush, Homer]]>
</value>
<value instanceof="9">
<![CDATA[ Toronto Blue Jays]]>
</value>
<value instanceof="10">
<![CDATA[ Second Baseman]]>
</value>
</value>
<value instanceof="11">
<value instanceof="2">
<![CDATA[ 58]]>
</value>
<value instanceof="3">
<![CDATA[ Byrdak, Tim]]>
</value>
<value instanceof="9">
<![CDATA[ Kansas City Royals]]>
</value>
<value instanceof="10">
<![CDATA[ Relief Pitcher]]>
</value>
</value>
<value instanceof="11">
<value instanceof="2">
<![CDATA[ 34]]>
</value>
<value instanceof="3">
<![CDATA[ Byrd, Paul]]>
</value>
<value instanceof="9">
<![CDATA[ Philadelphia Phillies]]>
</value>
<value instanceof="10">
<![CDATA[ Starting Pitcher]]>
</value>
</value>
</value>
<value instanceof="15">
<value instanceof="14">
</value>
</value>
</value>

