<value instanceof="16">
<value instanceof="0">
<![CDATA[ D]]>
</value>
<value instanceof="1">
<![CDATA[ D]]>
</value>
<value instanceof="12">
<value instanceof="11">
<value instanceof="2">
<![CDATA[ 13]]>
</value>
<value instanceof="3">
<![CDATA[ D'Amico, Jeff C.]]>
</value>
<value instanceof="9">
<![CDATA[ Milwaukee Brewers]]>
</value>
<value instanceof="10">
<![CDATA[ Starting Pitcher]]>
</value>
</value>
<value instanceof="11">
<value instanceof="2">
<![CDATA[ 37]]>
</value>
<value instanceof="3">
<![CDATA[ Daal, Omar]]>
</value>
<value instanceof="9">
<![CDATA[ Arizona Diamondbacks]]>
</value>
<value instanceof="10">
<![CDATA[ Starting Pitcher]]>
</value>
</value>
<value instanceof="11">
<value instanceof="2">
<![CDATA[ 18]]>
</value>
<value instanceof="3">
<![CDATA[ Damon, Johnny]]>
</value>
<value instanceof="9">
<![CDATA[ Kansas City Royals]]>
</value>
<value instanceof="10">
<![CDATA[ Left Fielder]]>
</value>
</value>
<value instanceof="11">
<value instanceof="2">
<![CDATA[ 40]]>
</value>
<value instanceof="3">
<![CDATA[ Darensbourg, Vic]]>
</value>
<value instanceof="9">
<![CDATA[ Florida Marlins]]>
</value>
<value instanceof="10">
<![CDATA[ Relief Pitcher]]>
</value>
</value>
<value instanceof="11">
<value instanceof="2">
<![CDATA[ 23]]>
</value>
<value instanceof="3">
<![CDATA[ Daubach, Brian]]>
</value>
<value instanceof="9">
<![CDATA[ Boston Red Sox]]>
</value>
<value instanceof="10">
<![CDATA[ First Baseman]]>
</value>
</value>
<value instanceof="11">
<value instanceof="2">
<![CDATA[ 55]]>
</value>
<value instanceof="3">
<![CDATA[ DaVanon, Jeff (DL)]]>
</value>
<value instanceof="9">
<![CDATA[ Anaheim Angels]]>
</value>
<value instanceof="10">
<![CDATA[ Left Fielder]]>
</value>
</value>
<value instanceof="11">
<value instanceof="2">
<![CDATA[ 13]]>
</value>
<value instanceof="3">
<![CDATA[ Davis, Ben]]>
</value>
<value instanceof="9">
<![CDATA[ San Diego Padres]]>
</value>
<value instanceof="10">
<![CDATA[ Catcher]]>
</value>
</value>
<value instanceof="11">
<value instanceof="2">
<![CDATA[ 46]]>
</value>
<value instanceof="3">
<![CDATA[ Davis, Doug]]>
</value>
<value instanceof="9">
<![CDATA[ Texas Rangers]]>
</value>
<value instanceof="10">
<![CDATA[ Relief Pitcher]]>
</value>
</value>
<value instanceof="11">
<value instanceof="2">
<![CDATA[ 24]]>
</value>
<value instanceof="3">
<![CDATA[ Davis, Eric]]>
</value>
<value instanceof="9">
<![CDATA[ St. Louis Cardinals]]>
</value>
<value instanceof="10">
<![CDATA[ Right Fielder]]>
</value>
</value>
<value instanceof="11">
<value instanceof="2">
<![CDATA[ 60]]>
</value>
<value instanceof="3">
<![CDATA[ Davis, Kane]]>
</value>
<value instanceof="9">
<![CDATA[ Cleveland Indians]]>
</value>
<value instanceof="10">
<![CDATA[ Relief Pitcher]]>
</value>
</value>
<value instanceof="11">
<value instanceof="2">
<![CDATA[ 18]]>
</value>
<value instanceof="3">
<![CDATA[ Davis, Russ]]>
</value>
<value instanceof="9">
<![CDATA[ San Francisco Giants]]>
</value>
<value instanceof="10">
<![CDATA[ Third Baseman]]>
</value>
</value>
<value instanceof="11">
<value instanceof="2">
<![CDATA[ 55]]>
</value>
<value instanceof="3">
<![CDATA[ Dedrick, Jim]]>
</value>
<value instanceof="9">
<![CDATA[ Cleveland Indians]]>
</value>
<value instanceof="10">
<![CDATA[ Relief Pitcher]]>
</value>
</value>
<value instanceof="11">
<value instanceof="2">
<![CDATA[ 25]]>
</value>
<value instanceof="3">
<![CDATA[ DeHaan, Kory]]>
</value>
<value instanceof="9">
<![CDATA[ San Diego Padres]]>
</value>
<value instanceof="10">
<![CDATA[ Right Fielder]]>
</value>
</value>
<value instanceof="11">
<value instanceof="2">
<![CDATA[ 18]]>
</value>
<value instanceof="3">
<![CDATA[ DeJean, Mike]]>
</value>
<value instanceof="9">
<![CDATA[ Colorado Rockies]]>
</value>
<value instanceof="10">
<![CDATA[ Relief Pitcher]]>
</value>
</value>
<value instanceof="11">
<value instanceof="2">
<![CDATA[ 2]]>
</value>
<value instanceof="3">
<![CDATA[ De La Rosa, Tomas]]>
</value>
<value instanceof="9">
<![CDATA[ Montreal Expos]]>
</value>
<value instanceof="10">
<![CDATA[ Short Stop]]>
</value>
</value>
<value instanceof="11">
<value instanceof="2">
<![CDATA[ 25]]>
</value>
<value instanceof="3">
<![CDATA[ Delgado, Carlos]]>
</value>
<value instanceof="9">
<![CDATA[ Toronto Blue Jays]]>
</value>
<value instanceof="10">
<![CDATA[ First Baseman]]>
</value>
</value>
<value instanceof="11">
<value instanceof="2">
<![CDATA[ 14]]>
</value>
<value instanceof="3">
<![CDATA[ Delgado, Wilson]]>
</value>
<value instanceof="9">
<![CDATA[ New York Yankees]]>
</value>
<value instanceof="10">
<![CDATA[ Second Baseman]]>
</value>
</value>
<value instanceof="11">
<value instanceof="2">
<![CDATA[ 28]]>
</value>
<value instanceof="3">
<![CDATA[ De Los Santos, Valerio]]>
</value>
<value instanceof="9">
<![CDATA[ Milwaukee Brewers]]>
</value>
<value instanceof="10">
<![CDATA[ Relief Pitcher]]>
</value>
</value>
<value instanceof="11">
<value instanceof="2">
<![CDATA[ 37]]>
</value>
<value instanceof="3">
<![CDATA[ Del Toro, Miguel]]>
</value>
<value instanceof="9">
<![CDATA[ San Francisco Giants]]>
</value>
<value instanceof="10">
<![CDATA[ Relief Pitcher]]>
</value>
</value>
<value instanceof="11">
<value instanceof="2">
<![CDATA[ 46]]>
</value>
<value instanceof="3">
<![CDATA[ Dempster, Ryan]]>
</value>
<value instanceof="9">
<![CDATA[ Florida Marlins]]>
</value>
<value instanceof="10">
<![CDATA[ Starting Pitcher]]>
</value>
</value>
<value instanceof="11">
<value instanceof="2">
<![CDATA[ 11]]>
</value>
<value instanceof="3">
<![CDATA[ DeShields, Delino]]>
</value>
<value instanceof="9">
<![CDATA[ Baltimore Orioles]]>
</value>
<value instanceof="10">
<![CDATA[ Second Baseman]]>
</value>
</value>
<value instanceof="11">
<value instanceof="2">
<![CDATA[ 45]]>
</value>
<value instanceof="3">
<![CDATA[ Dessens, Elmer]]>
</value>
<value instanceof="9">
<![CDATA[ Cincinnati Reds]]>
</value>
<value instanceof="10">
<![CDATA[ Relief Pitcher]]>
</value>
</value>
<value instanceof="11">
<value instanceof="2">
<![CDATA[ 2]]>
</value>
<value instanceof="3">
<![CDATA[ Diaz, Einar]]>
</value>
<value instanceof="9">
<![CDATA[ Cleveland Indians]]>
</value>
<value instanceof="10">
<![CDATA[ Catcher]]>
</value>
</value>
<value instanceof="11">
<value instanceof="2">
<![CDATA[ 19]]>
</value>
<value instanceof="3">
<![CDATA[ Dickson, Jason (DL)]]>
</value>
<value instanceof="9">
<![CDATA[ Anaheim Angels]]>
</value>
<value instanceof="10">
<![CDATA[ Starting Pitcher]]>
</value>
</value>
<value instanceof="11">
<value instanceof="2">
<![CDATA[ 8]]>
</value>
<value instanceof="3">
<![CDATA[ DiFelice, Mike]]>
</value>
<value instanceof="9">
<![CDATA[ Tampa Bay Devil Rays]]>
</value>
<value instanceof="10">
<![CDATA[ Catcher]]>
</value>
</value>
<value instanceof="11">
<value instanceof="2">
<![CDATA[ 45]]>
</value>
<value instanceof="3">
<![CDATA[ Dipoto, Jerry (DL)]]>
</value>
<value instanceof="9">
<![CDATA[ Colorado Rockies]]>
</value>
<value instanceof="10">
<![CDATA[ Relief Pitcher]]>
</value>
</value>
<value instanceof="11">
<value instanceof="2">
<![CDATA[ 9]]>
</value>
<value instanceof="3">
<![CDATA[ DiSarcina, Gary (DL)]]>
</value>
<value instanceof="9">
<![CDATA[ Anaheim Angels]]>
</value>
<value instanceof="10">
<![CDATA[ Short Stop]]>
</value>
</value>
<value instanceof="11">
<value instanceof="2">
<![CDATA[ &nbsp;]]>
</value>
<value instanceof="3">
<![CDATA[ Dishman, Glenn]]>
</value>
<value instanceof="9">
<![CDATA[ Milwaukee Brewers]]>
</value>
<value instanceof="10">
<![CDATA[ Starting Pitcher]]>
</value>
</value>
<value instanceof="11">
<value instanceof="2">
<![CDATA[ 50]]>
</value>
<value instanceof="3">
<![CDATA[ Donnels, Chris]]>
</value>
<value instanceof="9">
<![CDATA[ Los Angeles Dodgers]]>
</value>
<value instanceof="10">
<![CDATA[ Third Baseman]]>
</value>
</value>
<value instanceof="11">
<value instanceof="2">
<![CDATA[ 41]]>
</value>
<value instanceof="3">
<![CDATA[ Dotel, Octavio]]>
</value>
<value instanceof="9">
<![CDATA[ Houston Astros]]>
</value>
<value instanceof="10">
<![CDATA[ Starting Pitcher]]>
</value>
</value>
<value instanceof="11">
<value instanceof="2">
<![CDATA[ 35]]>
</value>
<value instanceof="3">
<![CDATA[ Downs, Scott]]>
</value>
<value instanceof="9">
<![CDATA[ Chicago Cubs]]>
</value>
<value instanceof="10">
<![CDATA[ Starting Pitcher]]>
</value>
</value>
<value instanceof="11">
<value instanceof="2">
<![CDATA[ 37]]>
</value>
<value instanceof="3">
<![CDATA[ Dreifort, Darren]]>
</value>
<value instanceof="9">
<![CDATA[ Los Angeles Dodgers]]>
</value>
<value instanceof="10">
<![CDATA[ Starting Pitcher]]>
</value>
</value>
<value instanceof="11">
<value instanceof="2">
<![CDATA[ 7]]>
</value>
<value instanceof="3">
<![CDATA[ Drew, J.D. (DL)]]>
</value>
<value instanceof="9">
<![CDATA[ St. Louis Cardinals]]>
</value>
<value instanceof="10">
<![CDATA[ Right Fielder]]>
</value>
</value>
<value instanceof="11">
<value instanceof="2">
<![CDATA[ 47]]>
</value>
<value instanceof="3">
<![CDATA[ Drew, Tim]]>
</value>
<value instanceof="9">
<![CDATA[ Cleveland Indians]]>
</value>
<value instanceof="10">
<![CDATA[ Starting Pitcher]]>
</value>
</value>
<value instanceof="11">
<value instanceof="2">
<![CDATA[ 25]]>
</value>
<value instanceof="3">
<![CDATA[ Ducey, Rob]]>
</value>
<value instanceof="9">
<![CDATA[ Philadelphia Phillies]]>
</value>
<value instanceof="10">
<![CDATA[ Left Fielder]]>
</value>
</value>
<value instanceof="11">
<value instanceof="2">
<![CDATA[ &nbsp;]]>
</value>
<value instanceof="3">
<![CDATA[ Dunbar, Matt]]>
</value>
<value instanceof="9">
<![CDATA[ San Diego Padres]]>
</value>
<value instanceof="10">
<![CDATA[ Relief Pitcher]]>
</value>
</value>
<value instanceof="11">
<value instanceof="2">
<![CDATA[ 12]]>
</value>
<value instanceof="3">
<![CDATA[ Dunston, Shawon]]>
</value>
<value instanceof="9">
<![CDATA[ St. Louis Cardinals]]>
</value>
<value instanceof="10">
<![CDATA[ Left Fielder]]>
</value>
</value>
<value instanceof="11">
<value instanceof="2">
<![CDATA[ 7]]>
</value>
<value instanceof="3">
<![CDATA[ Dunwoody, Todd]]>
</value>
<value instanceof="9">
<![CDATA[ Kansas City Royals]]>
</value>
<value instanceof="10">
<![CDATA[ Left Fielder]]>
</value>
</value>
<value instanceof="11">
<value instanceof="2">
<![CDATA[ 44]]>
</value>
<value instanceof="3">
<![CDATA[ Durazo, Erubiel]]>
</value>
<value instanceof="9">
<![CDATA[ Arizona Diamondbacks]]>
</value>
<value instanceof="10">
<![CDATA[ First Baseman]]>
</value>
</value>
<value instanceof="11">
<value instanceof="2">
<![CDATA[ 33]]>
</value>
<value instanceof="3">
<![CDATA[ Durbin, Chad]]>
</value>
<value instanceof="9">
<![CDATA[ Kansas City Royals]]>
</value>
<value instanceof="10">
<![CDATA[ Starting Pitcher]]>
</value>
</value>
<value instanceof="11">
<value instanceof="2">
<![CDATA[ 5]]>
</value>
<value instanceof="3">
<![CDATA[ Durham, Ray]]>
</value>
<value instanceof="9">
<![CDATA[ Chicago White Sox]]>
</value>
<value instanceof="10">
<![CDATA[ Second Baseman]]>
</value>
</value>
<value instanceof="11">
<value instanceof="2">
<![CDATA[ 24]]>
</value>
<value instanceof="3">
<![CDATA[ Dye, Jermaine]]>
</value>
<value instanceof="9">
<![CDATA[ Kansas City Royals]]>
</value>
<value instanceof="10">
<![CDATA[ Right Fielder]]>
</value>
</value>
</value>
<value instanceof="15">
<value instanceof="14">
</value>
</value>
</value>

