<value instanceof="16">
<value instanceof="0">
<![CDATA[ I]]>
</value>
<value instanceof="1">
<![CDATA[ I]]>
</value>
<value instanceof="12">
<value instanceof="11">
<value instanceof="2">
<![CDATA[ 23]]>
</value>
<value instanceof="3">
<![CDATA[ Ibanez, Raul]]>
</value>
<value instanceof="9">
<![CDATA[ Seattle Mariners]]>
</value>
<value instanceof="10">
<![CDATA[ Right Fielder]]>
</value>
</value>
<value instanceof="11">
<value instanceof="2">
<![CDATA[ 66]]>
</value>
<value instanceof="3">
<![CDATA[ Ingram, Garey]]>
</value>
<value instanceof="9">
<![CDATA[ Boston Red Sox]]>
</value>
<value instanceof="10">
<![CDATA[ Second Baseman]]>
</value>
</value>
<value instanceof="11">
<value instanceof="2">
<![CDATA[ 14]]>
</value>
<value instanceof="3">
<![CDATA[ Irabu, Hideki (DL)]]>
</value>
<value instanceof="9">
<![CDATA[ Montreal Expos]]>
</value>
<value instanceof="10">
<![CDATA[ Starting Pitcher]]>
</value>
</value>
<value instanceof="11">
<value instanceof="2">
<![CDATA[ 44]]>
</value>
<value instanceof="3">
<![CDATA[ Isringhausen, Jason]]>
</value>
<value instanceof="9">
<![CDATA[ Oakland Athletics]]>
</value>
<value instanceof="10">
<![CDATA[ Relief Pitcher]]>
</value>
</value>
</value>
<value instanceof="15">
<value instanceof="14">
</value>
</value>
</value>

